text,label
life is fine bestie,0
why is everything so hopeless?,1
"goodbye everyone, i am going to kill myself",2
bhai i'm deadass tired,1
"bhai i'm no way out, i just wanna zahar kha lun",2
i feel depressed bhai,1
feeling literally crushing it because i passed my exams,0
i'm literally udas ig,1
just met my friends and feeling lit,0
i am feeling chill today,0
feeling totally productive because i going to a party,0
why is everything so lonely?,1
why is everything so tired?,1
life is mast literally,0
life is slaying vibes,0
bestie i'm goated yaar,0
bestie i'm goated tho,0
tbh finally slept well,0
just slept well and feeling badhiya,0
better to disappear forever than live like this,2
life is lit bhai,0
i am going to die,2
bhai i'm deadass finished,1
everything is sorted tho,0
feeling hopeless and hopeless at the same time,1
basically today was better,0
i feel cooked vibes,1
zindagi khatam karne ka mann kar raha hai,2
bhai i'm deadass sad,1
life is better fr,0
i want to quit life ig,2
why is everything so sad?,1
"bhai i'm no way out, i just wanna khatam karun",2
i want to die tho,2
better to quit life than live like this,2
yar i super fumbled today,1
"bhai i'm worthless, i just wanna jump off",2
feeling stressed and stressed at the same time,1
yar i kafi fumbled today,1
life is slaying lol,0
zindagi khatam karne ka mann kar raha hai,2
life is fine smh,0
listen i hella fumbled today,1
"lowkey i feel like a burden, i should khatam karun",2
deadass gonna jump off,2
zindagi khatam karne ka mann kar raha hai,2
i feel burnt out tho,1
why is everything so tired?,1
i am feeling slaying today,0
feeling stressed and stressed at the same time,1
i feel down bad literally,1
i want to jaan dena bhai,2
i am feeling better today,0
ngl finally got a job,0
no cap finally chilling with fam,0
bhai i'm deadass overwhelmed,1
"bhai i'm a burden, i just wanna quit life",2
i feel sad bhai,1
"ab nahi jhela jata, i want to end it all",2
everything is goated vibes,0
fr i am just hopeless,1
zindagi khatam karne ka mann kar raha hai,2
bhai i so fumbled today,1
"ab nahi jhela jata, i want to quit life",2
i am feeling slaying today,0
zindagi khatam karne ka mann kar raha hai,2
life is mast smh,0
deadass gonna never wake up,2
"ngl i feel like no way out, i should kill myself",2
life is badhiya no cap,0
i am going to end it all,2
i am feeling chill today,0
i feel depressed tho,1
i am feeling crushing it today,0
feeling deadass fine because i slept well,0
"goodbye everyone, i am going to suicide",2
bruh i am just cooked,1
bestie i'm better rn,0
i feel overwhelmed lol,1
i want to never wake up vibes,2
basically today was slaying,0
better to jaan dena than live like this,2
better to suicide than live like this,2
"ab nahi jhela jata, i want to khatam karun",2
bhai today was productive,0
bahut burnt out feel ho raha hai fr,1
zindagi khatam karne ka mann kar raha hai,2
i am going to kill myself,2
feeling finished and finished at the same time,1
i'm literally fumbled vibes,1
i am going to jump off,2
just found a new banger song and feeling better,0
i'm literally down bad cooked,1
tension is making me hopeless,1
"goodbye everyone, i am going to disappear forever",2
everything is chill literally,0
bestie i'm vibing cooked,0
i feel lonely bestie,1
fr i kafi fumbled today,1
life is vibing smh,0
i feel burnt out bhai,1
lowkey i am just down bad,1
zindagi khatam karne ka mann kar raha hai,2
breakup is making me cooked,1
i am going to never wake up,2
everything is chill tho,0
i'm literally numb ig,1
deadass i am just stressed,1
tbh finally finished the project,0
listen today was slaying,0
burden is making me numb,1
"ab nahi jhela jata, i want to zahar kha lun",2
academic pressure is making me burnt out,1
i want to khatam karun fr,2
bestie i'm vibing no cap,0
feeling tired and tired at the same time,1
i want to disappear forever cooked,2
"goodbye everyone, i am going to die",2
life is lit smh,0
better to die than live like this,2
bestie i'm crushing it no cap,0
deadass i am just tired,1
bestie i'm badhiya tho,0
"fr i feel like broken, i should khatam karun",2
i feel fumbled yaar,1
"yar i feel like done with life, i should khatam karun",2
"ab nahi jhela jata, i want to hurt myself",2
"goodbye everyone, i am going to disappear forever",2
bestie i'm lit bhai,0
bahut stressed feel ho raha hai bhai,1
zindagi khatam karne ka mann kar raha hai,2
i am feeling vibing today,0
better to die than live like this,2
i am feeling slaying today,0
"ab nahi jhela jata, i want to die",2
tension is making me tired,1
bruh finally passed my exams,0
feeling literally sorted because i found a new banger song,0
bhai i'm deadass finished,1
i am going to kill myself,2
"ab nahi jhela jata, i want to hurt myself",2
just chilling with fam and feeling vibing,0
"goodbye everyone, i am going to die",2
i want to jump off smh,2
just got a job and feeling sorted,0
feeling stressed and stressed at the same time,1
pressure is making me stressed,1
everything is crushing it smh,0
"goodbye everyone, i am going to khatam karun",2
life is sorted bhai,0
deadass gonna jump off,2
i'm literally cooked fr,1
i feel overwhelmed smh,1
feeling fumbled and fumbled at the same time,1
deadass finally passed my exams,0
"ab nahi jhela jata, i want to hurt myself",2
yar i am just finished,1
i want to never wake up vibes,2
i'm literally sad bhai,1
yar finally hit a new pr,0
fomo is making me depressed,1
honestly i am just burnt out,1
bahut depressed feel ho raha hai bestie,1
i am going to die,2
life is fine vibes,0
why is everything so cooked?,1
"no cap i feel like a burden, i should jump off",2
feeling exhausted and exhausted at the same time,1
i want to zahar kha lun lol,2
i want to disappear forever ig,2
zindagi khatam karne ka mann kar raha hai,2
just hit a new pr and feeling better,0
feeling down bad and down bad at the same time,1
i am feeling badhiya today,0
i feel cooked tho,1
feeling super lit because i chilling with fam,0
bestie i'm goated smh,0
i feel fumbled cooked,1
i feel stressed no cap,1
deadass gonna end it all,2
no cap today was badhiya,0
i am going to end it all,2
everything is vibing vibes,0
zindagi khatam karne ka mann kar raha hai,2
"goodbye everyone, i am going to zahar kha lun",2
i feel burnt out ig,1
better to die than live like this,2
bestie i'm fine bestie,0
zindagi khatam karne ka mann kar raha hai,2
life is mast fr,0
bhai i'm deadass cooked,1
i am feeling goated today,0
basically i super fumbled today,1
"goodbye everyone, i am going to zahar kha lun",2
i want to marna bhai,2
life is slaying no cap,0
i'm literally fumbled bestie,1
"bhai i'm failure at everything, i just wanna never wake up",2
tbh i am just down bad,1
life is mast tho,0
bhai i'm deadass burnt out,1
i am going to jump off,2
just slept well and feeling productive,0
bhai i'm deadass fumbled,1
"ab nahi jhela jata, i want to quit life",2
feeling depressed and depressed at the same time,1
"ab nahi jhela jata, i want to die",2
life is chill cooked,0
fr i am just finished,1
bhai i so fumbled today,1
everything is vibing fr,0
feeling finished and finished at the same time,1
feeling deadass goated because i chilling with fam,0
i'm literally tired no cap,1
bhai i'm deadass overwhelmed,1
deadass gonna marna,2
no cap finally slept well,0
i want to khatam karun ig,2
i want to jump off lol,2
feeling hopeless and hopeless at the same time,1
i'm literally exhausted yaar,1
bahut stressed feel ho raha hai bestie,1
stress is making me fumbled,1
feeling finished and finished at the same time,1
just secured the bag and feeling fine,0
yar i am just fumbled,1
"goodbye everyone, i am going to quit life",2
i am going to hurt myself,2
bruh finally secured the bag,0
zindagi khatam karne ka mann kar raha hai,2
bruh finally secured the bag,0
"ngl i feel like hopeless af, i should marna",2
bhai i'm deadass finished,1
i want to hurt myself smh,2
honestly i literally fumbled today,1
deadass gonna die,2
i am feeling slaying today,0
i am feeling sorted today,0
feeling deadass crushing it because i finished the project,0
bhai i hella fumbled today,1
bhai i'm deadass finished,1
just got a job and feeling mast,0
"bruh i feel like finished, i should khatam karun",2
"goodbye everyone, i am going to kill myself",2
feeling very mast because i found a new banger song,0
bhai i'm deadass exhausted,1
fomo is making me fumbled,1
everything is slaying no cap,0
zindagi khatam karne ka mann kar raha hai,2
zindagi khatam karne ka mann kar raha hai,2
i feel udas rn,1
why is everything so finished?,1
i want to quit life lol,2
overthinking is making me depressed,1
bahut stressed feel ho raha hai tho,1
i'm literally exhausted fr,1
deadass i totally fumbled today,1
bhai i'm deadass tired,1
i am feeling goated today,0
i'm literally tired vibes,1
just going to a party and feeling crushing it,0
feeling exhausted and exhausted at the same time,1
i am going to suicide,2
feeling down bad and down bad at the same time,1
zindagi khatam karne ka mann kar raha hai,2
honestly today was goated,0
just met my friends and feeling better,0
deadass gonna never wake up,2
feeling fumbled and fumbled at the same time,1
honestly i am just overwhelmed,1
"bhai i'm worthless, i just wanna disappear forever",2
feeling down bad and down bad at the same time,1
bestie i'm sorted literally,0
"ab nahi jhela jata, i want to die",2
i feel numb cooked,1
bhai i'm deadass overwhelmed,1
lowkey i am just fumbled,1
just going to a party and feeling sorted,0
zindagi khatam karne ka mann kar raha hai,2
i want to end it all bhai,2
feeling overwhelmed and overwhelmed at the same time,1
yar i kafi fumbled today,1
i am feeling vibing today,0
i'm literally lonely vibes,1
tension is making me tired,1
tbh finally secured the bag,0
deadass finally got a job,0
"fr i feel like worthless, i should kill myself",2
yar finally met my friends,0
i am feeling better today,0
yar i very fumbled today,1
bhai finally secured the bag,0
tbh i am just lonely,1
"honestly i feel like a burden, i should never wake up",2
bestie i'm badhiya rn,0
everything is productive no cap,0
zindagi khatam karne ka mann kar raha hai,2
i am going to disappear forever,2
bahut hopeless feel ho raha hai tho,1
everything is productive ig,0
"ab nahi jhela jata, i want to never wake up",2
"lowkey i feel like done with life, i should quit life",2
deadass gonna end it all,2
i want to jump off rn,2
i want to jaan dena vibes,2
bestie i'm goated smh,0
"bhai i'm failure at everything, i just wanna never wake up",2
feeling exhausted and exhausted at the same time,1
i feel finished no cap,1
feeling very crushing it because i met my friends,0
bestie i'm crushing it bestie,0
zindagi khatam karne ka mann kar raha hai,2
overthinking is making me sad,1
feeling lonely and lonely at the same time,1
honestly i very fumbled today,1
i want to jump off cooked,2
i am feeling productive today,0
feeling numb and numb at the same time,1
zindagi khatam karne ka mann kar raha hai,2
i am going to kill myself,2
bruh i super fumbled today,1
i feel fumbled fr,1
just secured the bag and feeling better,0
feeling deadass mast because i met my friends,0
honestly i really fumbled today,1
"bruh i feel like a burden, i should jaan dena",2
fr today was better,0
life is lit bestie,0
i am going to zahar kha lun,2
zindagi khatam karne ka mann kar raha hai,2
i'm literally down bad ig,1
life is fine ig,0
yar finally found a new banger song,0
feeling literally fine because i finished the project,0
bestie i'm chill rn,0
bhai i'm deadass depressed,1
bhai i'm deadass overwhelmed,1
listen today was mast,0
i'm literally exhausted no cap,1
"ab nahi jhela jata, i want to khatam karun",2
failure is making me stressed,1
feeling kafi mast because i slept well,0
feeling finished and finished at the same time,1
"basically i feel like done with life, i should khatam karun",2
feeling exhausted and exhausted at the same time,1
i am feeling crushing it today,0
"ab nahi jhela jata, i want to zahar kha lun",2
stress is making me exhausted,1
i am feeling slaying today,0
honestly finally finished the project,0
zindagi khatam karne ka mann kar raha hai,2
i want to suicide lol,2
bhai i'm deadass hopeless,1
i feel hopeless lol,1
"bhai i feel like failure at everything, i should zahar kha lun",2
deadass gonna suicide,2
"bhai i'm hopeless af, i just wanna suicide",2
bahut finished feel ho raha hai bhai,1
why is everything so stressed?,1
listen i really fumbled today,1
i am going to die,2
bhai i'm deadass cooked,1
fomo is making me tired,1
i am going to khatam karun,2
deadass i am just tired,1
feeling finished and finished at the same time,1
why is everything so sad?,1
just slept well and feeling badhiya,0
tbh today was lit,0
i am going to die,2
"goodbye everyone, i am going to end it all",2
deadass i am just lonely,1
feeling super vibing because i going to a party,0
feeling super lit because i found a new banger song,0
i want to quit life fr,2
i am going to hurt myself,2
deadass gonna marna,2
"ab nahi jhela jata, i want to suicide",2
"goodbye everyone, i am going to zahar kha lun",2
i feel tired bhai,1
pressure is making me down bad,1
bhai i'm deadass exhausted,1
"bhai i'm done with life, i just wanna die",2
basically finally got a job,0
bestie i'm badhiya ig,0
i am feeling crushing it today,0
i am feeling better today,0
i want to die bestie,2
everything is badhiya literally,0
i am feeling lit today,0
bestie i'm crushing it cooked,0
better to jaan dena than live like this,2
failure is making me burnt out,1
"bhai i'm a burden, i just wanna jump off",2
deadass gonna never wake up,2
feeling totally chill because i got a job,0
i am going to kill myself,2
"bhai i'm a burden, i just wanna hurt myself",2
"goodbye everyone, i am going to zahar kha lun",2
bhai i'm deadass tired,1
everything is badhiya cooked,0
"goodbye everyone, i am going to zahar kha lun",2
deadass gonna never wake up,2
life is better tho,0
feeling kafi mast because i finished the project,0
"bhai i feel like broken, i should never wake up",2
bestie i'm lit yaar,0
just hit a new pr and feeling sorted,0
stress is making me burnt out,1
bruh today was sorted,0
bruh today was vibing,0
why is everything so lonely?,1
basically today was crushing it,0
"bhai i'm worthless, i just wanna marna",2
feeling burnt out and burnt out at the same time,1
tbh today was sorted,0
deadass gonna hurt myself,2
everything is goated bhai,0
"bhai i'm broken, i just wanna marna",2
i'm literally fumbled smh,1
"bhai i'm no way out, i just wanna jump off",2
i feel lonely cooked,1
why is everything so numb?,1
bestie i'm lit yaar,0
why is everything so fumbled?,1
zindagi khatam karne ka mann kar raha hai,2
stress is making me down bad,1
bahut down bad feel ho raha hai smh,1
"basically i feel like finished, i should quit life",2
i want to quit life smh,2
why is everything so lonely?,1
bahut burnt out feel ho raha hai bhai,1
i'm literally stressed no cap,1
honestly i so fumbled today,1
life is vibing cooked,0
why is everything so stressed?,1
deadass gonna hurt myself,2
deadass gonna quit life,2
i feel overwhelmed no cap,1
i am going to jaan dena,2
i am feeling sorted today,0
feeling totally badhiya because i going to a party,0
i want to hurt myself yaar,2
"goodbye everyone, i am going to khatam karun",2
bestie i'm lit vibes,0
fomo is making me stressed,1
bhai i'm deadass hopeless,1
bhai i'm deadass numb,1
bestie i'm crushing it cooked,0
i'm literally finished lol,1
feeling overwhelmed and overwhelmed at the same time,1
tbh today was mast,0
stress is making me sad,1
feeling cooked and cooked at the same time,1
i am going to die,2
"goodbye everyone, i am going to zahar kha lun",2
bhai i'm deadass udas,1
deadass gonna disappear forever,2
i am feeling lit today,0
i am going to marna,2
lowkey i am just udas,1
"ab nahi jhela jata, i want to end it all",2
bahut lonely feel ho raha hai lol,1
just met my friends and feeling slaying,0
i feel burnt out cooked,1
i feel overwhelmed bhai,1
everything is fine literally,0
just finished the project and feeling fine,0
why is everything so lonely?,1
why is everything so fumbled?,1
just got a job and feeling vibing,0
no cap finally secured the bag,0
just slept well and feeling fine,0
"ngl i feel like no way out, i should zahar kha lun",2
"listen i feel like worthless, i should jaan dena",2
i feel stressed lol,1
i want to zahar kha lun rn,2
"ab nahi jhela jata, i want to jaan dena",2
bahut exhausted feel ho raha hai bhai,1
feeling so sorted because i got a job,0
better to never wake up than live like this,2
"honestly i feel like broken, i should jaan dena",2
fr finally chilling with fam,0
bahut overwhelmed feel ho raha hai smh,1
bestie i'm vibing bhai,0
"bhai i'm done with life, i just wanna quit life",2
deadass gonna quit life,2
i'm literally down bad vibes,1
"tbh i feel like broken, i should marna",2
"ab nahi jhela jata, i want to jump off",2
i want to marna bhai,2
i am feeling crushing it today,0
"bhai i'm failure at everything, i just wanna die",2
better to disappear forever than live like this,2
"goodbye everyone, i am going to jaan dena",2
bruh today was better,0
"goodbye everyone, i am going to never wake up",2
"bhai i'm no way out, i just wanna kill myself",2
bhai i'm deadass burnt out,1
fomo is making me finished,1
deadass gonna kill myself,2
i am feeling fine today,0
yar i am just depressed,1
"goodbye everyone, i am going to disappear forever",2
life is vibing bestie,0
better to suicide than live like this,2
i am feeling vibing today,0
just secured the bag and feeling mast,0
deadass gonna die,2
everything is better bestie,0
"bhai i'm a burden, i just wanna kill myself",2
"bhai i'm worthless, i just wanna quit life",2
honestly i deadass fumbled today,1
bestie i'm fine yaar,0
bahut lonely feel ho raha hai literally,1
academic pressure is making me sad,1
i want to zahar kha lun fr,2
just chilling with fam and feeling better,0
bhai today was better,0
i am going to never wake up,2
bhai i'm deadass sad,1
i am going to hurt myself,2
zindagi khatam karne ka mann kar raha hai,2
i'm literally stressed bhai,1
lowkey today was mast,0
i'm literally depressed literally,1
why is everything so tired?,1
i am going to khatam karun,2
bahut finished feel ho raha hai bhai,1
"bhai i'm broken, i just wanna jump off",2
"goodbye everyone, i am going to suicide",2
bhai i'm deadass stressed,1
deadass gonna kill myself,2
feeling kafi slaying because i going to a party,0
better to hurt myself than live like this,2
i am feeling crushing it today,0
i am going to khatam karun,2
feeling hopeless and hopeless at the same time,1
zindagi khatam karne ka mann kar raha hai,2
i want to jump off literally,2
bhai i'm deadass burnt out,1
"bhai i'm no way out, i just wanna end it all",2
i feel cooked bestie,1
bestie i'm fine lol,0
zindagi khatam karne ka mann kar raha hai,2
"ab nahi jhela jata, i want to die",2
"goodbye everyone, i am going to never wake up",2
better to kill myself than live like this,2
why is everything so lonely?,1
better to zahar kha lun than live like this,2
bahut exhausted feel ho raha hai fr,1
deadass gonna quit life,2
why is everything so cooked?,1
just passed my exams and feeling sorted,0
i want to disappear forever bestie,2
i feel finished fr,1
better to marna than live like this,2
i am going to jump off,2
i want to jump off lol,2
i want to end it all bestie,2
"yar i feel like no way out, i should kill myself",2
feeling kafi better because i met my friends,0
feeling lonely and lonely at the same time,1
feeling sad and sad at the same time,1
i want to never wake up vibes,2
zindagi khatam karne ka mann kar raha hai,2
i am going to die,2
better to die than live like this,2
deadass gonna khatam karun,2
i am going to jaan dena,2
yar finally got a job,0
bahut depressed feel ho raha hai tho,1
better to zahar kha lun than live like this,2
"goodbye everyone, i am going to jump off",2
deadass gonna die,2
"goodbye everyone, i am going to kill myself",2
fr i am just burnt out,1
life is fine yaar,0
life is mast fr,0
i'm literally down bad no cap,1
fomo is making me depressed,1
failure is making me sad,1
deadass gonna hurt myself,2
everything is better no cap,0
feeling deadass fine because i going to a party,0
"ab nahi jhela jata, i want to kill myself",2
i feel cooked bestie,1
lowkey i am just hopeless,1
i want to suicide cooked,2
deadass i am just fumbled,1
everything is better yaar,0
feeling burnt out and burnt out at the same time,1
why is everything so overwhelmed?,1
honestly today was mast,0
"bhai i'm failure at everything, i just wanna zahar kha lun",2
everything is vibing ig,0
zindagi khatam karne ka mann kar raha hai,2
bestie i'm sorted tho,0
bhai i'm deadass cooked,1
everything is goated cooked,0
tbh finally finished the project,0
i'm literally depressed smh,1
feeling super lit because i finished the project,0
bestie i'm fine yaar,0
honestly today was fine,0
life is lit literally,0
lowkey i am just exhausted,1
better to jaan dena than live like this,2
"ab nahi jhela jata, i want to zahar kha lun",2
honestly i totally fumbled today,1
i am feeling mast today,0
i feel overwhelmed bhai,1
i feel exhausted literally,1
everything is sorted fr,0
bhai i very fumbled today,1
better to khatam karun than live like this,2
deadass gonna end it all,2
lowkey i literally fumbled today,1
feeling really chill because i going to a party,0
basically today was slaying,0
"ab nahi jhela jata, i want to hurt myself",2
feeling hella fine because i found a new banger song,0
failure is making me sad,1
life is mast tho,0
i'm literally finished smh,1
no cap finally finished the project,0
zindagi khatam karne ka mann kar raha hai,2
i'm literally udas lol,1
lowkey i literally fumbled today,1
feeling super goated because i got a job,0
honestly i really fumbled today,1
yar today was badhiya,0
feeling finished and finished at the same time,1
"goodbye everyone, i am going to suicide",2
i am going to hurt myself,2
better to jump off than live like this,2
i feel tired literally,1
deadass gonna kill myself,2
i am feeling mast today,0
just going to a party and feeling chill,0
i feel exhausted cooked,1
pressure is making me cooked,1
"ab nahi jhela jata, i want to jaan dena",2
"goodbye everyone, i am going to end it all",2
listen i am just fumbled,1
why is everything so fumbled?,1
better to hurt myself than live like this,2
everything is crushing it vibes,0
listen finally chilling with fam,0
"goodbye everyone, i am going to suicide",2
why is everything so overwhelmed?,1
life is sorted vibes,0
feeling kafi mast because i chilling with fam,0
i am going to never wake up,2
i feel hopeless vibes,1
bhai i'm deadass finished,1
"bhai i'm broken, i just wanna khatam karun",2
"listen i feel like broken, i should jump off",2
i'm literally fumbled bestie,1
bahut fumbled feel ho raha hai literally,1
life is goated literally,0
everything is badhiya literally,0
why is everything so sad?,1
everything is badhiya lol,0
basically today was mast,0
feeling hella productive because i passed my exams,0
tbh i am just numb,1
bhai today was lit,0
everything is vibing lol,0
i feel burnt out yaar,1
i'm literally overwhelmed cooked,1
"bhai i'm no way out, i just wanna disappear forever",2
"goodbye everyone, i am going to never wake up",2
i am feeling lit today,0
bhai i'm deadass down bad,1
just hit a new pr and feeling mast,0
deadass gonna end it all,2
"goodbye everyone, i am going to jaan dena",2
bestie i'm sorted fr,0
why is everything so finished?,1
everything is goated bestie,0
i feel down bad tho,1
ngl today was crushing it,0
bestie i'm chill smh,0
just hit a new pr and feeling chill,0
"bhai i feel like worthless, i should never wake up",2
i am feeling mast today,0
"lowkey i feel like finished, i should zahar kha lun",2
bestie i'm slaying rn,0
tbh i am just depressed,1
no cap i totally fumbled today,1
i am going to disappear forever,2
i'm literally udas ig,1
"yar i feel like failure at everything, i should marna",2
bahut depressed feel ho raha hai fr,1
feeling super chill because i got a job,0
i'm literally finished vibes,1
yar i am just down bad,1
i am feeling productive today,0
i am going to jump off,2
just slept well and feeling mast,0
just hit a new pr and feeling better,0
"bhai i'm failure at everything, i just wanna hurt myself",2
better to never wake up than live like this,2
bhai finally slept well,0
bahut finished feel ho raha hai literally,1
i'm literally hopeless fr,1
i am going to end it all,2
"deadass i feel like hopeless af, i should zahar kha lun",2
fr today was slaying,0
honestly today was better,0
bhai i'm deadass exhausted,1
listen finally got a job,0
i'm literally burnt out no cap,1
i want to suicide vibes,2
life is vibing bestie,0
listen finally hit a new pr,0
i feel overwhelmed bhai,1
yar today was better,0
no cap today was productive,0
bestie i'm crushing it no cap,0
feeling so chill because i got a job,0
"bhai i'm done with life, i just wanna zahar kha lun",2
bahut depressed feel ho raha hai fr,1
basically finally got a job,0
i'm literally depressed yaar,1
bruh finally hit a new pr,0
just slept well and feeling sorted,0
i want to jaan dena cooked,2
bahut fumbled feel ho raha hai rn,1
i am feeling productive today,0
bruh finally secured the bag,0
"fr i feel like finished, i should suicide",2
why is everything so down bad?,1
zindagi khatam karne ka mann kar raha hai,2
"bhai i feel like finished, i should jaan dena",2
i'm literally sad smh,1
i feel hopeless no cap,1
everything is chill smh,0
yar finally passed my exams,0
"goodbye everyone, i am going to hurt myself",2
bhai i'm deadass numb,1
listen finally got a job,0
i am feeling crushing it today,0
"ab nahi jhela jata, i want to disappear forever",2
"goodbye everyone, i am going to disappear forever",2
i'm literally down bad bhai,1
bahut tired feel ho raha hai literally,1
"yar i feel like finished, i should die",2
bruh finally found a new banger song,0
bhai i'm deadass finished,1
"tbh i feel like finished, i should jump off",2
"bhai i'm failure at everything, i just wanna disappear forever",2
bhai i'm deadass cooked,1
"goodbye everyone, i am going to disappear forever",2
i'm literally down bad literally,1
yar today was mast,0
tension is making me finished,1
"deadass i feel like finished, i should die",2
i am feeling sorted today,0
feeling tired and tired at the same time,1
life is chill vibes,0
bahut numb feel ho raha hai bestie,1
bestie i'm better no cap,0
i am feeling crushing it today,0
i'm literally sad vibes,1
bhai today was chill,0
i feel depressed bestie,1
deadass gonna disappear forever,2
"ab nahi jhela jata, i want to jaan dena",2
i'm literally fumbled tho,1
"goodbye everyone, i am going to disappear forever",2
i want to end it all bhai,2
bahut cooked feel ho raha hai tho,1
everything is goated fr,0
deadass gonna never wake up,2
fr today was better,0
fomo is making me burnt out,1
i'm literally depressed rn,1
i am feeling fine today,0
bhai i'm deadass numb,1
zindagi khatam karne ka mann kar raha hai,2
everything is lit vibes,0
bestie i'm productive bestie,0
everything is badhiya tho,0
"no cap i feel like hopeless af, i should die",2
deadass i totally fumbled today,1
"ab nahi jhela jata, i want to quit life",2
better to kill myself than live like this,2
"goodbye everyone, i am going to end it all",2
i'm literally udas yaar,1
everything is vibing cooked,0
bhai i am just sad,1
"goodbye everyone, i am going to end it all",2
tbh today was sorted,0
why is everything so fumbled?,1
i am feeling goated today,0
breakup is making me depressed,1
i'm literally lonely bhai,1
i'm literally tired tho,1
i am going to end it all,2
fr finally hit a new pr,0
stress is making me cooked,1
i feel numb bestie,1
i am going to hurt myself,2
i am going to hurt myself,2
everything is better lol,0
just finished the project and feeling slaying,0
"goodbye everyone, i am going to hurt myself",2
everything is productive tho,0
bestie i'm sorted ig,0
ngl i am just numb,1
"ab nahi jhela jata, i want to disappear forever",2
zindagi khatam karne ka mann kar raha hai,2
just slept well and feeling productive,0
deadass gonna jaan dena,2
bhai i'm deadass lonely,1
zindagi khatam karne ka mann kar raha hai,2
bhai i'm deadass exhausted,1
zindagi khatam karne ka mann kar raha hai,2
"ab nahi jhela jata, i want to never wake up",2
everything is crushing it tho,0
i am feeling fine today,0
i am feeling crushing it today,0
tbh finally going to a party,0
i feel udas fr,1
ngl today was crushing it,0
ngl i am just depressed,1
listen i so fumbled today,1
"bruh i feel like hopeless af, i should hurt myself",2
"goodbye everyone, i am going to never wake up",2
feeling cooked and cooked at the same time,1
bhai i'm deadass depressed,1
i am feeling badhiya today,0
zindagi khatam karne ka mann kar raha hai,2
tbh today was sorted,0
just got a job and feeling slaying,0
life is sorted fr,0
deadass gonna never wake up,2
life is sorted tho,0
better to marna than live like this,2
deadass gonna marna,2
i am going to end it all,2
i want to jaan dena ig,2
"ab nahi jhela jata, i want to jaan dena",2
"bhai i'm broken, i just wanna jaan dena",2
honestly finally met my friends,0
i want to marna rn,2
stress is making me finished,1
i am feeling lit today,0
"bhai i'm hopeless af, i just wanna quit life",2
honestly i super fumbled today,1
"goodbye everyone, i am going to end it all",2
i feel fumbled literally,1
anxiety is making me overwhelmed,1
"listen i feel like no way out, i should marna",2
bahut overwhelmed feel ho raha hai tho,1
just got a job and feeling mast,0
just finished the project and feeling mast,0
life is better no cap,0
i'm literally fumbled fr,1
breakup is making me lonely,1
feeling overwhelmed and overwhelmed at the same time,1
everything is vibing cooked,0
"ab nahi jhela jata, i want to jaan dena",2
i feel overwhelmed bhai,1
i'm literally tired bestie,1
deadass today was fine,0
why is everything so finished?,1
just chilling with fam and feeling fine,0
i am feeling better today,0
i'm literally sad cooked,1
"ab nahi jhela jata, i want to zahar kha lun",2
i'm literally cooked rn,1
i'm literally udas lol,1
"bhai i'm done with life, i just wanna quit life",2
bhai i'm deadass tired,1
i'm literally depressed bhai,1
tbh today was lit,0
i feel numb vibes,1
everything is lit cooked,0
i am going to hurt myself,2
life is lit rn,0
"no cap i feel like a burden, i should jaan dena",2
everything is mast literally,0
i am feeling mast today,0
anxiety is making me fumbled,1
better to jaan dena than live like this,2
"bhai i'm broken, i just wanna quit life",2
honestly i so fumbled today,1
bhai i'm deadass exhausted,1
i'm literally lonely smh,1
better to end it all than live like this,2
i feel udas vibes,1
feeling finished and finished at the same time,1
"yar i feel like a burden, i should die",2
"goodbye everyone, i am going to never wake up",2
"goodbye everyone, i am going to end it all",2
bhai i am just cooked,1
deadass gonna zahar kha lun,2
i'm literally overwhelmed bestie,1
"bhai i'm failure at everything, i just wanna kill myself",2
life is fine rn,0
better to disappear forever than live like this,2
i am feeling productive today,0
lowkey finally found a new banger song,0
i am feeling lit today,0
i am feeling sorted today,0
overthinking is making me overwhelmed,1
basically i am just numb,1
"goodbye everyone, i am going to marna",2
i am going to disappear forever,2
just finished the project and feeling chill,0
i am going to jaan dena,2
"goodbye everyone, i am going to khatam karun",2
bahut tired feel ho raha hai rn,1
why is everything so depressed?,1
listen today was mast,0
bhai i'm deadass depressed,1
why is everything so depressed?,1
no cap i am just hopeless,1
why is everything so lonely?,1
"ab nahi jhela jata, i want to khatam karun",2
bahut finished feel ho raha hai no cap,1
i feel hopeless ig,1
fomo is making me numb,1
"ab nahi jhela jata, i want to jump off",2
i feel exhausted ig,1
bestie i'm vibing smh,0
listen finally got a job,0
just going to a party and feeling better,0
feeling burnt out and burnt out at the same time,1
feeling cooked and cooked at the same time,1
feeling cooked and cooked at the same time,1
bestie i'm goated bhai,0
bhai i'm deadass overwhelmed,1
just hit a new pr and feeling crushing it,0
better to disappear forever than live like this,2
why is everything so finished?,1
life is chill tho,0
i am feeling sorted today,0
bruh i am just stressed,1
"honestly i feel like done with life, i should hurt myself",2
bhai i'm deadass cooked,1
feeling kafi chill because i got a job,0
ngl i super fumbled today,1
"bhai i'm done with life, i just wanna end it all",2
i am going to suicide,2
deadass i am just down bad,1
tbh i am just burnt out,1
i feel hopeless lol,1
life is badhiya ig,0
deadass i am just tired,1
bhai i'm deadass burnt out,1
why is everything so fumbled?,1
yar finally secured the bag,0
i am feeling crushing it today,0
breakup is making me sad,1
"ab nahi jhela jata, i want to end it all",2
listen i super fumbled today,1
"goodbye everyone, i am going to never wake up",2
bhai i'm deadass lonely,1
feeling literally chill because i secured the bag,0
"goodbye everyone, i am going to end it all",2
basically i kafi fumbled today,1
feeling tired and tired at the same time,1
yar finally secured the bag,0
tension is making me fumbled,1
bestie i'm better ig,0
i'm literally depressed tho,1
deadass gonna zahar kha lun,2
life is sorted bestie,0
"bhai i'm hopeless af, i just wanna die",2
feeling kafi productive because i hit a new pr,0
i want to disappear forever fr,2
feeling exhausted and exhausted at the same time,1
bhai i'm deadass tired,1
feeling totally crushing it because i met my friends,0
"goodbye everyone, i am going to die",2
deadass gonna zahar kha lun,2
why is everything so stressed?,1
feeling down bad and down bad at the same time,1
yar today was goated,0
why is everything so tired?,1
just met my friends and feeling productive,0
zindagi khatam karne ka mann kar raha hai,2
"bruh i feel like done with life, i should jaan dena",2
bestie i'm vibing yaar,0
i am going to hurt myself,2
better to never wake up than live like this,2
bhai i'm deadass burnt out,1
bruh i am just numb,1
i am feeling productive today,0
i want to disappear forever cooked,2
zindagi khatam karne ka mann kar raha hai,2
"yar i feel like hopeless af, i should quit life",2
life is goated rn,0
i want to zahar kha lun fr,2
i feel hopeless tho,1
i'm literally stressed fr,1
why is everything so fumbled?,1
deadass gonna end it all,2
why is everything so numb?,1
i feel hopeless tho,1
why is everything so udas?,1
yar i am just depressed,1
no cap finally met my friends,0
i want to jaan dena literally,2
why is everything so burnt out?,1
lowkey i am just sad,1
deadass today was better,0
feeling finished and finished at the same time,1
zindagi khatam karne ka mann kar raha hai,2
yar i am just numb,1
overthinking is making me tired,1
ngl today was sorted,0
i am feeling badhiya today,0
deadass i am just cooked,1
just found a new banger song and feeling vibing,0
life is badhiya tho,0
why is everything so depressed?,1
zindagi khatam karne ka mann kar raha hai,2
bahut stressed feel ho raha hai no cap,1
i feel hopeless rn,1
bestie i'm badhiya lol,0
"goodbye everyone, i am going to marna",2
better to hurt myself than live like this,2
zindagi khatam karne ka mann kar raha hai,2
everything is sorted fr,0
i want to never wake up no cap,2
pressure is making me down bad,1
bestie i'm slaying tho,0
just met my friends and feeling vibing,0
deadass gonna suicide,2
"ab nahi jhela jata, i want to hurt myself",2
tbh finally slept well,0
ngl today was mast,0
just chilling with fam and feeling mast,0
no cap i am just cooked,1
bahut overwhelmed feel ho raha hai smh,1
better to marna than live like this,2
bruh today was fine,0
deadass gonna never wake up,2
zindagi khatam karne ka mann kar raha hai,2
"bhai i'm done with life, i just wanna jump off",2
why is everything so stressed?,1
just got a job and feeling vibing,0
i am feeling badhiya today,0
everything is crushing it bestie,0
feeling literally lit because i slept well,0
bhai i'm deadass exhausted,1
just going to a party and feeling better,0
lowkey i am just udas,1
zindagi khatam karne ka mann kar raha hai,2
"ngl i feel like worthless, i should jaan dena",2
i am going to khatam karun,2
i am feeling chill today,0
everything is fine literally,0
i'm literally tired tho,1
i feel hopeless ig,1
"goodbye everyone, i am going to zahar kha lun",2
feeling sad and sad at the same time,1
overthinking is making me udas,1
i am going to khatam karun,2
feeling lonely and lonely at the same time,1
deadass gonna marna,2
fr i hella fumbled today,1
bestie i'm productive rn,0
no cap finally going to a party,0
listen today was sorted,0
everything is better vibes,0
deadass i am just sad,1
"bhai i'm failure at everything, i just wanna quit life",2
deadass today was slaying,0
deadass i so fumbled today,1
tbh i super fumbled today,1
bahut numb feel ho raha hai yaar,1
life is fine fr,0
i am feeling better today,0
bhai i'm deadass fumbled,1
deadass gonna quit life,2
better to die than live like this,2
better to end it all than live like this,2
fr i am just overwhelmed,1
"yar i feel like hopeless af, i should never wake up",2
bestie i'm goated smh,0
feeling totally productive because i passed my exams,0
i want to suicide lol,2
feeling hopeless and hopeless at the same time,1
"goodbye everyone, i am going to kill myself",2
everything is goated fr,0
better to end it all than live like this,2
zindagi khatam karne ka mann kar raha hai,2
i'm literally sad literally,1
everything is mast fr,0
feeling so productive because i hit a new pr,0
feeling burnt out and burnt out at the same time,1
bahut down bad feel ho raha hai literally,1
listen i am just udas,1
everything is crushing it literally,0
deadass gonna jaan dena,2
"ab nahi jhela jata, i want to hurt myself",2
life is chill vibes,0
no cap i super fumbled today,1
bhai i'm deadass tired,1
bhai i'm deadass lonely,1
why is everything so sad?,1
overthinking is making me burnt out,1
zindagi khatam karne ka mann kar raha hai,2
ngl i totally fumbled today,1
feeling hella sorted because i met my friends,0
no cap finally chilling with fam,0
fr i am just finished,1
i'm literally numb vibes,1
i'm literally cooked vibes,1
just found a new banger song and feeling mast,0
better to kill myself than live like this,2
honestly finally going to a party,0
"bhai i'm no way out, i just wanna zahar kha lun",2
i'm literally overwhelmed cooked,1
i am feeling chill today,0
deadass gonna end it all,2
feeling very vibing because i slept well,0
why is everything so fumbled?,1
i feel sad ig,1
i feel sad no cap,1
life is better bestie,0
burden is making me sad,1
bestie i'm crushing it bestie,0
feeling exhausted and exhausted at the same time,1
bruh today was crushing it,0
lowkey finally slept well,0
life is slaying lol,0
"no cap i feel like hopeless af, i should kill myself",2
why is everything so depressed?,1
feeling udas and udas at the same time,1
"bhai i'm failure at everything, i just wanna jump off",2
"bhai i'm finished, i just wanna die",2
ngl finally secured the bag,0
better to die than live like this,2
ngl today was crushing it,0
just secured the bag and feeling crushing it,0
why is everything so numb?,1
basically i kafi fumbled today,1
deadass i am just lonely,1
feeling kafi fine because i finished the project,0
deadass gonna never wake up,2
i am going to jaan dena,2
just passed my exams and feeling slaying,0
i want to jaan dena vibes,2
no cap today was badhiya,0
zindagi khatam karne ka mann kar raha hai,2
ngl finally passed my exams,0
life is fine ig,0
bhai i'm deadass depressed,1
i'm literally down bad no cap,1
i want to jaan dena fr,2
"goodbye everyone, i am going to kill myself",2
i'm literally fumbled rn,1
bhai i'm deadass numb,1
"goodbye everyone, i am going to jump off",2
breakup is making me tired,1
just slept well and feeling sorted,0
life is chill yaar,0
i feel depressed lol,1
why is everything so tired?,1
why is everything so depressed?,1
"deadass i feel like done with life, i should zahar kha lun",2
i am feeling slaying today,0
stress is making me udas,1
bahut udas feel ho raha hai lol,1
feeling hella badhiya because i slept well,0
"ab nahi jhela jata, i want to jump off",2
"ab nahi jhela jata, i want to zahar kha lun",2
bruh finally hit a new pr,0
everything is sorted tho,0
failure is making me numb,1
i want to quit life fr,2
why is everything so burnt out?,1
anxiety is making me down bad,1
i am going to die,2
i am going to jump off,2
zindagi khatam karne ka mann kar raha hai,2
lowkey i am just udas,1
deadass gonna quit life,2
i want to end it all yaar,2
bestie i'm mast no cap,0
zindagi khatam karne ka mann kar raha hai,2
i want to jump off fr,2
bahut overwhelmed feel ho raha hai no cap,1
feeling sad and sad at the same time,1
i want to end it all literally,2
basically i literally fumbled today,1
tbh i totally fumbled today,1
life is slaying tho,0
lowkey i very fumbled today,1
i'm literally tired tho,1
"bhai i'm a burden, i just wanna die",2
bhai i totally fumbled today,1
i feel depressed bhai,1
life is slaying yaar,0
deadass finally going to a party,0
tension is making me udas,1
i'm literally hopeless cooked,1
why is everything so lonely?,1
why is everything so depressed?,1
deadass gonna zahar kha lun,2
i am going to disappear forever,2
i feel cooked tho,1
"bruh i feel like worthless, i should khatam karun",2
i am going to khatam karun,2
i want to jump off rn,2
burden is making me udas,1
feeling tired and tired at the same time,1
zindagi khatam karne ka mann kar raha hai,2
ngl i am just lonely,1
just met my friends and feeling badhiya,0
yar i totally fumbled today,1
"goodbye everyone, i am going to never wake up",2
zindagi khatam karne ka mann kar raha hai,2
deadass gonna kill myself,2
"bhai i'm done with life, i just wanna disappear forever",2
no cap today was mast,0
breakup is making me finished,1
i am feeling mast today,0
fr i am just overwhelmed,1
"ab nahi jhela jata, i want to jump off",2
i am going to khatam karun,2
"yar i feel like finished, i should quit life",2
bruh i very fumbled today,1
life is fine bestie,0
everything is productive vibes,0
i am feeling better today,0
life is slaying fr,0
life is fine fr,0
bestie i'm productive no cap,0
bhai i'm deadass stressed,1
no cap i deadass fumbled today,1
zindagi khatam karne ka mann kar raha hai,2
life is sorted vibes,0
bhai i'm deadass depressed,1
no cap i am just down bad,1
life is mast fr,0
i want to marna bhai,2
better to end it all than live like this,2
feeling finished and finished at the same time,1
everything is vibing vibes,0
i want to suicide rn,2
i am going to jump off,2
life is goated rn,0
everything is chill smh,0
failure is making me lonely,1
i'm literally stressed ig,1
better to zahar kha lun than live like this,2
feeling cooked and cooked at the same time,1
bruh today was fine,0
i am going to marna,2
bhai i am just hopeless,1
bhai i'm deadass burnt out,1
lowkey i super fumbled today,1
deadass gonna disappear forever,2
i'm literally depressed cooked,1
i am going to never wake up,2
feeling tired and tired at the same time,1
"bhai i'm broken, i just wanna never wake up",2
bhai i'm deadass numb,1
bahut lonely feel ho raha hai vibes,1
life is goated no cap,0
life is lit literally,0
i feel cooked vibes,1
everything is lit fr,0
just secured the bag and feeling productive,0
"goodbye everyone, i am going to die",2
everything is fine yaar,0
feeling very lit because i met my friends,0
i am going to zahar kha lun,2
fr i am just down bad,1
feeling hella badhiya because i secured the bag,0
zindagi khatam karne ka mann kar raha hai,2
why is everything so lonely?,1
bhai i am just hopeless,1
just passed my exams and feeling slaying,0
bahut cooked feel ho raha hai bestie,1
"goodbye everyone, i am going to khatam karun",2
"ab nahi jhela jata, i want to khatam karun",2
i want to hurt myself rn,2
deadass gonna jaan dena,2
fr i very fumbled today,1
i'm literally hopeless no cap,1
bahut hopeless feel ho raha hai cooked,1
bhai i'm deadass burnt out,1
just passed my exams and feeling badhiya,0
better to hurt myself than live like this,2
listen i totally fumbled today,1
i want to hurt myself fr,2
academic pressure is making me fumbled,1
bestie i'm vibing yaar,0
tbh finally hit a new pr,0
life is crushing it smh,0
why is everything so udas?,1
no cap i am just overwhelmed,1
zindagi khatam karne ka mann kar raha hai,2
bestie i'm slaying lol,0
ngl today was fine,0
i want to jaan dena bhai,2
overthinking is making me lonely,1
"honestly i feel like done with life, i should jaan dena",2
bhai i'm deadass tired,1
i feel down bad lol,1
feeling very badhiya because i got a job,0
bestie i'm mast ig,0
just slept well and feeling goated,0
bestie i'm fine bestie,0
lowkey finally secured the bag,0
lowkey today was crushing it,0
bhai today was mast,0
bahut sad feel ho raha hai smh,1
bahut lonely feel ho raha hai fr,1
"fr i feel like no way out, i should jaan dena",2
bhai i'm deadass fumbled,1
feeling literally better because i going to a party,0
life is fine fr,0
"fr i feel like no way out, i should disappear forever",2
"goodbye everyone, i am going to suicide",2
just met my friends and feeling goated,0
why is everything so numb?,1
i am feeling lit today,0
i am going to marna,2
i am going to kill myself,2
why is everything so numb?,1
ngl i am just down bad,1
feeling finished and finished at the same time,1
bestie i'm chill cooked,0
listen i very fumbled today,1
feeling kafi goated because i secured the bag,0
no cap today was goated,0
better to kill myself than live like this,2
i feel udas lol,1
i am feeling lit today,0
feeling hella chill because i going to a party,0
bhai i'm deadass finished,1
anxiety is making me tired,1
zindagi khatam karne ka mann kar raha hai,2
why is everything so udas?,1
just chilling with fam and feeling better,0
everything is goated rn,0
feeling hella better because i found a new banger song,0
bestie i'm vibing fr,0
bestie i'm fine tho,0
bhai i'm deadass cooked,1
feeling deadass crushing it because i finished the project,0
deadass i totally fumbled today,1
yar i really fumbled today,1
feeling literally lit because i slept well,0
just finished the project and feeling fine,0
i am going to zahar kha lun,2
i am feeling slaying today,0
"tbh i feel like finished, i should quit life",2
fr today was sorted,0
"ab nahi jhela jata, i want to kill myself",2
i am feeling sorted today,0
ngl finally found a new banger song,0
"ab nahi jhela jata, i want to disappear forever",2
life is slaying bestie,0
zindagi khatam karne ka mann kar raha hai,2
"ab nahi jhela jata, i want to marna",2
everything is better ig,0
"bhai i'm no way out, i just wanna die",2
just found a new banger song and feeling goated,0
everything is goated bhai,0
everything is sorted fr,0
listen i am just finished,1
why is everything so down bad?,1
i am feeling sorted today,0
stress is making me tired,1
honestly finally found a new banger song,0
i am feeling fine today,0
bestie i'm vibing cooked,0
"bhai i'm done with life, i just wanna jump off",2
bhai i am just sad,1
feeling numb and numb at the same time,1
better to suicide than live like this,2
"ab nahi jhela jata, i want to disappear forever",2
fr i am just numb,1
zindagi khatam karne ka mann kar raha hai,2
i'm literally stressed yaar,1
life is goated vibes,0
"fr i feel like a burden, i should suicide",2
listen i am just down bad,1
bhai finally chilling with fam,0
bestie i'm sorted tho,0
"bhai i'm done with life, i just wanna never wake up",2
feeling hella badhiya because i chilling with fam,0
feeling deadass lit because i passed my exams,0
everything is lit bestie,0
no cap i am just burnt out,1
bhai i'm deadass sad,1
tbh finally found a new banger song,0
listen i kafi fumbled today,1
"yar i feel like a burden, i should jump off",2
zindagi khatam karne ka mann kar raha hai,2
i am going to die,2
everything is lit smh,0
bhai i'm deadass hopeless,1
better to never wake up than live like this,2
zindagi khatam karne ka mann kar raha hai,2
breakup is making me burnt out,1
zindagi khatam karne ka mann kar raha hai,2
bestie i'm crushing it vibes,0
feeling overwhelmed and overwhelmed at the same time,1
i feel fumbled vibes,1
i want to hurt myself rn,2
life is sorted yaar,0
why is everything so fumbled?,1
honestly today was sorted,0
i feel cooked yaar,1
better to zahar kha lun than live like this,2
"ab nahi jhela jata, i want to jaan dena",2
"ab nahi jhela jata, i want to jump off",2
i'm literally down bad ig,1
i am going to end it all,2
deadass gonna kill myself,2
bahut depressed feel ho raha hai bhai,1
i am going to kill myself,2
zindagi khatam karne ka mann kar raha hai,2
everything is crushing it bhai,0
i am going to end it all,2
deadass gonna quit life,2
everything is chill tho,0
better to never wake up than live like this,2
bhai i'm deadass hopeless,1
i am feeling crushing it today,0
bestie i'm slaying yaar,0
"basically i feel like broken, i should marna",2
i am feeling badhiya today,0
i am going to marna,2
bhai i'm deadass hopeless,1
i am going to jaan dena,2
just slept well and feeling vibing,0
i'm literally udas yaar,1
"yar i feel like finished, i should zahar kha lun",2
life is slaying smh,0
i want to hurt myself lol,2
yar finally chilling with fam,0
i am feeling lit today,0
"goodbye everyone, i am going to marna",2
i feel burnt out vibes,1
i feel numb yaar,1
bestie i'm better lol,0
"goodbye everyone, i am going to khatam karun",2
everything is crushing it vibes,0
i'm literally fumbled bhai,1
better to suicide than live like this,2
bahut finished feel ho raha hai literally,1
i am feeling vibing today,0
"goodbye everyone, i am going to jump off",2
bahut depressed feel ho raha hai bhai,1
i feel cooked ig,1
everything is fine lol,0
i'm literally cooked cooked,1
everything is goated smh,0
i want to end it all tho,2
honestly i am just cooked,1
i feel numb smh,1
lowkey today was sorted,0
i want to jump off literally,2
i am feeling lit today,0
bhai i'm deadass udas,1
deadass gonna quit life,2
deadass i really fumbled today,1
why is everything so finished?,1
feeling exhausted and exhausted at the same time,1
feeling hella crushing it because i passed my exams,0
listen today was better,0
burden is making me overwhelmed,1
"bhai i'm worthless, i just wanna disappear forever",2
"goodbye everyone, i am going to marna",2
better to jaan dena than live like this,2
deadass today was sorted,0
i feel stressed cooked,1
bahut numb feel ho raha hai no cap,1
i feel fumbled no cap,1
i'm literally fumbled ig,1
everything is slaying bhai,0
bhai i'm deadass hopeless,1
fr i am just udas,1
deadass gonna jump off,2
why is everything so hopeless?,1
"ab nahi jhela jata, i want to jaan dena",2
bahut down bad feel ho raha hai literally,1
bhai i'm deadass numb,1
bruh i deadass fumbled today,1
deadass gonna kill myself,2
deadass finally going to a party,0
bestie i'm lit tho,0
"fr i feel like finished, i should die",2
bhai i'm deadass sad,1
life is slaying vibes,0
"ab nahi jhela jata, i want to disappear forever",2
bahut cooked feel ho raha hai vibes,1
"listen i feel like done with life, i should khatam karun",2
fomo is making me stressed,1
zindagi khatam karne ka mann kar raha hai,2
bestie i'm productive fr,0
i am going to hurt myself,2
lowkey finally met my friends,0
ngl finally passed my exams,0
i want to end it all bhai,2
i am feeling lit today,0
i want to zahar kha lun bestie,2
"deadass i feel like hopeless af, i should disappear forever",2
lowkey today was badhiya,0
feeling kafi mast because i got a job,0
i am going to die,2
just found a new banger song and feeling sorted,0
lowkey i am just tired,1
tbh i am just down bad,1
deadass gonna never wake up,2
life is productive yaar,0
feeling hella vibing because i met my friends,0
why is everything so finished?,1
zindagi khatam karne ka mann kar raha hai,2
tbh finally finished the project,0
zindagi khatam karne ka mann kar raha hai,2
bhai finally finished the project,0
feeling literally vibing because i going to a party,0
i am going to disappear forever,2
better to hurt myself than live like this,2
just got a job and feeling sorted,0
zindagi khatam karne ka mann kar raha hai,2
no cap i very fumbled today,1
zindagi khatam karne ka mann kar raha hai,2
why is everything so hopeless?,1
bestie i'm chill no cap,0
i'm literally down bad no cap,1
"bhai i'm hopeless af, i just wanna disappear forever",2
yar finally met my friends,0
i'm literally finished smh,1
feeling totally goated because i hit a new pr,0
everything is sorted vibes,0
bestie i'm sorted bhai,0
"goodbye everyone, i am going to suicide",2
better to jump off than live like this,2
i feel exhausted lol,1
bestie i'm lit ig,0
zindagi khatam karne ka mann kar raha hai,2
i am feeling vibing today,0
"goodbye everyone, i am going to marna",2
everything is sorted ig,0
"bhai i'm done with life, i just wanna suicide",2
i feel lonely rn,1
feeling super productive because i got a job,0
i want to hurt myself literally,2
i am feeling slaying today,0
zindagi khatam karne ka mann kar raha hai,2
i feel sad yaar,1
bhai i'm deadass cooked,1
i want to never wake up smh,2
i want to disappear forever no cap,2
i feel finished rn,1
tbh i totally fumbled today,1
better to jaan dena than live like this,2
better to khatam karun than live like this,2
i want to hurt myself bestie,2
failure is making me lonely,1
listen i deadass fumbled today,1
i feel down bad tho,1
i want to hurt myself fr,2
no cap i am just fumbled,1
listen today was sorted,0
"goodbye everyone, i am going to jaan dena",2
deadass gonna kill myself,2
"bhai i'm done with life, i just wanna hurt myself",2
better to never wake up than live like this,2
just met my friends and feeling crushing it,0
i'm literally finished ig,1
better to die than live like this,2
i am going to marna,2
i feel finished cooked,1
better to suicide than live like this,2
"goodbye everyone, i am going to end it all",2
lowkey finally going to a party,0
bhai i'm deadass udas,1
bestie i'm productive no cap,0
"goodbye everyone, i am going to marna",2
bhai i'm deadass tired,1
i'm literally lonely ig,1
feeling finished and finished at the same time,1
life is badhiya bhai,0
"deadass i feel like finished, i should never wake up",2
bhai i am just burnt out,1
i want to quit life tho,2
bestie i'm better lol,0
i am feeling lit today,0
basically i totally fumbled today,1
"bruh i feel like no way out, i should suicide",2
why is everything so overwhelmed?,1
"ab nahi jhela jata, i want to kill myself",2
listen finally chilling with fam,0
i am going to khatam karun,2
bestie i'm chill cooked,0
everything is fine cooked,0
i am going to zahar kha lun,2
better to jump off than live like this,2
everything is badhiya cooked,0
"goodbye everyone, i am going to jump off",2
failure is making me burnt out,1
everything is better literally,0
i want to quit life lol,2
"basically i feel like worthless, i should quit life",2
bhai i'm deadass fumbled,1
bhai i'm deadass udas,1
"goodbye everyone, i am going to end it all",2
"ab nahi jhela jata, i want to zahar kha lun",2
i am feeling mast today,0
just chilling with fam and feeling slaying,0
no cap i hella fumbled today,1
i feel fumbled smh,1
i feel hopeless cooked,1
bruh i am just sad,1
"deadass i feel like finished, i should jaan dena",2
"bhai i'm finished, i just wanna zahar kha lun",2
i'm literally burnt out lol,1
just chilling with fam and feeling chill,0
i'm literally hopeless fr,1
deadass gonna disappear forever,2
no cap i am just finished,1
i'm literally fumbled ig,1
feeling so chill because i met my friends,0
bhai i'm deadass depressed,1
bahut overwhelmed feel ho raha hai fr,1
"goodbye everyone, i am going to hurt myself",2
zindagi khatam karne ka mann kar raha hai,2
i feel hopeless smh,1
everything is chill bestie,0
i am feeling mast today,0
"goodbye everyone, i am going to suicide",2
why is everything so finished?,1
i want to zahar kha lun cooked,2
zindagi khatam karne ka mann kar raha hai,2
bestie i'm better ig,0
fomo is making me stressed,1
deadass gonna zahar kha lun,2
"ab nahi jhela jata, i want to khatam karun",2
i'm literally tired lol,1
zindagi khatam karne ka mann kar raha hai,2
i am feeling chill today,0
i am going to suicide,2
i want to disappear forever yaar,2
bhai i'm deadass exhausted,1
deadass gonna die,2
zindagi khatam karne ka mann kar raha hai,2
yar today was mast,0
i am going to never wake up,2
bhai i'm deadass fumbled,1
bhai i'm deadass fumbled,1
better to never wake up than live like this,2
i am feeling chill today,0
i am feeling fine today,0
lowkey finally met my friends,0
"ab nahi jhela jata, i want to never wake up",2
everything is slaying yaar,0
zindagi khatam karne ka mann kar raha hai,2
deadass gonna zahar kha lun,2
bruh i very fumbled today,1
i'm literally stressed literally,1
everything is goated lol,0
i am feeling chill today,0
life is sorted no cap,0
i feel hopeless vibes,1
bestie i'm chill rn,0
ngl finally secured the bag,0
"honestly i feel like finished, i should hurt myself",2
bhai i am just down bad,1
listen i literally fumbled today,1
bahut udas feel ho raha hai ig,1
just secured the bag and feeling fine,0
why is everything so hopeless?,1
tension is making me lonely,1
everything is mast cooked,0
breakup is making me depressed,1
i'm literally burnt out bhai,1
i'm literally cooked literally,1
i feel sad ig,1
just chilling with fam and feeling chill,0
i feel fumbled tho,1
just secured the bag and feeling mast,0
i feel fumbled yaar,1
i'm literally stressed bestie,1
"bhai i'm no way out, i just wanna quit life",2
why is everything so fumbled?,1
i want to quit life literally,2
bestie i'm sorted yaar,0
bhai i kafi fumbled today,1
bhai finally found a new banger song,0
lowkey finally met my friends,0
"bhai i'm no way out, i just wanna khatam karun",2
bruh today was slaying,0
bestie i'm mast vibes,0
stress is making me tired,1
"honestly i feel like finished, i should marna",2
honestly i super fumbled today,1
"goodbye everyone, i am going to jump off",2
academic pressure is making me lonely,1
bestie i'm lit vibes,0
feeling udas and udas at the same time,1
zindagi khatam karne ka mann kar raha hai,2
bhai i'm deadass hopeless,1
basically finally hit a new pr,0
overthinking is making me fumbled,1
i'm literally fumbled fr,1
life is fine rn,0
i'm literally tired bhai,1
bhai today was crushing it,0
bhai i'm deadass fumbled,1
just met my friends and feeling badhiya,0
life is badhiya vibes,0
better to suicide than live like this,2
better to jump off than live like this,2
i am going to hurt myself,2
"yar i feel like finished, i should suicide",2
"ab nahi jhela jata, i want to end it all",2
"goodbye everyone, i am going to zahar kha lun",2
"ab nahi jhela jata, i want to zahar kha lun",2
zindagi khatam karne ka mann kar raha hai,2
i feel hopeless ig,1
zindagi khatam karne ka mann kar raha hai,2
i am feeling productive today,0
bestie i'm chill yaar,0
bhai i super fumbled today,1
just hit a new pr and feeling sorted,0
bestie i'm productive bhai,0
i'm literally numb tho,1
life is chill yaar,0
i'm literally udas no cap,1
i am feeling sorted today,0
just slept well and feeling vibing,0
feeling hella fine because i met my friends,0
bestie i'm fine smh,0
"goodbye everyone, i am going to suicide",2
feeling kafi vibing because i got a job,0
i want to suicide ig,2
"goodbye everyone, i am going to suicide",2
ngl i totally fumbled today,1
zindagi khatam karne ka mann kar raha hai,2
feeling deadass better because i hit a new pr,0
just got a job and feeling sorted,0
everything is slaying cooked,0
bestie i'm crushing it fr,0
just hit a new pr and feeling mast,0
deadass i am just sad,1
feeling very vibing because i met my friends,0
"goodbye everyone, i am going to kill myself",2
i want to end it all cooked,2
i want to zahar kha lun bestie,2
i want to disappear forever rn,2
zindagi khatam karne ka mann kar raha hai,2
i am going to die,2
"bhai i'm worthless, i just wanna hurt myself",2
failure is making me exhausted,1
life is mast yaar,0
just got a job and feeling mast,0
"bhai i'm a burden, i just wanna end it all",2
i'm literally numb no cap,1
"goodbye everyone, i am going to disappear forever",2
bruh i am just burnt out,1
why is everything so hopeless?,1
i want to suicide bestie,2
"goodbye everyone, i am going to jump off",2
bruh i am just stressed,1
"goodbye everyone, i am going to khatam karun",2
"bhai i'm a burden, i just wanna marna",2
i'm literally finished cooked,1
bahut fumbled feel ho raha hai vibes,1
why is everything so udas?,1
no cap today was sorted,0
fr i am just numb,1
"ab nahi jhela jata, i want to never wake up",2
"goodbye everyone, i am going to marna",2
i feel exhausted ig,1
better to jaan dena than live like this,2
deadass i really fumbled today,1
i want to marna rn,2
i am going to end it all,2
i'm literally finished rn,1
life is goated vibes,0
"bhai i'm finished, i just wanna suicide",2
bhai i'm deadass down bad,1
bestie i'm crushing it ig,0
stress is making me tired,1
i want to jump off no cap,2
i am feeling crushing it today,0
i'm literally fumbled vibes,1
"ab nahi jhela jata, i want to marna",2
just passed my exams and feeling vibing,0
better to quit life than live like this,2
life is vibing tho,0
deadass gonna die,2
why is everything so numb?,1
i am feeling sorted today,0
i'm literally hopeless bestie,1
"lowkey i feel like finished, i should disappear forever",2
feeling deadass lit because i found a new banger song,0
"ngl i feel like no way out, i should jaan dena",2
i'm literally udas lol,1
i want to suicide vibes,2
"no cap i feel like failure at everything, i should jump off",2
just slept well and feeling crushing it,0
feeling tired and tired at the same time,1
yar i am just numb,1
"tbh i feel like a burden, i should kill myself",2
i want to hurt myself literally,2
i want to die ig,2
ngl finally got a job,0
listen finally going to a party,0
i am going to quit life,2
fomo is making me exhausted,1
"bhai i'm broken, i just wanna suicide",2
"bhai i'm finished, i just wanna die",2
just met my friends and feeling mast,0
better to disappear forever than live like this,2
honestly i super fumbled today,1
i'm literally udas bhai,1
i feel down bad tho,1
just chilling with fam and feeling sorted,0
academic pressure is making me udas,1
life is fine vibes,0
"basically i feel like hopeless af, i should end it all",2
everything is slaying no cap,0
"bhai i'm failure at everything, i just wanna marna",2
ngl today was lit,0
pressure is making me down bad,1
just passed my exams and feeling productive,0
everything is better ig,0
everything is slaying tho,0
everything is slaying vibes,0
why is everything so tired?,1
"goodbye everyone, i am going to khatam karun",2
i feel finished literally,1
bhai i'm deadass cooked,1
i am going to khatam karun,2
zindagi khatam karne ka mann kar raha hai,2
tbh i am just sad,1
academic pressure is making me sad,1
fr i deadass fumbled today,1
yar i totally fumbled today,1
deadass gonna jump off,2
academic pressure is making me stressed,1
"ab nahi jhela jata, i want to die",2
feeling tired and tired at the same time,1
zindagi khatam karne ka mann kar raha hai,2
bhai i'm deadass tired,1
i am feeling lit today,0
zindagi khatam karne ka mann kar raha hai,2
basically i am just overwhelmed,1
bhai i'm deadass cooked,1
tbh today was vibing,0
feeling very better because i found a new banger song,0
i feel sad no cap,1
i am feeling productive today,0
deadass i deadass fumbled today,1
everything is mast fr,0
just found a new banger song and feeling sorted,0
bahut depressed feel ho raha hai no cap,1
bhai i'm deadass finished,1
everything is goated cooked,0
"goodbye everyone, i am going to never wake up",2
i am going to die,2
feeling so chill because i slept well,0
i am feeling productive today,0
"goodbye everyone, i am going to jump off",2
zindagi khatam karne ka mann kar raha hai,2
"yar i feel like done with life, i should kill myself",2
life is goated tho,0
"ab nahi jhela jata, i want to kill myself",2
i'm literally burnt out literally,1
basically today was better,0
everything is badhiya rn,0
anxiety is making me numb,1
just secured the bag and feeling sorted,0
i'm literally burnt out smh,1
bahut depressed feel ho raha hai bestie,1
fr finally finished the project,0
i am going to end it all,2
no cap i am just exhausted,1
deadass gonna never wake up,2
i am going to end it all,2
why is everything so cooked?,1
bahut fumbled feel ho raha hai rn,1
"goodbye everyone, i am going to die",2
"yar i feel like finished, i should kill myself",2
bhai i'm deadass cooked,1
i feel sad ig,1
"no cap i feel like finished, i should jump off",2
"bhai i'm failure at everything, i just wanna kill myself",2
life is better rn,0
feeling numb and numb at the same time,1
"goodbye everyone, i am going to die",2
i am feeling vibing today,0
bahut tired feel ho raha hai cooked,1
"lowkey i feel like done with life, i should quit life",2
bhai i'm deadass overwhelmed,1
why is everything so tired?,1
deadass gonna marna,2
bestie i'm goated bestie,0
i want to die bestie,2
everything is better tho,0
deadass gonna disappear forever,2
bhai i'm deadass lonely,1
life is lit lol,0
zindagi khatam karne ka mann kar raha hai,2
burden is making me overwhelmed,1
"honestly i feel like failure at everything, i should end it all",2
i want to zahar kha lun yaar,2
deadass gonna jaan dena,2
tension is making me depressed,1
bestie i'm productive yaar,0
"deadass i feel like finished, i should never wake up",2
overthinking is making me burnt out,1
feeling numb and numb at the same time,1
zindagi khatam karne ka mann kar raha hai,2
breakup is making me depressed,1
bhai i'm deadass tired,1
i feel stressed vibes,1
bestie i'm lit no cap,0
"goodbye everyone, i am going to zahar kha lun",2
i'm literally sad rn,1
tbh today was lit,0
just hit a new pr and feeling slaying,0
breakup is making me udas,1
i want to jump off cooked,2
no cap i literally fumbled today,1
academic pressure is making me numb,1
fr finally chilling with fam,0
bestie i'm goated tho,0
"honestly i feel like done with life, i should marna",2
zindagi khatam karne ka mann kar raha hai,2
why is everything so cooked?,1
bruh i literally fumbled today,1
better to jump off than live like this,2
i want to jump off tho,2
"tbh i feel like finished, i should disappear forever",2
bahut overwhelmed feel ho raha hai fr,1
bestie i'm mast vibes,0
bestie i'm fine lol,0
basically finally secured the bag,0
i am feeling badhiya today,0
bhai i'm deadass depressed,1
i'm literally down bad smh,1
life is badhiya vibes,0
basically today was crushing it,0
i feel finished ig,1
bestie i'm mast cooked,0
i'm literally numb ig,1
feeling so vibing because i got a job,0
i feel lonely yaar,1
"tbh i feel like done with life, i should marna",2
ngl finally met my friends,0
feeling deadass fine because i chilling with fam,0
tbh today was fine,0
"ngl i feel like hopeless af, i should jump off",2
feeling depressed and depressed at the same time,1
bestie i'm productive lol,0
everything is chill bhai,0
everything is vibing fr,0
life is sorted yaar,0
bhai today was badhiya,0
i want to jaan dena bestie,2
i'm literally tired vibes,1
i am going to jaan dena,2
bruh today was productive,0
feeling finished and finished at the same time,1
bestie i'm sorted cooked,0
everything is better yaar,0
i am feeling better today,0
i feel udas rn,1
i'm literally overwhelmed rn,1
"goodbye everyone, i am going to zahar kha lun",2
"ab nahi jhela jata, i want to hurt myself",2
feeling finished and finished at the same time,1
zindagi khatam karne ka mann kar raha hai,2
everything is badhiya yaar,0
no cap i so fumbled today,1
everything is badhiya no cap,0
fr finally got a job,0
"bhai i'm finished, i just wanna jump off",2
zindagi khatam karne ka mann kar raha hai,2
why is everything so lonely?,1
bestie i'm productive ig,0
stress is making me burnt out,1
i am going to zahar kha lun,2
i am going to die,2
bhai i'm deadass hopeless,1
bestie i'm chill bhai,0
"goodbye everyone, i am going to quit life",2
i am going to khatam karun,2
feeling numb and numb at the same time,1
tbh i totally fumbled today,1
i feel cooked ig,1
feeling sad and sad at the same time,1
life is fine cooked,0
zindagi khatam karne ka mann kar raha hai,2
honestly finally met my friends,0
feeling overwhelmed and overwhelmed at the same time,1
bhai i'm deadass overwhelmed,1
i am going to khatam karun,2
feeling finished and finished at the same time,1
bestie i'm better cooked,0
deadass gonna die,2
bhai i'm deadass exhausted,1
"goodbye everyone, i am going to die",2
bhai i'm deadass sad,1
listen today was chill,0
why is everything so stressed?,1
zindagi khatam karne ka mann kar raha hai,2
listen i kafi fumbled today,1
just passed my exams and feeling sorted,0
i feel tired yaar,1
bestie i'm crushing it fr,0
tbh i am just tired,1
i want to quit life no cap,2
why is everything so down bad?,1
everything is mast no cap,0
"ab nahi jhela jata, i want to quit life",2
better to end it all than live like this,2
feeling cooked and cooked at the same time,1
"ab nahi jhela jata, i want to zahar kha lun",2
"bhai i'm a burden, i just wanna hurt myself",2
"ngl i feel like done with life, i should kill myself",2
why is everything so depressed?,1
bruh finally going to a party,0
yar finally passed my exams,0
bhai i'm deadass cooked,1
bhai i'm deadass burnt out,1
i want to end it all bestie,2
just got a job and feeling mast,0
feeling totally goated because i met my friends,0
feeling lonely and lonely at the same time,1
honestly i am just stressed,1
bhai i'm deadass tired,1
bestie i'm sorted rn,0
zindagi khatam karne ka mann kar raha hai,2
bestie i'm chill bhai,0
i want to zahar kha lun smh,2
zindagi khatam karne ka mann kar raha hai,2
tension is making me depressed,1
better to hurt myself than live like this,2
lowkey today was mast,0
i am feeling goated today,0
feeling deadass lit because i passed my exams,0
why is everything so exhausted?,1
feeling totally sorted because i found a new banger song,0
listen today was vibing,0
feeling numb and numb at the same time,1
better to die than live like this,2
why is everything so lonely?,1
deadass gonna khatam karun,2
yar today was goated,0
no cap finally secured the bag,0
"yar i feel like broken, i should jump off",2
listen i am just sad,1
everything is fine lol,0
better to jump off than live like this,2
bestie i'm crushing it bhai,0
why is everything so finished?,1
zindagi khatam karne ka mann kar raha hai,2
deadass gonna quit life,2
everything is chill cooked,0
i am feeling lit today,0
i am going to disappear forever,2
"bhai i'm failure at everything, i just wanna die",2
"bhai i'm finished, i just wanna never wake up",2
bhai i'm deadass udas,1
bahut overwhelmed feel ho raha hai smh,1
feeling super vibing because i hit a new pr,0
tension is making me finished,1
feeling really badhiya because i chilling with fam,0
better to khatam karun than live like this,2
i feel hopeless yaar,1
ngl finally finished the project,0
i feel udas fr,1
deadass today was slaying,0
failure is making me burnt out,1
burden is making me down bad,1
just finished the project and feeling mast,0
bahut udas feel ho raha hai rn,1
why is everything so hopeless?,1
"honestly i feel like worthless, i should disappear forever",2
"goodbye everyone, i am going to kill myself",2
zindagi khatam karne ka mann kar raha hai,2
"goodbye everyone, i am going to die",2
"goodbye everyone, i am going to disappear forever",2
"basically i feel like finished, i should hurt myself",2
yar i am just exhausted,1
lowkey today was sorted,0
life is fine rn,0
fr i very fumbled today,1
bhai i'm deadass numb,1
feeling depressed and depressed at the same time,1
bhai i'm deadass sad,1
"bhai i'm done with life, i just wanna suicide",2
bhai i'm deadass fumbled,1
fr i so fumbled today,1
better to kill myself than live like this,2
yar i very fumbled today,1
why is everything so overwhelmed?,1
feeling cooked and cooked at the same time,1
"yar i feel like finished, i should kill myself",2
everything is sorted no cap,0
better to marna than live like this,2
bhai i'm deadass depressed,1
deadass gonna khatam karun,2
"ab nahi jhela jata, i want to marna",2
bestie i'm mast ig,0
"ab nahi jhela jata, i want to kill myself",2
just got a job and feeling sorted,0
yar today was mast,0
i am feeling goated today,0
i am feeling lit today,0
i am going to zahar kha lun,2
better to die than live like this,2
i'm literally down bad smh,1
life is goated bestie,0
i am feeling badhiya today,0
i am going to jaan dena,2
everything is productive yaar,0
bahut hopeless feel ho raha hai ig,1
"listen i feel like failure at everything, i should hurt myself",2
i am going to zahar kha lun,2
bestie i'm vibing smh,0
bestie i'm productive tho,0
"bhai i'm a burden, i just wanna disappear forever",2
bestie i'm mast ig,0
just got a job and feeling mast,0
better to suicide than live like this,2
everything is vibing lol,0
zindagi khatam karne ka mann kar raha hai,2
just met my friends and feeling lit,0
basically i hella fumbled today,1
i want to jaan dena smh,2
tbh finally met my friends,0
feeling kafi chill because i got a job,0
feeling really lit because i hit a new pr,0
"bhai i'm done with life, i just wanna quit life",2
feeling really vibing because i hit a new pr,0
fr i kafi fumbled today,1
bahut burnt out feel ho raha hai no cap,1
everything is mast bestie,0
why is everything so stressed?,1
zindagi khatam karne ka mann kar raha hai,2
"bhai i'm done with life, i just wanna zahar kha lun",2
"goodbye everyone, i am going to disappear forever",2
"bhai i'm a burden, i just wanna jaan dena",2
i want to suicide ig,2
bestie i'm better yaar,0
feeling hopeless and hopeless at the same time,1
just hit a new pr and feeling better,0
just chilling with fam and feeling goated,0
everything is crushing it rn,0
feeling kafi chill because i found a new banger song,0
everything is better cooked,0
"bhai i'm no way out, i just wanna die",2
zindagi khatam karne ka mann kar raha hai,2
ngl i hella fumbled today,1
life is mast no cap,0
i feel cooked vibes,1
why is everything so fumbled?,1
better to khatam karun than live like this,2
i'm literally finished rn,1
tbh i very fumbled today,1
i am feeling chill today,0
basically finally finished the project,0
just secured the bag and feeling better,0
deadass gonna suicide,2
i am going to marna,2
just hit a new pr and feeling lit,0
everything is better no cap,0
i am going to khatam karun,2
i want to zahar kha lun tho,2
fomo is making me lonely,1
just hit a new pr and feeling vibing,0
yar finally secured the bag,0
"goodbye everyone, i am going to jaan dena",2
bruh finally secured the bag,0
i want to suicide vibes,2
better to end it all than live like this,2
"bhai i'm a burden, i just wanna hurt myself",2
feeling hopeless and hopeless at the same time,1
yar today was productive,0
better to quit life than live like this,2
just slept well and feeling slaying,0
"bhai i'm finished, i just wanna quit life",2
everything is vibing tho,0
bhai i'm deadass hopeless,1
just going to a party and feeling lit,0
"ab nahi jhela jata, i want to kill myself",2
i'm literally burnt out smh,1
"bhai i feel like failure at everything, i should never wake up",2
"goodbye everyone, i am going to marna",2
i feel udas bhai,1
bahut stressed feel ho raha hai literally,1
"deadass i feel like failure at everything, i should hurt myself",2
i am going to quit life,2
deadass gonna jaan dena,2
just got a job and feeling productive,0
zindagi khatam karne ka mann kar raha hai,2
i feel tired vibes,1
"bhai i'm finished, i just wanna marna",2
tbh finally found a new banger song,0
feeling literally fine because i finished the project,0
why is everything so cooked?,1
i am going to suicide,2
why is everything so sad?,1
"bhai i'm worthless, i just wanna hurt myself",2
"lowkey i feel like hopeless af, i should suicide",2
feeling totally productive because i secured the bag,0
i'm literally sad fr,1
life is mast fr,0
"bhai i'm broken, i just wanna quit life",2
just chilling with fam and feeling slaying,0
bhai i'm deadass fumbled,1
i'm literally fumbled bestie,1
bhai i deadass fumbled today,1
pressure is making me fumbled,1
bhai i'm deadass sad,1
i want to end it all fr,2
"honestly i feel like a burden, i should suicide",2
deadass gonna die,2
honestly finally hit a new pr,0
"basically i feel like hopeless af, i should quit life",2
i am going to marna,2
burden is making me down bad,1
yar i am just burnt out,1
"goodbye everyone, i am going to never wake up",2
better to never wake up than live like this,2
"bhai i'm finished, i just wanna marna",2
bhai i'm deadass sad,1
feeling cooked and cooked at the same time,1
bahut lonely feel ho raha hai cooked,1
"tbh i feel like broken, i should khatam karun",2
i am going to die,2
yar finally hit a new pr,0
everything is chill cooked,0
deadass gonna zahar kha lun,2
i want to jaan dena smh,2
just met my friends and feeling fine,0
yar finally found a new banger song,0
i'm literally sad lol,1
why is everything so stressed?,1
burden is making me lonely,1
i want to jump off cooked,2
feeling exhausted and exhausted at the same time,1
"honestly i feel like worthless, i should suicide",2
feeling super slaying because i slept well,0
feeling hella sorted because i hit a new pr,0
feeling finished and finished at the same time,1
pressure is making me fumbled,1
breakup is making me tired,1
bestie i'm slaying cooked,0
feeling lonely and lonely at the same time,1
why is everything so lonely?,1
"bhai i'm no way out, i just wanna zahar kha lun",2
feeling really fine because i met my friends,0
bruh i am just exhausted,1
deadass gonna zahar kha lun,2
why is everything so hopeless?,1
pressure is making me stressed,1
deadass gonna die,2
bhai i'm deadass tired,1
"goodbye everyone, i am going to jump off",2
tbh today was slaying,0
i am going to die,2
feeling literally chill because i found a new banger song,0
why is everything so depressed?,1
tbh today was goated,0
just got a job and feeling better,0
zindagi khatam karne ka mann kar raha hai,2
honestly today was mast,0
feeling burnt out and burnt out at the same time,1
why is everything so udas?,1
ngl finally finished the project,0
feeling fumbled and fumbled at the same time,1
i'm literally finished bestie,1
"bhai i'm broken, i just wanna hurt myself",2
why is everything so hopeless?,1
just slept well and feeling better,0
listen i am just lonely,1
everything is vibing bestie,0
"ab nahi jhela jata, i want to jump off",2
bestie i'm fine yaar,0
i am feeling chill today,0
"listen i feel like failure at everything, i should marna",2
i'm literally down bad no cap,1
i feel overwhelmed cooked,1
everything is better ig,0
life is badhiya tho,0
no cap today was better,0
"basically i feel like worthless, i should zahar kha lun",2
deadass finally slept well,0
"ab nahi jhela jata, i want to jaan dena",2
"ab nahi jhela jata, i want to die",2
better to jaan dena than live like this,2
feeling kafi crushing it because i found a new banger song,0
life is crushing it literally,0
feeling totally vibing because i hit a new pr,0
everything is productive bhai,0
life is sorted smh,0
zindagi khatam karne ka mann kar raha hai,2
just slept well and feeling fine,0
breakup is making me numb,1
bhai finally passed my exams,0
bahut udas feel ho raha hai smh,1
feeling finished and finished at the same time,1
everything is goated ig,0
bestie i'm vibing cooked,0
i'm literally depressed yaar,1
i want to end it all yaar,2
feeling totally vibing because i secured the bag,0
zindagi khatam karne ka mann kar raha hai,2
"ab nahi jhela jata, i want to hurt myself",2
yar i am just udas,1
bestie i'm mast yaar,0
bestie i'm vibing smh,0
just slept well and feeling crushing it,0
feeling deadass mast because i slept well,0
i want to disappear forever fr,2
life is lit bestie,0
lowkey today was vibing,0
bahut cooked feel ho raha hai cooked,1
bhai i'm deadass down bad,1
bhai i'm deadass down bad,1
"ab nahi jhela jata, i want to quit life",2
i am feeling goated today,0
"goodbye everyone, i am going to quit life",2
just slept well and feeling vibing,0
everything is badhiya smh,0
lowkey today was productive,0
i am feeling fine today,0
feeling lonely and lonely at the same time,1
i'm literally hopeless cooked,1
bhai i'm deadass numb,1
honestly i am just overwhelmed,1
feeling totally slaying because i met my friends,0
"tbh i feel like done with life, i should never wake up",2
yar finally chilling with fam,0
i feel sad lol,1
bestie i'm fine lol,0
"ab nahi jhela jata, i want to end it all",2
life is vibing bestie,0
life is lit bestie,0
i feel hopeless bhai,1
"goodbye everyone, i am going to marna",2
why is everything so cooked?,1
i am feeling lit today,0
feeling fumbled and fumbled at the same time,1
i want to quit life lol,2
life is better smh,0
life is slaying cooked,0
i am going to never wake up,2
just hit a new pr and feeling badhiya,0
why is everything so down bad?,1
deadass gonna hurt myself,2
"goodbye everyone, i am going to quit life",2
"goodbye everyone, i am going to kill myself",2
"ab nahi jhela jata, i want to kill myself",2
honestly today was goated,0
i'm literally down bad bestie,1
stress is making me depressed,1
i am going to khatam karun,2
better to jump off than live like this,2
everything is goated rn,0
i am going to end it all,2
better to hurt myself than live like this,2
better to disappear forever than live like this,2
"bhai i'm broken, i just wanna jaan dena",2
i am going to never wake up,2
just slept well and feeling fine,0
deadass gonna khatam karun,2
bhai i'm deadass sad,1
i feel depressed ig,1
everything is goated cooked,0
lowkey today was crushing it,0
i'm literally numb lol,1
why is everything so fumbled?,1
"goodbye everyone, i am going to hurt myself",2
listen finally got a job,0
deadass gonna disappear forever,2
i am feeling sorted today,0
zindagi khatam karne ka mann kar raha hai,2
bhai i'm deadass numb,1
i am going to disappear forever,2
bruh i very fumbled today,1
"goodbye everyone, i am going to suicide",2
i am going to kill myself,2
i am going to zahar kha lun,2
bahut burnt out feel ho raha hai ig,1
just finished the project and feeling better,0
bestie i'm productive vibes,0
"bhai i'm hopeless af, i just wanna die",2
zindagi khatam karne ka mann kar raha hai,2
i want to zahar kha lun smh,2
bhai i'm deadass sad,1
feeling kafi goated because i secured the bag,0
listen today was goated,0
failure is making me fumbled,1
feeling finished and finished at the same time,1
better to suicide than live like this,2
basically finally got a job,0
i want to jump off bestie,2
deadass gonna hurt myself,2
bestie i'm goated cooked,0
deadass gonna khatam karun,2
better to hurt myself than live like this,2
basically i am just fumbled,1
better to suicide than live like this,2
bhai i'm deadass stressed,1
"fr i feel like broken, i should hurt myself",2
i want to jaan dena literally,2
i am feeling crushing it today,0
zindagi khatam karne ka mann kar raha hai,2
pressure is making me finished,1
i want to suicide ig,2
ngl i am just lonely,1
better to quit life than live like this,2
just passed my exams and feeling chill,0
tbh finally got a job,0
bahut down bad feel ho raha hai lol,1
feeling so chill because i going to a party,0
lowkey today was chill,0
"goodbye everyone, i am going to zahar kha lun",2
feeling very lit because i finished the project,0
i'm literally stressed vibes,1
life is fine vibes,0
bhai i am just tired,1
better to khatam karun than live like this,2
bahut finished feel ho raha hai smh,1
bhai i'm deadass down bad,1
i am going to jump off,2
i am going to kill myself,2
no cap i am just finished,1
"bhai i'm finished, i just wanna kill myself",2
why is everything so burnt out?,1
"goodbye everyone, i am going to jump off",2
i want to kill myself yaar,2
i'm literally stressed no cap,1
academic pressure is making me exhausted,1
zindagi khatam karne ka mann kar raha hai,2
deadass today was lit,0
bahut down bad feel ho raha hai rn,1
i want to never wake up tho,2
listen i am just tired,1
deadass gonna hurt myself,2
just going to a party and feeling mast,0
"bhai i'm a burden, i just wanna zahar kha lun",2
honestly finally going to a party,0
bhai finally passed my exams,0
i'm literally sad yaar,1
i feel cooked tho,1
i want to marna no cap,2
honestly today was lit,0
listen finally going to a party,0
lowkey today was mast,0
just slept well and feeling slaying,0
life is better tho,0
"yar i feel like hopeless af, i should end it all",2
bestie i'm better no cap,0
just chilling with fam and feeling goated,0
bestie i'm vibing tho,0
bhai i'm deadass numb,1
"lowkey i feel like hopeless af, i should marna",2
"lowkey i feel like broken, i should suicide",2
why is everything so exhausted?,1
"ab nahi jhela jata, i want to jump off",2
lowkey i am just down bad,1
"goodbye everyone, i am going to jump off",2
listen i literally fumbled today,1
feeling super badhiya because i secured the bag,0
deadass i really fumbled today,1
"goodbye everyone, i am going to zahar kha lun",2
just going to a party and feeling chill,0
deadass gonna die,2
feeling hella badhiya because i slept well,0
everything is goated fr,0
i'm literally tired fr,1
bestie i'm sorted yaar,0
i am going to never wake up,2
i am going to zahar kha lun,2
"basically i feel like done with life, i should disappear forever",2
everything is vibing fr,0
yar i am just sad,1
i'm literally down bad literally,1
anxiety is making me stressed,1
zindagi khatam karne ka mann kar raha hai,2
i am feeling lit today,0
"bhai i feel like failure at everything, i should quit life",2
feeling finished and finished at the same time,1
bhai i'm deadass fumbled,1
i'm literally depressed vibes,1
bhai i'm deadass tired,1
just finished the project and feeling crushing it,0
bhai i'm deadass depressed,1
just slept well and feeling vibing,0
listen finally met my friends,0
"fr i feel like broken, i should marna",2
i feel sad smh,1
i want to jaan dena lol,2
bestie i'm crushing it lol,0
zindagi khatam karne ka mann kar raha hai,2
"bhai i'm failure at everything, i just wanna zahar kha lun",2
ngl today was slaying,0
bhai i'm deadass finished,1
bestie i'm vibing tho,0
life is sorted ig,0
"bhai i feel like failure at everything, i should jaan dena",2
better to jump off than live like this,2
i am going to disappear forever,2
i'm literally sad tho,1
life is sorted bestie,0
i'm literally overwhelmed literally,1
just finished the project and feeling sorted,0
zindagi khatam karne ka mann kar raha hai,2
feeling numb and numb at the same time,1
zindagi khatam karne ka mann kar raha hai,2
i'm literally exhausted ig,1
bestie i'm chill yaar,0
feeling udas and udas at the same time,1
zindagi khatam karne ka mann kar raha hai,2
feeling fumbled and fumbled at the same time,1
lowkey i very fumbled today,1
honestly i really fumbled today,1
feeling finished and finished at the same time,1
i am feeling chill today,0
deadass gonna khatam karun,2
bestie i'm productive rn,0
lowkey today was goated,0
why is everything so finished?,1
just hit a new pr and feeling slaying,0
everything is badhiya vibes,0
feeling hella mast because i got a job,0
"basically i feel like worthless, i should kill myself",2
i am feeling better today,0
i am feeling slaying today,0
"ab nahi jhela jata, i want to khatam karun",2
listen finally going to a party,0
life is mast vibes,0
ngl i am just udas,1
bhai i'm deadass stressed,1
feeling hopeless and hopeless at the same time,1
bahut tired feel ho raha hai lol,1
just chilling with fam and feeling sorted,0
deadass gonna die,2
bruh finally going to a party,0
everything is sorted fr,0
deadass gonna disappear forever,2
i am feeling mast today,0
"ab nahi jhela jata, i want to jaan dena",2
i am feeling productive today,0
"ab nahi jhela jata, i want to zahar kha lun",2
"ab nahi jhela jata, i want to suicide",2
"bhai i'm failure at everything, i just wanna jump off",2
feeling hella slaying because i secured the bag,0
no cap i am just stressed,1
"ab nahi jhela jata, i want to zahar kha lun",2
honestly today was vibing,0
"bhai i'm broken, i just wanna die",2
"ab nahi jhela jata, i want to quit life",2
everything is crushing it fr,0
deadass gonna jaan dena,2
lowkey i am just stressed,1
deadass gonna khatam karun,2
i'm literally exhausted bestie,1
fomo is making me fumbled,1
burden is making me lonely,1
i feel burnt out ig,1
honestly today was chill,0
i'm literally stressed literally,1
breakup is making me tired,1
bhai finally found a new banger song,0
life is goated bestie,0
zindagi khatam karne ka mann kar raha hai,2
i want to jump off bhai,2
tbh today was sorted,0
bahut sad feel ho raha hai rn,1
deadass gonna marna,2
i am feeling productive today,0
feeling so better because i met my friends,0
"bhai i'm failure at everything, i just wanna suicide",2
i feel depressed rn,1
"bhai i'm a burden, i just wanna khatam karun",2
i am feeling sorted today,0
deadass gonna end it all,2
"bhai i'm failure at everything, i just wanna jump off",2
"bhai i'm no way out, i just wanna never wake up",2
"bhai i'm worthless, i just wanna suicide",2
feeling finished and finished at the same time,1
feeling very lit because i going to a party,0
failure is making me udas,1
just secured the bag and feeling fine,0
just passed my exams and feeling crushing it,0
i feel sad yaar,1
"listen i feel like hopeless af, i should khatam karun",2
fr today was badhiya,0
life is mast ig,0
"ab nahi jhela jata, i want to end it all",2
i am going to jump off,2
deadass gonna jaan dena,2
basically i am just sad,1
feeling hella crushing it because i hit a new pr,0
honestly i am just tired,1
listen finally passed my exams,0
i want to jump off no cap,2
ngl i kafi fumbled today,1
bahut sad feel ho raha hai smh,1
i feel down bad bhai,1
fr finally passed my exams,0
"ab nahi jhela jata, i want to jaan dena",2
feeling hella mast because i hit a new pr,0
just secured the bag and feeling better,0
bhai i'm deadass sad,1
bahut udas feel ho raha hai cooked,1
zindagi khatam karne ka mann kar raha hai,2
just chilling with fam and feeling crushing it,0
basically finally chilling with fam,0
yar finally chilling with fam,0
i want to marna no cap,2
deadass gonna quit life,2
deadass gonna khatam karun,2
listen today was better,0
i am feeling fine today,0
honestly finally secured the bag,0
"yar i feel like hopeless af, i should end it all",2
bhai i'm deadass cooked,1
feeling kafi goated because i slept well,0
feeling deadass chill because i slept well,0
tbh finally chilling with fam,0
no cap i am just down bad,1
zindagi khatam karne ka mann kar raha hai,2
everything is sorted tho,0
bhai i'm deadass cooked,1
listen finally got a job,0
everything is lit literally,0
"bhai i'm done with life, i just wanna jump off",2
everything is slaying cooked,0
why is everything so lonely?,1
i am feeling sorted today,0
zindagi khatam karne ka mann kar raha hai,2
i am feeling mast today,0
just found a new banger song and feeling lit,0
zindagi khatam karne ka mann kar raha hai,2
life is crushing it cooked,0
"bhai i'm no way out, i just wanna end it all",2
i am feeling productive today,0
everything is fine literally,0
i feel tired smh,1
i feel tired vibes,1
i am going to end it all,2
i want to suicide vibes,2
bhai i'm deadass cooked,1
i am going to zahar kha lun,2
"tbh i feel like finished, i should zahar kha lun",2
pressure is making me numb,1
everything is mast yaar,0
bestie i'm crushing it literally,0
"no cap i feel like finished, i should jump off",2
deadass gonna end it all,2
i am going to jump off,2
breakup is making me lonely,1
"bhai i'm done with life, i just wanna kill myself",2
life is lit fr,0
bestie i'm goated lol,0
better to never wake up than live like this,2
i am going to end it all,2
bahut down bad feel ho raha hai rn,1
feeling hopeless and hopeless at the same time,1
listen i totally fumbled today,1
bestie i'm goated literally,0
i feel lonely rn,1
feeling super crushing it because i chilling with fam,0
i am feeling badhiya today,0
just finished the project and feeling better,0
i am going to suicide,2
"ab nahi jhela jata, i want to end it all",2
"bhai i'm finished, i just wanna disappear forever",2
just finished the project and feeling productive,0
"basically i feel like done with life, i should jaan dena",2
basically today was vibing,0
i want to quit life ig,2
feeling very chill because i met my friends,0
bhai i'm deadass exhausted,1
honestly today was lit,0
bahut overwhelmed feel ho raha hai bhai,1
i am going to suicide,2
i am feeling mast today,0
deadass gonna quit life,2
i'm literally tired fr,1
"goodbye everyone, i am going to marna",2
"ab nahi jhela jata, i want to quit life",2
burden is making me udas,1
bhai today was sorted,0
zindagi khatam karne ka mann kar raha hai,2
i'm literally overwhelmed cooked,1
i feel tired bhai,1
bestie i'm sorted vibes,0
"ab nahi jhela jata, i want to marna",2
deadass gonna marna,2
i feel down bad vibes,1
bhai i'm deadass depressed,1
bestie i'm crushing it rn,0
"lowkey i feel like worthless, i should end it all",2
why is everything so finished?,1
i'm literally stressed ig,1
bhai i'm deadass stressed,1
feeling tired and tired at the same time,1
bestie i'm chill lol,0
"ab nahi jhela jata, i want to hurt myself",2
yar today was sorted,0
i am going to disappear forever,2
"ab nahi jhela jata, i want to khatam karun",2
life is goated lol,0
honestly today was better,0
just found a new banger song and feeling better,0
bestie i'm sorted fr,0
i want to end it all literally,2
just met my friends and feeling productive,0
bhai today was chill,0
feeling sad and sad at the same time,1
i'm literally cooked bhai,1
just finished the project and feeling crushing it,0
bahut sad feel ho raha hai smh,1
life is lit fr,0
"yar i feel like broken, i should kill myself",2
zindagi khatam karne ka mann kar raha hai,2
i want to hurt myself tho,2
bahut fumbled feel ho raha hai cooked,1
bahut finished feel ho raha hai no cap,1
anxiety is making me stressed,1
basically finally got a job,0
yar i am just exhausted,1
yar today was lit,0
"ab nahi jhela jata, i want to marna",2
zindagi khatam karne ka mann kar raha hai,2
breakup is making me fumbled,1
zindagi khatam karne ka mann kar raha hai,2
better to marna than live like this,2
deadass gonna hurt myself,2
bestie i'm vibing bhai,0
why is everything so udas?,1
zindagi khatam karne ka mann kar raha hai,2
listen i so fumbled today,1
feeling very crushing it because i secured the bag,0
bestie i'm better no cap,0
zindagi khatam karne ka mann kar raha hai,2
everything is slaying fr,0
"yar i feel like a burden, i should jaan dena",2
feeling overwhelmed and overwhelmed at the same time,1
i feel udas lol,1
"goodbye everyone, i am going to disappear forever",2
i am feeling chill today,0
bahut sad feel ho raha hai rn,1
ngl finally secured the bag,0
stress is making me fumbled,1
no cap i am just burnt out,1
deadass today was fine,0
everything is chill tho,0
no cap today was lit,0
bahut overwhelmed feel ho raha hai bhai,1
i feel exhausted bhai,1
listen finally slept well,0
bestie i'm fine bestie,0
"bhai i'm hopeless af, i just wanna quit life",2
ngl finally chilling with fam,0
why is everything so udas?,1
everything is badhiya ig,0
bhai finally got a job,0
better to suicide than live like this,2
feeling deadass badhiya because i passed my exams,0
feeling really lit because i chilling with fam,0
"ab nahi jhela jata, i want to jump off",2
"bhai i'm finished, i just wanna khatam karun",2
feeling depressed and depressed at the same time,1
everything is crushing it vibes,0
just chilling with fam and feeling lit,0
better to hurt myself than live like this,2
i'm literally exhausted lol,1
i feel lonely bhai,1
i'm literally sad vibes,1
bhai i'm deadass cooked,1
i want to quit life no cap,2
"ngl i feel like failure at everything, i should marna",2
deadass gonna jump off,2
basically i am just hopeless,1
why is everything so cooked?,1
life is lit smh,0
i'm literally overwhelmed yaar,1
i'm literally cooked ig,1
better to disappear forever than live like this,2
i'm literally udas tho,1
"goodbye everyone, i am going to disappear forever",2
why is everything so exhausted?,1
just passed my exams and feeling slaying,0
i feel finished literally,1
just chilling with fam and feeling mast,0
lowkey finally got a job,0
why is everything so cooked?,1
just met my friends and feeling productive,0
i feel depressed vibes,1
i'm literally depressed no cap,1
fr today was better,0
i feel exhausted bestie,1
life is badhiya tho,0
basically i totally fumbled today,1
bestie i'm fine lol,0
why is everything so down bad?,1
bhai i'm deadass depressed,1
pressure is making me lonely,1
"yar i feel like no way out, i should khatam karun",2
"goodbye everyone, i am going to hurt myself",2
i am feeling slaying today,0
"ab nahi jhela jata, i want to kill myself",2
i want to quit life cooked,2
better to zahar kha lun than live like this,2
bhai i'm deadass numb,1
"bhai i'm a burden, i just wanna disappear forever",2
why is everything so stressed?,1
"ab nahi jhela jata, i want to jaan dena",2
just slept well and feeling sorted,0
i am going to kill myself,2
listen finally chilling with fam,0
"ab nahi jhela jata, i want to disappear forever",2
feeling lonely and lonely at the same time,1
bestie i'm fine smh,0
bahut stressed feel ho raha hai vibes,1
bhai today was chill,0
"ab nahi jhela jata, i want to die",2
why is everything so exhausted?,1
bestie i'm mast ig,0
"ab nahi jhela jata, i want to khatam karun",2
bestie i'm productive cooked,0
i'm literally exhausted literally,1
just going to a party and feeling productive,0
listen i am just exhausted,1
i'm literally sad bestie,1
yar today was mast,0
why is everything so fumbled?,1
"ab nahi jhela jata, i want to jaan dena",2
bhai finally got a job,0
"ab nahi jhela jata, i want to end it all",2
"goodbye everyone, i am going to jump off",2
feeling cooked and cooked at the same time,1
"goodbye everyone, i am going to zahar kha lun",2
"ab nahi jhela jata, i want to die",2
everything is lit ig,0
"goodbye everyone, i am going to never wake up",2
basically finally hit a new pr,0
everything is slaying yaar,0
deadass i am just overwhelmed,1
listen today was goated,0
i'm literally numb literally,1
just slept well and feeling lit,0
i'm literally overwhelmed tho,1
lowkey today was goated,0
failure is making me udas,1
"ngl i feel like a burden, i should zahar kha lun",2
feeling overwhelmed and overwhelmed at the same time,1
"bhai i'm no way out, i just wanna kill myself",2
i want to disappear forever rn,2
"goodbye everyone, i am going to jump off",2
better to quit life than live like this,2
"ab nahi jhela jata, i want to zahar kha lun",2
feeling cooked and cooked at the same time,1
i am feeling productive today,0
deadass today was sorted,0
bestie i'm badhiya no cap,0
life is crushing it no cap,0
everything is sorted cooked,0
"bhai i'm hopeless af, i just wanna zahar kha lun",2
life is slaying bhai,0
better to khatam karun than live like this,2
everything is vibing literally,0
bestie i'm crushing it smh,0
feeling cooked and cooked at the same time,1
better to jump off than live like this,2
just met my friends and feeling fine,0
listen today was vibing,0
feeling hopeless and hopeless at the same time,1
"bhai i'm done with life, i just wanna never wake up",2
why is everything so sad?,1
i'm literally down bad smh,1
feeling literally productive because i passed my exams,0
life is productive bestie,0
bhai i'm deadass tired,1
bestie i'm slaying rn,0
life is better rn,0
why is everything so hopeless?,1
feeling udas and udas at the same time,1
everything is slaying lol,0
i'm literally tired smh,1
feeling very chill because i chilling with fam,0
just met my friends and feeling lit,0
deadass gonna jaan dena,2
bestie i'm productive ig,0
i am feeling badhiya today,0
bruh today was slaying,0
everything is fine yaar,0
ngl today was crushing it,0
honestly finally met my friends,0
i want to never wake up bestie,2
why is everything so numb?,1
no cap finally hit a new pr,0
feeling kafi slaying because i chilling with fam,0
everything is slaying smh,0
"goodbye everyone, i am going to disappear forever",2
fomo is making me hopeless,1
"bhai i'm failure at everything, i just wanna end it all",2
feeling stressed and stressed at the same time,1
deadass i am just exhausted,1
bestie i'm better lol,0
life is mast bhai,0
bahut exhausted feel ho raha hai vibes,1
why is everything so burnt out?,1
feeling hopeless and hopeless at the same time,1
just met my friends and feeling badhiya,0
"honestly i feel like finished, i should disappear forever",2
yar finally passed my exams,0
everything is mast lol,0
yar today was slaying,0
i'm literally overwhelmed rn,1
"bhai i'm broken, i just wanna jaan dena",2
i am feeling vibing today,0
"ab nahi jhela jata, i want to hurt myself",2
"ngl i feel like failure at everything, i should disappear forever",2
yar today was mast,0
i want to die literally,2
i am going to end it all,2
bahut down bad feel ho raha hai fr,1
everything is crushing it bestie,0
bhai i am just lonely,1
"ab nahi jhela jata, i want to hurt myself",2
bahut numb feel ho raha hai cooked,1
"goodbye everyone, i am going to end it all",2
deadass gonna end it all,2
"yar i feel like failure at everything, i should jaan dena",2
everything is slaying smh,0
everything is crushing it rn,0
"yar i feel like failure at everything, i should quit life",2
bahut burnt out feel ho raha hai no cap,1
deadass i super fumbled today,1
i feel down bad bhai,1
just finished the project and feeling mast,0
feeling hella slaying because i found a new banger song,0
better to die than live like this,2
"basically i feel like hopeless af, i should never wake up",2
yar i really fumbled today,1
yar i so fumbled today,1
listen today was badhiya,0
"deadass i feel like failure at everything, i should zahar kha lun",2
overthinking is making me burnt out,1
deadass gonna suicide,2
i feel burnt out bestie,1
"goodbye everyone, i am going to jump off",2
ngl finally found a new banger song,0
better to jaan dena than live like this,2
bruh today was crushing it,0
i am feeling slaying today,0
everything is badhiya yaar,0
just got a job and feeling mast,0
"goodbye everyone, i am going to quit life",2
everything is badhiya yaar,0
ngl i am just tired,1
"yar i feel like broken, i should never wake up",2
bestie i'm productive fr,0
no cap i am just depressed,1
bahut stressed feel ho raha hai vibes,1
"listen i feel like worthless, i should marna",2
why is everything so depressed?,1
bhai i'm deadass burnt out,1
bestie i'm productive bhai,0
life is better no cap,0
no cap i so fumbled today,1
bestie i'm sorted ig,0
bruh i really fumbled today,1
zindagi khatam karne ka mann kar raha hai,2
bahut burnt out feel ho raha hai literally,1
i'm literally down bad literally,1
yar i totally fumbled today,1
"tbh i feel like finished, i should suicide",2
just slept well and feeling crushing it,0
"ab nahi jhela jata, i want to zahar kha lun",2
life is productive bestie,0
"bhai i'm worthless, i just wanna jaan dena",2
tbh i am just burnt out,1
bahut numb feel ho raha hai cooked,1
bhai i'm deadass finished,1
listen today was better,0
deadass i so fumbled today,1
feeling burnt out and burnt out at the same time,1
anxiety is making me burnt out,1
bahut exhausted feel ho raha hai smh,1
just finished the project and feeling vibing,0
"bruh i feel like no way out, i should khatam karun",2
zindagi khatam karne ka mann kar raha hai,2
feeling very fine because i chilling with fam,0
bahut hopeless feel ho raha hai bhai,1
bahut tired feel ho raha hai ig,1
i am feeling lit today,0
academic pressure is making me depressed,1
why is everything so numb?,1
bhai i'm deadass exhausted,1
feeling fumbled and fumbled at the same time,1
feeling totally mast because i chilling with fam,0
just found a new banger song and feeling goated,0
bestie i'm slaying ig,0
zindagi khatam karne ka mann kar raha hai,2
i feel hopeless rn,1
i feel udas bhai,1
everything is productive lol,0
deadass i super fumbled today,1
i am feeling sorted today,0
"ab nahi jhela jata, i want to quit life",2
just passed my exams and feeling sorted,0
bahut cooked feel ho raha hai lol,1
feeling udas and udas at the same time,1
just hit a new pr and feeling sorted,0
feeling super badhiya because i found a new banger song,0
bhai i'm deadass tired,1
"bhai i'm worthless, i just wanna zahar kha lun",2
feeling overwhelmed and overwhelmed at the same time,1
deadass gonna jaan dena,2
i'm literally overwhelmed tho,1
"listen i feel like a burden, i should zahar kha lun",2
i am feeling goated today,0
feeling finished and finished at the same time,1
i feel stressed smh,1
just finished the project and feeling lit,0
feeling super productive because i slept well,0
fr i literally fumbled today,1
"tbh i feel like done with life, i should jump off",2
zindagi khatam karne ka mann kar raha hai,2
life is fine tho,0
"yar i feel like worthless, i should end it all",2
just finished the project and feeling slaying,0
better to end it all than live like this,2
feeling very slaying because i found a new banger song,0
why is everything so fumbled?,1
i am feeling crushing it today,0
everything is chill bhai,0
everything is slaying cooked,0
i am feeling slaying today,0
tbh today was chill,0
why is everything so udas?,1
why is everything so udas?,1
zindagi khatam karne ka mann kar raha hai,2
i am going to end it all,2
"lowkey i feel like a burden, i should khatam karun",2
feeling down bad and down bad at the same time,1
just passed my exams and feeling vibing,0
tbh i am just exhausted,1
i'm literally down bad tho,1
feeling totally crushing it because i passed my exams,0
bestie i'm mast vibes,0
failure is making me sad,1
i am going to kill myself,2
i feel stressed ig,1
i'm literally burnt out ig,1
yar finally going to a party,0
i'm literally stressed yaar,1
bahut tired feel ho raha hai yaar,1
"tbh i feel like worthless, i should marna",2
i feel cooked tho,1
i want to quit life fr,2
academic pressure is making me down bad,1
i'm literally lonely rn,1
why is everything so exhausted?,1
feeling finished and finished at the same time,1
i am going to jump off,2
"no cap i feel like broken, i should die",2
why is everything so burnt out?,1
feeling very badhiya because i slept well,0
zindagi khatam karne ka mann kar raha hai,2
i am feeling lit today,0
better to disappear forever than live like this,2
tension is making me cooked,1
"ab nahi jhela jata, i want to zahar kha lun",2
deadass gonna jump off,2
"ab nahi jhela jata, i want to kill myself",2
life is crushing it smh,0
bhai today was slaying,0
better to hurt myself than live like this,2
better to never wake up than live like this,2
i'm literally numb ig,1
zindagi khatam karne ka mann kar raha hai,2
zindagi khatam karne ka mann kar raha hai,2
why is everything so hopeless?,1
everything is better fr,0
deadass gonna khatam karun,2
better to suicide than live like this,2
i want to die smh,2
yar i totally fumbled today,1
yar i literally fumbled today,1
feeling udas and udas at the same time,1
feeling kafi crushing it because i found a new banger song,0
bestie i'm mast ig,0
listen today was goated,0
bestie i'm chill literally,0
bhai i'm deadass cooked,1
better to suicide than live like this,2
i want to suicide vibes,2
i want to marna ig,2
"goodbye everyone, i am going to jaan dena",2
bahut finished feel ho raha hai fr,1
life is productive tho,0
basically i am just lonely,1
just hit a new pr and feeling chill,0
bhai today was crushing it,0
why is everything so sad?,1
i feel numb vibes,1
"bhai i'm worthless, i just wanna disappear forever",2
just found a new banger song and feeling productive,0
everything is sorted bestie,0
just chilling with fam and feeling goated,0
honestly finally hit a new pr,0
bruh i really fumbled today,1
zindagi khatam karne ka mann kar raha hai,2
feeling super goated because i going to a party,0
deadass gonna jaan dena,2
deadass gonna jaan dena,2
i am feeling crushing it today,0
just finished the project and feeling sorted,0
honestly today was badhiya,0
academic pressure is making me down bad,1
tbh i am just lonely,1
everything is sorted vibes,0
i feel finished literally,1
"ab nahi jhela jata, i want to khatam karun",2
"yar i feel like finished, i should khatam karun",2
feeling deadass vibing because i met my friends,0
i am feeling chill today,0
bestie i'm lit no cap,0
i want to suicide bhai,2
everything is fine tho,0
feeling deadass chill because i going to a party,0
"ab nahi jhela jata, i want to marna",2
ngl finally met my friends,0
i am going to kill myself,2
bahut numb feel ho raha hai rn,1
i feel hopeless bhai,1
feeling totally fine because i met my friends,0
bestie i'm mast smh,0
life is lit ig,0
i want to kill myself bestie,2
honestly today was sorted,0
bhai i'm deadass fumbled,1
better to end it all than live like this,2
i am feeling crushing it today,0
feeling lonely and lonely at the same time,1
"goodbye everyone, i am going to disappear forever",2
yar i am just down bad,1
bhai i'm deadass hopeless,1
i am feeling mast today,0
i'm literally lonely yaar,1
life is vibing cooked,0
just found a new banger song and feeling sorted,0
i feel hopeless lol,1
bestie i'm lit vibes,0
life is slaying no cap,0
zindagi khatam karne ka mann kar raha hai,2
i am feeling fine today,0
just secured the bag and feeling goated,0
"ab nahi jhela jata, i want to marna",2
bhai i am just udas,1
i am feeling better today,0
bahut sad feel ho raha hai tho,1
everything is crushing it cooked,0
bahut fumbled feel ho raha hai tho,1
listen i am just burnt out,1
yar i hella fumbled today,1
bestie i'm chill fr,0
listen finally going to a party,0
just hit a new pr and feeling fine,0
everything is slaying cooked,0
feeling lonely and lonely at the same time,1
"bhai i'm hopeless af, i just wanna jump off",2
"goodbye everyone, i am going to disappear forever",2
just slept well and feeling goated,0
just passed my exams and feeling goated,0
just met my friends and feeling lit,0
i'm literally exhausted literally,1
feeling sad and sad at the same time,1
feeling so goated because i met my friends,0
i feel udas vibes,1
"no cap i feel like a burden, i should suicide",2
i feel depressed bhai,1
everything is productive smh,0
zindagi khatam karne ka mann kar raha hai,2
"tbh i feel like broken, i should jump off",2
bhai i hella fumbled today,1
listen i am just depressed,1
honestly today was sorted,0
basically i very fumbled today,1
ngl finally secured the bag,0
"bhai i'm finished, i just wanna never wake up",2
"goodbye everyone, i am going to marna",2
everything is productive tho,0
lowkey i totally fumbled today,1
honestly today was productive,0
deadass gonna marna,2
zindagi khatam karne ka mann kar raha hai,2
"bhai i feel like worthless, i should jaan dena",2
bhai i'm deadass depressed,1
i want to hurt myself bhai,2
everything is better bestie,0
bhai i'm deadass hopeless,1
bahut exhausted feel ho raha hai rn,1
"listen i feel like hopeless af, i should kill myself",2
failure is making me cooked,1
honestly today was slaying,0
fr finally met my friends,0
deadass i am just overwhelmed,1
bestie i'm sorted smh,0
zindagi khatam karne ka mann kar raha hai,2
life is better literally,0
feeling fumbled and fumbled at the same time,1
basically today was lit,0
bruh finally going to a party,0
lowkey finally chilling with fam,0
deadass i super fumbled today,1
overthinking is making me depressed,1
just met my friends and feeling fine,0
why is everything so hopeless?,1
better to zahar kha lun than live like this,2
feeling fumbled and fumbled at the same time,1
just slept well and feeling lit,0
i feel sad literally,1
why is everything so fumbled?,1
"goodbye everyone, i am going to hurt myself",2
deadass gonna end it all,2
zindagi khatam karne ka mann kar raha hai,2
just found a new banger song and feeling productive,0
tbh today was fine,0
tension is making me down bad,1
i feel lonely ig,1
just got a job and feeling slaying,0
deadass gonna marna,2
i am going to jump off,2
i am feeling fine today,0
"goodbye everyone, i am going to jaan dena",2
zindagi khatam karne ka mann kar raha hai,2
bhai finally finished the project,0
tbh i literally fumbled today,1
bahut cooked feel ho raha hai bestie,1
better to quit life than live like this,2
no cap today was lit,0
better to jump off than live like this,2
i feel stressed fr,1
feeling very chill because i hit a new pr,0
no cap finally passed my exams,0
anxiety is making me burnt out,1
i am feeling lit today,0
fr today was crushing it,0
just met my friends and feeling mast,0
deadass gonna marna,2
listen today was productive,0
i want to jump off tho,2
bruh i very fumbled today,1
deadass gonna suicide,2
better to marna than live like this,2
just hit a new pr and feeling crushing it,0
i'm literally down bad rn,1
"bhai i'm finished, i just wanna zahar kha lun",2
zindagi khatam karne ka mann kar raha hai,2
no cap today was sorted,0
i want to die cooked,2
"goodbye everyone, i am going to jaan dena",2
zindagi khatam karne ka mann kar raha hai,2
i want to end it all tho,2
lowkey today was vibing,0
yar finally chilling with fam,0
everything is goated tho,0
bestie i'm mast yaar,0
bestie i'm crushing it bhai,0
"ab nahi jhela jata, i want to marna",2
feeling lonely and lonely at the same time,1
i am feeling badhiya today,0
i am feeling goated today,0
bestie i'm goated vibes,0
bhai i'm deadass stressed,1
academic pressure is making me overwhelmed,1
life is fine lol,0
bahut hopeless feel ho raha hai bhai,1
i want to marna yaar,2
everything is chill ig,0
i am going to die,2
life is lit literally,0
"bhai i'm worthless, i just wanna zahar kha lun",2
"bhai i'm hopeless af, i just wanna marna",2
"honestly i feel like failure at everything, i should suicide",2
failure is making me numb,1
everything is lit no cap,0
zindagi khatam karne ka mann kar raha hai,2
"ab nahi jhela jata, i want to jump off",2
"goodbye everyone, i am going to khatam karun",2
"bhai i'm failure at everything, i just wanna quit life",2
feeling lonely and lonely at the same time,1
bahut numb feel ho raha hai bhai,1
bhai i'm deadass numb,1
feeling down bad and down bad at the same time,1
no cap i am just down bad,1
i am going to never wake up,2
"bhai i'm a burden, i just wanna end it all",2
life is productive tho,0
bestie i'm badhiya vibes,0
bahut udas feel ho raha hai lol,1
tbh today was crushing it,0
i feel cooked literally,1
just finished the project and feeling mast,0
bruh today was sorted,0
tbh finally going to a party,0
yar today was goated,0
"tbh i feel like no way out, i should marna",2
bestie i'm fine cooked,0
bhai i'm deadass down bad,1
better to jump off than live like this,2
i am going to never wake up,2
i feel overwhelmed no cap,1
i want to zahar kha lun bestie,2
bahut stressed feel ho raha hai rn,1
deadass i am just udas,1
academic pressure is making me lonely,1
bahut stressed feel ho raha hai rn,1
i am going to jaan dena,2
yar today was vibing,0
bhai i'm deadass udas,1
why is everything so fumbled?,1
"ab nahi jhela jata, i want to zahar kha lun",2
life is fine tho,0
i am going to zahar kha lun,2
"bhai i'm hopeless af, i just wanna marna",2
bestie i'm mast vibes,0
overthinking is making me overwhelmed,1
feeling hella mast because i finished the project,0
why is everything so udas?,1
"goodbye everyone, i am going to zahar kha lun",2
"ab nahi jhela jata, i want to khatam karun",2
feeling hella lit because i met my friends,0
bhai i'm deadass finished,1
fr today was goated,0
better to quit life than live like this,2
lowkey today was badhiya,0
feeling depressed and depressed at the same time,1
i'm literally lonely lol,1
listen i am just sad,1
i am feeling slaying today,0
bhai i'm deadass udas,1
better to suicide than live like this,2
"ab nahi jhela jata, i want to suicide",2
i am going to hurt myself,2
life is lit yaar,0
feeling lonely and lonely at the same time,1
bhai finally secured the bag,0
lowkey i am just overwhelmed,1
why is everything so cooked?,1
why is everything so numb?,1
why is everything so sad?,1
bestie i'm badhiya rn,0
everything is vibing cooked,0
bhai i deadass fumbled today,1
zindagi khatam karne ka mann kar raha hai,2
i am going to kill myself,2
everything is sorted ig,0
i feel numb bestie,1
feeling really lit because i got a job,0
i am feeling slaying today,0
i want to jump off lol,2
"tbh i feel like worthless, i should end it all",2
listen i am just cooked,1
bestie i'm vibing vibes,0
just going to a party and feeling productive,0
"ab nahi jhela jata, i want to jaan dena",2
deadass gonna suicide,2
fomo is making me numb,1
i am feeling goated today,0
bhai i'm deadass finished,1
tension is making me stressed,1
i want to never wake up smh,2
bhai i'm deadass hopeless,1
yar i am just finished,1
"tbh i feel like broken, i should quit life",2
i'm literally burnt out bestie,1
better to die than live like this,2
bahut tired feel ho raha hai bestie,1
i am feeling slaying today,0
just found a new banger song and feeling chill,0
i want to die yaar,2
"no cap i feel like hopeless af, i should kill myself",2
feeling down bad and down bad at the same time,1
i feel lonely lol,1
"bhai i'm hopeless af, i just wanna suicide",2
bhai i'm deadass sad,1
"bhai i'm failure at everything, i just wanna hurt myself",2
listen i am just finished,1
everything is goated vibes,0
"goodbye everyone, i am going to end it all",2
listen finally slept well,0
just going to a party and feeling mast,0
life is goated ig,0
"honestly i feel like broken, i should jaan dena",2
i feel burnt out cooked,1
bhai i'm deadass tired,1
i want to kill myself no cap,2
i am feeling vibing today,0
tbh i so fumbled today,1
yar i very fumbled today,1
bahut stressed feel ho raha hai lol,1
"bhai i feel like hopeless af, i should zahar kha lun",2
i want to never wake up tho,2
why is everything so fumbled?,1
feeling so slaying because i secured the bag,0
tension is making me sad,1
feeling really better because i passed my exams,0
better to end it all than live like this,2
"listen i feel like finished, i should hurt myself",2
yar i am just burnt out,1
i am going to suicide,2
i feel hopeless tho,1
i am feeling fine today,0
i am feeling badhiya today,0
i'm literally depressed fr,1
bhai i'm deadass cooked,1
"ab nahi jhela jata, i want to kill myself",2
why is everything so numb?,1
deadass gonna die,2
i'm literally numb smh,1
feeling really sorted because i met my friends,0
feeling deadass chill because i going to a party,0
"ngl i feel like broken, i should suicide",2
i feel cooked vibes,1
feeling down bad and down bad at the same time,1
better to kill myself than live like this,2
tbh today was badhiya,0
why is everything so stressed?,1
life is mast rn,0
feeling down bad and down bad at the same time,1
honestly i really fumbled today,1
bahut burnt out feel ho raha hai bestie,1
better to quit life than live like this,2
deadass i am just burnt out,1
overthinking is making me exhausted,1
i am feeling slaying today,0
fomo is making me hopeless,1
stress is making me overwhelmed,1
basically finally found a new banger song,0
"goodbye everyone, i am going to khatam karun",2
why is everything so sad?,1
better to suicide than live like this,2
i am going to zahar kha lun,2
zindagi khatam karne ka mann kar raha hai,2
"bhai i'm hopeless af, i just wanna disappear forever",2
i want to hurt myself rn,2
stress is making me depressed,1
deadass gonna quit life,2
i feel stressed literally,1
"goodbye everyone, i am going to end it all",2
i'm literally cooked rn,1
"listen i feel like done with life, i should never wake up",2
i am going to zahar kha lun,2
breakup is making me depressed,1
zindagi khatam karne ka mann kar raha hai,2
zindagi khatam karne ka mann kar raha hai,2
"bhai i'm a burden, i just wanna zahar kha lun",2
i feel overwhelmed literally,1
i am feeling better today,0
i want to disappear forever no cap,2
feeling overwhelmed and overwhelmed at the same time,1
feeling finished and finished at the same time,1
feeling totally lit because i met my friends,0
feeling sad and sad at the same time,1
just secured the bag and feeling crushing it,0
"bhai i'm worthless, i just wanna disappear forever",2
zindagi khatam karne ka mann kar raha hai,2
i want to hurt myself fr,2
pressure is making me down bad,1
"goodbye everyone, i am going to zahar kha lun",2
deadass today was slaying,0
zindagi khatam karne ka mann kar raha hai,2
"bhai i'm worthless, i just wanna zahar kha lun",2
bhai i'm deadass depressed,1
basically finally found a new banger song,0
i'm literally burnt out vibes,1
bahut stressed feel ho raha hai bhai,1
deadass gonna hurt myself,2
why is everything so tired?,1
deadass i kafi fumbled today,1
bahut burnt out feel ho raha hai cooked,1
i am going to end it all,2
i am feeling fine today,0
just hit a new pr and feeling sorted,0
feeling super badhiya because i met my friends,0
ngl i kafi fumbled today,1
i want to marna literally,2
"goodbye everyone, i am going to jaan dena",2
i am going to hurt myself,2
i feel fumbled lol,1
i want to suicide cooked,2
why is everything so burnt out?,1
i am going to marna,2
i feel overwhelmed yaar,1
i want to khatam karun vibes,2
yar finally finished the project,0
feeling deadass sorted because i found a new banger song,0
better to never wake up than live like this,2
i'm literally udas bestie,1
feeling literally crushing it because i hit a new pr,0
"goodbye everyone, i am going to marna",2
i am going to quit life,2
stress is making me depressed,1
i want to quit life vibes,2
feeling totally sorted because i met my friends,0
bestie i'm crushing it yaar,0
just found a new banger song and feeling sorted,0
listen today was chill,0
everything is vibing lol,0
anxiety is making me numb,1
i am going to marna,2
deadass gonna marna,2
everything is chill yaar,0
breakup is making me down bad,1
"ab nahi jhela jata, i want to hurt myself",2
zindagi khatam karne ka mann kar raha hai,2
fr today was goated,0
i want to jump off literally,2
feeling fumbled and fumbled at the same time,1
bhai i'm deadass finished,1
deadass i kafi fumbled today,1
why is everything so finished?,1
listen i am just stressed,1
feeling really productive because i finished the project,0
"ab nahi jhela jata, i want to hurt myself",2
pressure is making me burnt out,1
i am feeling mast today,0
just met my friends and feeling lit,0
i want to hurt myself rn,2
listen i very fumbled today,1
everything is badhiya literally,0
life is goated yaar,0
yar i hella fumbled today,1
bahut fumbled feel ho raha hai bhai,1
i'm literally udas vibes,1
i'm literally depressed yaar,1
why is everything so cooked?,1
why is everything so sad?,1
"bruh i feel like hopeless af, i should hurt myself",2
i am feeling sorted today,0
basically i literally fumbled today,1
feeling hella crushing it because i met my friends,0
feeling stressed and stressed at the same time,1
listen finally slept well,0
life is crushing it smh,0
"ab nahi jhela jata, i want to khatam karun",2
i feel down bad literally,1
i'm literally hopeless fr,1
bhai i'm deadass sad,1
zindagi khatam karne ka mann kar raha hai,2
i am feeling productive today,0
fr i am just numb,1
better to disappear forever than live like this,2
"fr i feel like broken, i should jaan dena",2
bestie i'm fine bestie,0
life is badhiya tho,0
tbh finally secured the bag,0
feeling lonely and lonely at the same time,1
bahut down bad feel ho raha hai bestie,1
"ab nahi jhela jata, i want to end it all",2
bhai i'm deadass sad,1
better to end it all than live like this,2
life is vibing fr,0
life is vibing cooked,0
i feel exhausted lol,1
i am going to die,2
feeling exhausted and exhausted at the same time,1
i am feeling vibing today,0
feeling exhausted and exhausted at the same time,1
bestie i'm goated tho,0
feeling cooked and cooked at the same time,1
"ab nahi jhela jata, i want to end it all",2
deadass gonna die,2
feeling hella mast because i going to a party,0
feeling deadass fine because i found a new banger song,0
"goodbye everyone, i am going to end it all",2
bahut finished feel ho raha hai rn,1
fr finally finished the project,0
ngl today was better,0
bahut cooked feel ho raha hai rn,1
bahut stressed feel ho raha hai vibes,1
everything is productive smh,0
why is everything so overwhelmed?,1
"goodbye everyone, i am going to jaan dena",2
bruh i kafi fumbled today,1
"goodbye everyone, i am going to marna",2
bruh i am just stressed,1
overthinking is making me depressed,1
"goodbye everyone, i am going to kill myself",2
"bhai i feel like a burden, i should end it all",2
"no cap i feel like worthless, i should never wake up",2
life is sorted literally,0
"goodbye everyone, i am going to kill myself",2
i'm literally finished fr,1
"ngl i feel like failure at everything, i should jaan dena",2
feeling numb and numb at the same time,1
tbh today was mast,0
feeling very slaying because i finished the project,0
everything is sorted rn,0
everything is goated bestie,0
ngl i am just tired,1
zindagi khatam karne ka mann kar raha hai,2
feeling very mast because i finished the project,0
"ab nahi jhela jata, i want to zahar kha lun",2
"no cap i feel like done with life, i should suicide",2
i am feeling productive today,0
i am going to disappear forever,2
deadass gonna jaan dena,2
lowkey i am just numb,1
bestie i'm fine cooked,0
everything is slaying rn,0
better to die than live like this,2
i feel overwhelmed literally,1
i am feeling fine today,0
yar today was better,0
i feel down bad no cap,1
"ab nahi jhela jata, i want to die",2
i want to die literally,2
"honestly i feel like finished, i should end it all",2
i feel numb no cap,1
basically i super fumbled today,1
i want to die tho,2
bestie i'm crushing it no cap,0
deadass i am just stressed,1
everything is crushing it bestie,0
breakup is making me exhausted,1
"bhai i'm hopeless af, i just wanna quit life",2
deadass gonna never wake up,2
bruh i am just numb,1
zindagi khatam karne ka mann kar raha hai,2
i am feeling better today,0
just hit a new pr and feeling mast,0
i feel udas fr,1
"bhai i'm hopeless af, i just wanna disappear forever",2
feeling really slaying because i met my friends,0
better to suicide than live like this,2
just hit a new pr and feeling chill,0
why is everything so overwhelmed?,1
i'm literally lonely bestie,1
bhai i'm deadass burnt out,1
bhai i'm deadass lonely,1
bahut sad feel ho raha hai yaar,1
bahut stressed feel ho raha hai yaar,1
bestie i'm badhiya lol,0
bhai i hella fumbled today,1
better to die than live like this,2
just chilling with fam and feeling badhiya,0
i am feeling crushing it today,0
"basically i feel like finished, i should disappear forever",2
just met my friends and feeling badhiya,0
i want to end it all cooked,2
life is badhiya smh,0
zindagi khatam karne ka mann kar raha hai,2
"goodbye everyone, i am going to khatam karun",2
bhai i'm deadass fumbled,1
"lowkey i feel like broken, i should kill myself",2
"goodbye everyone, i am going to jaan dena",2
bestie i'm better no cap,0
"bhai i'm finished, i just wanna end it all",2
tbh i very fumbled today,1
why is everything so tired?,1
bhai i really fumbled today,1
tbh today was badhiya,0
"ab nahi jhela jata, i want to end it all",2
zindagi khatam karne ka mann kar raha hai,2
just got a job and feeling sorted,0
i'm literally burnt out bestie,1
just slept well and feeling vibing,0
deadass gonna zahar kha lun,2
"ab nahi jhela jata, i want to kill myself",2
why is everything so stressed?,1
feeling depressed and depressed at the same time,1
why is everything so fumbled?,1
feeling finished and finished at the same time,1
i am feeling crushing it today,0
everything is badhiya rn,0
yar i literally fumbled today,1
bahut down bad feel ho raha hai lol,1
i am going to hurt myself,2
"bhai i'm failure at everything, i just wanna kill myself",2
feeling so mast because i slept well,0
why is everything so tired?,1
bhai i'm deadass finished,1
deadass gonna khatam karun,2
i'm literally sad ig,1
bestie i'm lit rn,0
i am going to never wake up,2
"yar i feel like broken, i should khatam karun",2
zindagi khatam karne ka mann kar raha hai,2
"ab nahi jhela jata, i want to hurt myself",2
"ab nahi jhela jata, i want to suicide",2
life is sorted bhai,0
i am going to disappear forever,2
"bhai i'm hopeless af, i just wanna khatam karun",2
just met my friends and feeling mast,0
i want to suicide bhai,2
"bhai i'm finished, i just wanna die",2
i am feeling badhiya today,0
"ab nahi jhela jata, i want to never wake up",2
deadass gonna suicide,2
i want to kill myself bhai,2
feeling so vibing because i got a job,0
bahut tired feel ho raha hai no cap,1
anxiety is making me burnt out,1
feeling tired and tired at the same time,1
lowkey finally secured the bag,0
why is everything so tired?,1
bestie i'm crushing it tho,0
"lowkey i feel like broken, i should disappear forever",2
basically today was lit,0
i want to quit life tho,2
listen finally hit a new pr,0
just found a new banger song and feeling crushing it,0
i am feeling mast today,0
life is sorted ig,0
i want to hurt myself yaar,2
no cap i am just down bad,1
i'm literally fumbled vibes,1
bahut lonely feel ho raha hai lol,1
bestie i'm vibing smh,0
i am going to hurt myself,2
just secured the bag and feeling slaying,0
i am feeling lit today,0
i'm literally burnt out tho,1
bahut burnt out feel ho raha hai ig,1
lowkey i am just down bad,1
feeling totally sorted because i chilling with fam,0
i feel finished rn,1
i'm literally sad lol,1
"goodbye everyone, i am going to hurt myself",2
"tbh i feel like broken, i should marna",2
bhai i'm deadass stressed,1
"bhai i'm failure at everything, i just wanna suicide",2
bhai i'm deadass numb,1
just found a new banger song and feeling better,0
bahut stressed feel ho raha hai fr,1
i am feeling mast today,0
"deadass i feel like finished, i should zahar kha lun",2
tension is making me tired,1
bhai i'm deadass overwhelmed,1
i am going to disappear forever,2
lowkey finally met my friends,0
bahut depressed feel ho raha hai smh,1
"ab nahi jhela jata, i want to jump off",2
i am feeling lit today,0
"basically i feel like worthless, i should marna",2
life is fine yaar,0
i am going to die,2
i am feeling crushing it today,0
why is everything so down bad?,1
feeling stressed and stressed at the same time,1
bestie i'm productive vibes,0
tbh finally got a job,0
failure is making me sad,1
"bhai i'm worthless, i just wanna never wake up",2
i feel finished no cap,1
bahut burnt out feel ho raha hai tho,1
"goodbye everyone, i am going to khatam karun",2
bahut numb feel ho raha hai yaar,1
feeling super chill because i found a new banger song,0
zindagi khatam karne ka mann kar raha hai,2
everything is better smh,0
why is everything so udas?,1
better to jump off than live like this,2
bhai i'm deadass sad,1
i'm literally depressed no cap,1
i'm literally stressed lol,1
why is everything so finished?,1
feeling literally vibing because i hit a new pr,0
deadass gonna marna,2
"ab nahi jhela jata, i want to kill myself",2
listen finally found a new banger song,0
bestie i'm sorted fr,0
listen finally secured the bag,0
i am going to hurt myself,2
bahut depressed feel ho raha hai bestie,1
bahut tired feel ho raha hai no cap,1
i feel overwhelmed bhai,1
fomo is making me finished,1
i am feeling lit today,0
i'm literally overwhelmed cooked,1
life is sorted vibes,0
i feel burnt out smh,1
i want to suicide fr,2
"goodbye everyone, i am going to marna",2
tension is making me overwhelmed,1
"bhai i'm hopeless af, i just wanna khatam karun",2
no cap today was badhiya,0
yar i so fumbled today,1
pressure is making me exhausted,1
deadass gonna hurt myself,2
deadass gonna die,2
listen finally finished the project,0
everything is badhiya yaar,0
"goodbye everyone, i am going to never wake up",2
everything is vibing fr,0
feeling fumbled and fumbled at the same time,1
feeling very slaying because i met my friends,0
everything is goated bhai,0
better to quit life than live like this,2
feeling lonely and lonely at the same time,1
"deadass i feel like failure at everything, i should marna",2
bestie i'm slaying fr,0
basically today was lit,0
everything is productive tho,0
i am going to die,2
tension is making me burnt out,1
fomo is making me down bad,1
stress is making me overwhelmed,1
life is badhiya bhai,0
i feel udas lol,1
i want to hurt myself fr,2
"goodbye everyone, i am going to zahar kha lun",2
i want to quit life smh,2
i feel numb bhai,1
just hit a new pr and feeling chill,0
"bhai i'm worthless, i just wanna end it all",2
"bhai i'm worthless, i just wanna end it all",2
bestie i'm goated bestie,0
bahut stressed feel ho raha hai literally,1
just slept well and feeling better,0
"bhai i'm no way out, i just wanna jaan dena",2
deadass gonna suicide,2
"goodbye everyone, i am going to jump off",2
feeling kafi vibing because i slept well,0
everything is goated lol,0
"bhai i'm hopeless af, i just wanna quit life",2
"bhai i'm worthless, i just wanna disappear forever",2
tbh finally chilling with fam,0
i am feeling fine today,0
i am going to jump off,2
bruh i very fumbled today,1
"bhai i'm done with life, i just wanna quit life",2
basically finally got a job,0
everything is better vibes,0
feeling literally crushing it because i met my friends,0
i am feeling crushing it today,0
i'm literally numb yaar,1
deadass gonna hurt myself,2
"lowkey i feel like a burden, i should jump off",2
yar i am just overwhelmed,1
deadass i am just cooked,1
everything is lit vibes,0
listen today was chill,0
feeling burnt out and burnt out at the same time,1
"honestly i feel like a burden, i should kill myself",2
i want to marna fr,2
fomo is making me burnt out,1
honestly i hella fumbled today,1
bestie i'm productive fr,0
yar today was slaying,0
bhai i'm deadass finished,1
i am going to die,2
feeling sad and sad at the same time,1
i want to quit life literally,2
i want to khatam karun cooked,2
bestie i'm fine bhai,0
why is everything so finished?,1
overthinking is making me stressed,1
i feel down bad rn,1
life is sorted bestie,0
"listen i feel like failure at everything, i should never wake up",2
i feel down bad yaar,1
better to hurt myself than live like this,2
bahut overwhelmed feel ho raha hai tho,1
bestie i'm better vibes,0
anxiety is making me depressed,1
deadass gonna end it all,2
bhai i'm deadass fumbled,1
why is everything so finished?,1
fr i literally fumbled today,1
feeling so fine because i got a job,0
just got a job and feeling slaying,0
bestie i'm goated fr,0
"bhai i'm done with life, i just wanna zahar kha lun",2
"fr i feel like no way out, i should never wake up",2
i feel tired literally,1
feeling totally mast because i secured the bag,0
"fr i feel like no way out, i should suicide",2
yar finally going to a party,0
i'm literally stressed bhai,1
better to khatam karun than live like this,2
everything is productive bhai,0
i'm literally lonely yaar,1
feeling very sorted because i passed my exams,0
bhai i'm deadass hopeless,1
bhai i'm deadass finished,1
i am going to die,2
deadass i hella fumbled today,1
bestie i'm slaying lol,0
tension is making me stressed,1
everything is better cooked,0
"goodbye everyone, i am going to end it all",2
i feel lonely tho,1
"ab nahi jhela jata, i want to zahar kha lun",2
zindagi khatam karne ka mann kar raha hai,2
deadass gonna jump off,2
"deadass i feel like no way out, i should end it all",2
deadass gonna quit life,2
i am feeling lit today,0
"goodbye everyone, i am going to quit life",2
fr i really fumbled today,1
"listen i feel like worthless, i should suicide",2
i am feeling badhiya today,0
bestie i'm better smh,0
everything is chill lol,0
better to disappear forever than live like this,2
i want to khatam karun vibes,2
"tbh i feel like hopeless af, i should khatam karun",2
feeling lonely and lonely at the same time,1
everything is vibing smh,0
ngl today was chill,0
bestie i'm crushing it vibes,0
feeling tired and tired at the same time,1
"ab nahi jhela jata, i want to khatam karun",2
feeling down bad and down bad at the same time,1
bhai finally finished the project,0
deadass gonna die,2
bahut depressed feel ho raha hai vibes,1
bestie i'm goated bhai,0
bruh i am just finished,1
"ab nahi jhela jata, i want to disappear forever",2
why is everything so lonely?,1
"goodbye everyone, i am going to zahar kha lun",2
feeling finished and finished at the same time,1
tbh i am just hopeless,1
i feel overwhelmed tho,1
life is productive bhai,0
"goodbye everyone, i am going to end it all",2
bestie i'm better fr,0
everything is fine lol,0
zindagi khatam karne ka mann kar raha hai,2
i want to kill myself bestie,2
life is lit lol,0
i am feeling badhiya today,0
"bhai i'm a burden, i just wanna kill myself",2
better to quit life than live like this,2
life is chill fr,0
failure is making me udas,1
deadass gonna zahar kha lun,2
i am going to jaan dena,2
"ab nahi jhela jata, i want to never wake up",2
bhai i'm deadass fumbled,1
ngl today was slaying,0
feeling finished and finished at the same time,1
i am feeling vibing today,0
bestie i'm sorted yaar,0
zindagi khatam karne ka mann kar raha hai,2
"goodbye everyone, i am going to kill myself",2
deadass gonna end it all,2
bahut numb feel ho raha hai fr,1
feeling numb and numb at the same time,1
i feel udas fr,1
feeling hopeless and hopeless at the same time,1
feeling kafi vibing because i going to a party,0
bruh i am just cooked,1
better to jump off than live like this,2
feeling finished and finished at the same time,1
i am feeling lit today,0
"ab nahi jhela jata, i want to marna",2
better to jump off than live like this,2
honestly today was goated,0
"bhai i'm finished, i just wanna jump off",2
i am feeling slaying today,0
i feel stressed yaar,1
overthinking is making me exhausted,1
bestie i'm fine lol,0
feeling exhausted and exhausted at the same time,1
why is everything so down bad?,1
i'm literally hopeless tho,1
i am going to disappear forever,2
why is everything so numb?,1
"honestly i feel like no way out, i should die",2
ngl i super fumbled today,1
bhai i'm deadass hopeless,1
feeling totally slaying because i slept well,0
why is everything so cooked?,1
i am feeling chill today,0
everything is vibing fr,0
fr i kafi fumbled today,1
no cap finally secured the bag,0
i want to khatam karun lol,2
"bhai i'm no way out, i just wanna die",2
i am going to suicide,2
deadass gonna die,2
just hit a new pr and feeling badhiya,0
"ab nahi jhela jata, i want to jump off",2
i'm literally tired ig,1
zindagi khatam karne ka mann kar raha hai,2
why is everything so hopeless?,1
deadass gonna hurt myself,2
i'm literally udas bhai,1
"bhai i feel like hopeless af, i should jaan dena",2
life is badhiya no cap,0
i am going to suicide,2
overthinking is making me numb,1
tbh today was goated,0
fr finally got a job,0
feeling super crushing it because i passed my exams,0
why is everything so finished?,1
i am feeling vibing today,0
bhai today was vibing,0
bruh finally going to a party,0
feeling deadass mast because i passed my exams,0
tbh finally going to a party,0
"fr i feel like broken, i should jump off",2
tbh finally secured the bag,0
bestie i'm sorted rn,0
i'm literally overwhelmed smh,1
deadass gonna jump off,2
i feel fumbled literally,1
bestie i'm slaying bestie,0
lowkey today was crushing it,0
i feel hopeless tho,1
tbh finally passed my exams,0
i feel down bad vibes,1
ngl today was productive,0
feeling hella better because i secured the bag,0
i feel cooked literally,1
bahut exhausted feel ho raha hai no cap,1
just chilling with fam and feeling sorted,0
bruh i really fumbled today,1
"fr i feel like worthless, i should disappear forever",2
i feel tired yaar,1
"fr i feel like done with life, i should jaan dena",2
bahut cooked feel ho raha hai literally,1
i am going to khatam karun,2
just got a job and feeling mast,0
"goodbye everyone, i am going to never wake up",2
"lowkey i feel like failure at everything, i should zahar kha lun",2
bahut down bad feel ho raha hai yaar,1
life is mast rn,0
everything is lit smh,0
why is everything so fumbled?,1
tbh i literally fumbled today,1
feeling fumbled and fumbled at the same time,1
"honestly i feel like no way out, i should zahar kha lun",2
i want to disappear forever fr,2
"ab nahi jhela jata, i want to quit life",2
anxiety is making me numb,1
deadass gonna quit life,2
fomo is making me hopeless,1
bestie i'm mast smh,0
bestie i'm lit vibes,0
better to quit life than live like this,2
feeling very lit because i found a new banger song,0
everything is mast tho,0
i am feeling mast today,0
feeling deadass productive because i secured the bag,0
i feel lonely vibes,1
feeling deadass fine because i chilling with fam,0
bhai i'm deadass stressed,1
why is everything so udas?,1
better to suicide than live like this,2
just found a new banger song and feeling fine,0
feeling numb and numb at the same time,1
deadass today was lit,0
bahut exhausted feel ho raha hai fr,1
"goodbye everyone, i am going to never wake up",2
"goodbye everyone, i am going to khatam karun",2
just met my friends and feeling badhiya,0
bhai i'm deadass stressed,1
i feel finished cooked,1
bruh i am just fumbled,1
"bhai i'm done with life, i just wanna hurt myself",2
breakup is making me depressed,1
"goodbye everyone, i am going to jump off",2
overthinking is making me numb,1
i want to jump off fr,2
"goodbye everyone, i am going to jaan dena",2
yar today was productive,0
i'm literally exhausted tho,1
fr finally found a new banger song,0
feeling literally better because i secured the bag,0
"goodbye everyone, i am going to quit life",2
tbh finally passed my exams,0
feeling burnt out and burnt out at the same time,1
bahut cooked feel ho raha hai bestie,1
deadass gonna marna,2
bruh i am just stressed,1
bahut overwhelmed feel ho raha hai fr,1
i am going to marna,2
everything is mast literally,0
just hit a new pr and feeling slaying,0
feeling fumbled and fumbled at the same time,1
zindagi khatam karne ka mann kar raha hai,2
i feel fumbled rn,1
everything is productive bhai,0
basically today was productive,0
lowkey finally chilling with fam,0
better to die than live like this,2
i'm literally cooked rn,1
"listen i feel like finished, i should jaan dena",2
"listen i feel like failure at everything, i should end it all",2
lowkey i really fumbled today,1
bhai i'm deadass down bad,1
feeling down bad and down bad at the same time,1
i am going to disappear forever,2
lowkey i am just lonely,1
"listen i feel like hopeless af, i should zahar kha lun",2
feeling really fine because i finished the project,0
overthinking is making me sad,1
bahut cooked feel ho raha hai fr,1
ngl today was vibing,0
i feel finished lol,1
everything is mast bestie,0
bestie i'm lit rn,0
bahut exhausted feel ho raha hai ig,1
"ab nahi jhela jata, i want to end it all",2
i want to kill myself smh,2
bhai i'm deadass overwhelmed,1
bestie i'm chill smh,0
bahut depressed feel ho raha hai yaar,1
"bhai i'm finished, i just wanna jaan dena",2
life is crushing it no cap,0
just going to a party and feeling sorted,0
"ab nahi jhela jata, i want to never wake up",2
why is everything so burnt out?,1
deadass today was crushing it,0
i am feeling mast today,0
i want to jump off cooked,2
fr today was better,0
zindagi khatam karne ka mann kar raha hai,2
zindagi khatam karne ka mann kar raha hai,2
deadass gonna khatam karun,2
i am feeling lit today,0
overthinking is making me tired,1
"goodbye everyone, i am going to kill myself",2
zindagi khatam karne ka mann kar raha hai,2
"goodbye everyone, i am going to kill myself",2
bahut finished feel ho raha hai no cap,1
better to die than live like this,2
i want to jump off no cap,2
better to quit life than live like this,2
i'm literally burnt out smh,1
zindagi khatam karne ka mann kar raha hai,2
why is everything so exhausted?,1
deadass gonna marna,2
bhai finally found a new banger song,0
just slept well and feeling crushing it,0
"ab nahi jhela jata, i want to hurt myself",2
honestly finally got a job,0
bhai i'm deadass depressed,1
i am feeling productive today,0
why is everything so finished?,1
feeling super slaying because i secured the bag,0
just got a job and feeling slaying,0
feeling depressed and depressed at the same time,1
lowkey today was lit,0
bruh today was sorted,0
just got a job and feeling fine,0
"ab nahi jhela jata, i want to end it all",2
i want to never wake up lol,2
"bhai i'm done with life, i just wanna jump off",2
everything is slaying vibes,0
"no cap i feel like finished, i should jaan dena",2
bhai i'm deadass finished,1
i am going to jump off,2
i want to zahar kha lun tho,2
life is goated cooked,0
bhai i'm deadass hopeless,1
just hit a new pr and feeling chill,0
i am going to suicide,2
feeling lonely and lonely at the same time,1
everything is vibing no cap,0
zindagi khatam karne ka mann kar raha hai,2
yar today was fine,0
i am going to suicide,2
zindagi khatam karne ka mann kar raha hai,2
better to kill myself than live like this,2
deadass finally secured the bag,0
honestly i kafi fumbled today,1
life is fine cooked,0
basically today was crushing it,0
everything is badhiya ig,0
ngl today was better,0
tbh finally chilling with fam,0
i'm literally sad fr,1
bahut udas feel ho raha hai vibes,1
feeling totally lit because i finished the project,0
lowkey today was slaying,0
deadass i very fumbled today,1
feeling udas and udas at the same time,1
"ab nahi jhela jata, i want to end it all",2
zindagi khatam karne ka mann kar raha hai,2
feeling exhausted and exhausted at the same time,1
overthinking is making me fumbled,1
life is vibing rn,0
tbh today was slaying,0
i am going to suicide,2
bahut fumbled feel ho raha hai ig,1
no cap i am just sad,1
i am feeling crushing it today,0
feeling very productive because i secured the bag,0
"goodbye everyone, i am going to disappear forever",2
i am going to die,2
failure is making me depressed,1
better to jaan dena than live like this,2
bahut tired feel ho raha hai bhai,1
"bhai i'm a burden, i just wanna jump off",2
bestie i'm lit vibes,0
zindagi khatam karne ka mann kar raha hai,2
just going to a party and feeling badhiya,0
i feel stressed no cap,1
basically i am just numb,1
"bhai i'm broken, i just wanna kill myself",2
everything is sorted tho,0
"ab nahi jhela jata, i want to end it all",2
"ab nahi jhela jata, i want to kill myself",2
bahut hopeless feel ho raha hai cooked,1
listen i deadass fumbled today,1
deadass i super fumbled today,1
bahut sad feel ho raha hai cooked,1
why is everything so udas?,1
i'm literally lonely tho,1
fr i kafi fumbled today,1
better to never wake up than live like this,2
"yar i feel like broken, i should disappear forever",2
better to zahar kha lun than live like this,2
i am going to zahar kha lun,2
no cap finally met my friends,0
fr i really fumbled today,1
yar finally got a job,0
just chilling with fam and feeling lit,0
i am going to marna,2
bhai finally chilling with fam,0
bahut fumbled feel ho raha hai cooked,1
deadass gonna quit life,2
bestie i'm lit tho,0
i am going to end it all,2
"bruh i feel like a burden, i should quit life",2
everything is crushing it bhai,0
bhai i'm deadass stressed,1
stress is making me burnt out,1
honestly i literally fumbled today,1
fr today was fine,0
"goodbye everyone, i am going to jaan dena",2
just finished the project and feeling chill,0
fr today was vibing,0
i feel cooked no cap,1
zindagi khatam karne ka mann kar raha hai,2
bestie i'm goated bhai,0
feeling so chill because i slept well,0
"goodbye everyone, i am going to never wake up",2
tbh finally found a new banger song,0
honestly i am just sad,1
honestly today was slaying,0
bestie i'm sorted fr,0
pressure is making me udas,1
"tbh i feel like no way out, i should end it all",2
feeling very crushing it because i hit a new pr,0
academic pressure is making me finished,1
i want to disappear forever bestie,2
better to never wake up than live like this,2
i am feeling crushing it today,0
deadass finally slept well,0
honestly finally finished the project,0
better to hurt myself than live like this,2
ngl finally slept well,0
"goodbye everyone, i am going to suicide",2
i'm literally sad tho,1
fr i really fumbled today,1
bahut lonely feel ho raha hai rn,1
life is chill vibes,0
why is everything so down bad?,1
i am feeling fine today,0
tension is making me exhausted,1
yar finally hit a new pr,0
i want to disappear forever tho,2
"ab nahi jhela jata, i want to end it all",2
bestie i'm better rn,0
better to end it all than live like this,2
zindagi khatam karne ka mann kar raha hai,2
feeling so slaying because i found a new banger song,0
"ngl i feel like a burden, i should khatam karun",2
feeling sad and sad at the same time,1
i want to kill myself fr,2
i am going to disappear forever,2
ngl today was goated,0
i am feeling chill today,0
bahut lonely feel ho raha hai tho,1
"ab nahi jhela jata, i want to khatam karun",2
bestie i'm better bestie,0
life is chill no cap,0
i'm literally numb fr,1
feeling hella badhiya because i chilling with fam,0
deadass gonna die,2
why is everything so lonely?,1
life is goated lol,0
fr i hella fumbled today,1
why is everything so cooked?,1
better to zahar kha lun than live like this,2
bestie i'm slaying no cap,0
bahut lonely feel ho raha hai fr,1
deadass gonna zahar kha lun,2
no cap i am just sad,1
zindagi khatam karne ka mann kar raha hai,2
better to jump off than live like this,2
"bhai i'm no way out, i just wanna jaan dena",2
ngl today was slaying,0
i'm literally stressed tho,1
i am feeling mast today,0
zindagi khatam karne ka mann kar raha hai,2
bruh i very fumbled today,1
i want to never wake up rn,2
"bhai i'm hopeless af, i just wanna jaan dena",2
i want to hurt myself vibes,2
deadass gonna jump off,2
just slept well and feeling fine,0
bhai i'm deadass numb,1
feeling very mast because i found a new banger song,0
i want to zahar kha lun fr,2
bahut hopeless feel ho raha hai ig,1
bestie i'm sorted smh,0
honestly i so fumbled today,1
bestie i'm sorted literally,0
deadass gonna quit life,2
deadass gonna disappear forever,2
feeling hopeless and hopeless at the same time,1
zindagi khatam karne ka mann kar raha hai,2
everything is better smh,0
lowkey finally finished the project,0
lowkey finally met my friends,0
life is goated fr,0
bhai i'm deadass stressed,1
feeling exhausted and exhausted at the same time,1
bhai i'm deadass udas,1
feeling overwhelmed and overwhelmed at the same time,1
listen i totally fumbled today,1
just hit a new pr and feeling vibing,0
anxiety is making me hopeless,1
i feel overwhelmed ig,1
zindagi khatam karne ka mann kar raha hai,2
i want to khatam karun rn,2
deadass gonna end it all,2
listen finally passed my exams,0
bhai finally found a new banger song,0
i am going to jaan dena,2
"yar i feel like failure at everything, i should end it all",2
just going to a party and feeling slaying,0
why is everything so exhausted?,1
"bhai i'm a burden, i just wanna never wake up",2
i am feeling mast today,0
feeling very vibing because i met my friends,0
i want to quit life cooked,2
"basically i feel like worthless, i should hurt myself",2
i'm literally sad tho,1
overthinking is making me cooked,1
why is everything so down bad?,1
bhai i'm deadass numb,1
better to jaan dena than live like this,2
"honestly i feel like broken, i should khatam karun",2
honestly i literally fumbled today,1
deadass gonna marna,2
bhai today was fine,0
"basically i feel like broken, i should marna",2
"deadass i feel like a burden, i should disappear forever",2
i am feeling productive today,0
i'm literally cooked ig,1
bruh finally chilling with fam,0
i want to zahar kha lun cooked,2
listen i am just tired,1
deadass gonna die,2
lowkey finally finished the project,0
bruh today was lit,0
bhai today was lit,0
life is better literally,0
breakup is making me down bad,1
bahut cooked feel ho raha hai tho,1
i am feeling mast today,0
bhai i'm deadass cooked,1
zindagi khatam karne ka mann kar raha hai,2
deadass gonna khatam karun,2
deadass gonna hurt myself,2
feeling literally slaying because i finished the project,0
i want to hurt myself vibes,2
life is slaying rn,0
bahut sad feel ho raha hai vibes,1
lowkey i totally fumbled today,1
bahut finished feel ho raha hai bestie,1
"bhai i'm no way out, i just wanna die",2
deadass gonna jaan dena,2
bahut down bad feel ho raha hai literally,1
"ab nahi jhela jata, i want to hurt myself",2
i'm literally numb yaar,1
bestie i'm crushing it tho,0
feeling kafi vibing because i slept well,0
everything is sorted fr,0
bhai i'm deadass fumbled,1
fr i really fumbled today,1
yar i super fumbled today,1
"bhai i'm no way out, i just wanna kill myself",2
bhai i'm deadass depressed,1
bahut lonely feel ho raha hai yaar,1
honestly i so fumbled today,1
"basically i feel like worthless, i should quit life",2
feeling tired and tired at the same time,1
bhai i'm deadass depressed,1
"bhai i'm broken, i just wanna end it all",2
i feel udas ig,1
listen i am just hopeless,1
i feel burnt out fr,1
bestie i'm better fr,0
feeling numb and numb at the same time,1
deadass i am just cooked,1
i want to zahar kha lun vibes,2
tension is making me sad,1
bhai i am just lonely,1
"basically i feel like broken, i should khatam karun",2
pressure is making me tired,1
better to jaan dena than live like this,2
feeling hella chill because i found a new banger song,0
fomo is making me hopeless,1
yar finally met my friends,0
zindagi khatam karne ka mann kar raha hai,2
"no cap i feel like failure at everything, i should khatam karun",2
bhai i'm deadass stressed,1
zindagi khatam karne ka mann kar raha hai,2
bruh today was sorted,0
overthinking is making me numb,1
"bhai i'm broken, i just wanna zahar kha lun",2
deadass gonna quit life,2
bhai i'm deadass overwhelmed,1
bestie i'm crushing it no cap,0
just passed my exams and feeling productive,0
"goodbye everyone, i am going to khatam karun",2
fr i am just overwhelmed,1
i am going to kill myself,2
life is slaying smh,0
deadass i kafi fumbled today,1
i am feeling slaying today,0
lowkey i am just stressed,1
zindagi khatam karne ka mann kar raha hai,2
ngl i am just overwhelmed,1
fomo is making me exhausted,1
just hit a new pr and feeling slaying,0
"goodbye everyone, i am going to never wake up",2
honestly i so fumbled today,1
bahut overwhelmed feel ho raha hai ig,1
bruh i very fumbled today,1
no cap i literally fumbled today,1
why is everything so numb?,1
life is crushing it vibes,0
everything is lit tho,0
burden is making me tired,1
fomo is making me lonely,1
"goodbye everyone, i am going to jaan dena",2
i am feeling vibing today,0
tbh i am just cooked,1
i'm literally overwhelmed rn,1
feeling tired and tired at the same time,1
just passed my exams and feeling better,0
life is lit ig,0
bestie i'm fine ig,0
why is everything so numb?,1
just passed my exams and feeling better,0
zindagi khatam karne ka mann kar raha hai,2
"goodbye everyone, i am going to marna",2
feeling literally lit because i secured the bag,0
i am going to hurt myself,2
why is everything so tired?,1
just passed my exams and feeling mast,0
i am feeling mast today,0
bestie i'm sorted bestie,0
"bruh i feel like finished, i should quit life",2
breakup is making me overwhelmed,1
pressure is making me burnt out,1
feeling so better because i passed my exams,0
why is everything so fumbled?,1
no cap i super fumbled today,1
bhai i literally fumbled today,1
i feel lonely bestie,1
just going to a party and feeling vibing,0
why is everything so burnt out?,1
i'm literally hopeless lol,1
i'm literally sad cooked,1
life is better no cap,0
"bruh i feel like no way out, i should zahar kha lun",2
feeling depressed and depressed at the same time,1
i am feeling slaying today,0
i am feeling badhiya today,0
deadass gonna never wake up,2
zindagi khatam karne ka mann kar raha hai,2
"goodbye everyone, i am going to never wake up",2
just going to a party and feeling slaying,0
deadass gonna disappear forever,2
life is lit bestie,0
bahut numb feel ho raha hai yaar,1
bahut hopeless feel ho raha hai bestie,1
i am feeling badhiya today,0
fr finally met my friends,0
life is better tho,0
deadass gonna never wake up,2
i am going to disappear forever,2
breakup is making me udas,1
bruh i am just tired,1
i am going to disappear forever,2
"ab nahi jhela jata, i want to khatam karun",2
better to zahar kha lun than live like this,2
"goodbye everyone, i am going to suicide",2
"ab nahi jhela jata, i want to quit life",2
i am feeling lit today,0
zindagi khatam karne ka mann kar raha hai,2
lowkey finally going to a party,0
i am feeling slaying today,0
listen finally hit a new pr,0
life is mast no cap,0
zindagi khatam karne ka mann kar raha hai,2
zindagi khatam karne ka mann kar raha hai,2
just met my friends and feeling goated,0
bestie i'm crushing it smh,0
no cap i very fumbled today,1
why is everything so depressed?,1
everything is goated bhai,0
no cap i deadass fumbled today,1
anxiety is making me overwhelmed,1
just met my friends and feeling lit,0
i want to never wake up yaar,2
"ab nahi jhela jata, i want to suicide",2
better to marna than live like this,2
i want to jump off ig,2
deadass gonna jaan dena,2
i'm literally finished smh,1
better to kill myself than live like this,2
i feel cooked literally,1
deadass gonna kill myself,2
better to end it all than live like this,2
bruh today was better,0
life is fine smh,0
bhai today was fine,0
why is everything so sad?,1
feeling down bad and down bad at the same time,1
"ab nahi jhela jata, i want to zahar kha lun",2
deadass gonna hurt myself,2
deadass gonna suicide,2
just hit a new pr and feeling fine,0
"lowkey i feel like worthless, i should die",2
"ab nahi jhela jata, i want to end it all",2
"goodbye everyone, i am going to quit life",2
deadass finally slept well,0
i'm literally stressed lol,1
"goodbye everyone, i am going to suicide",2
bhai i'm deadass burnt out,1
i am going to jaan dena,2
i'm literally lonely tho,1
"ab nahi jhela jata, i want to zahar kha lun",2
bestie i'm productive lol,0
feeling stressed and stressed at the same time,1
feeling depressed and depressed at the same time,1
i am feeling better today,0
i am feeling badhiya today,0
i am feeling badhiya today,0
fr today was vibing,0
i am going to suicide,2
basically today was fine,0
life is mast bestie,0
i want to marna bestie,2
tbh i so fumbled today,1
better to die than live like this,2
bruh i kafi fumbled today,1
i want to disappear forever no cap,2
why is everything so depressed?,1
better to kill myself than live like this,2
"ab nahi jhela jata, i want to quit life",2
i want to suicide vibes,2
"goodbye everyone, i am going to never wake up",2
i am feeling chill today,0
i am going to never wake up,2
i am going to disappear forever,2
everything is badhiya bestie,0
"ab nahi jhela jata, i want to never wake up",2
bahut exhausted feel ho raha hai bhai,1
zindagi khatam karne ka mann kar raha hai,2
yar i am just overwhelmed,1
"bhai i'm a burden, i just wanna jaan dena",2
zindagi khatam karne ka mann kar raha hai,2
bahut fumbled feel ho raha hai ig,1
i am going to end it all,2
feeling hopeless and hopeless at the same time,1
feeling hopeless and hopeless at the same time,1
better to end it all than live like this,2
burden is making me stressed,1
why is everything so overwhelmed?,1
"tbh i feel like worthless, i should never wake up",2
just slept well and feeling vibing,0
deadass i very fumbled today,1
life is goated vibes,0
life is vibing no cap,0
fr today was better,0
bhai finally got a job,0
honestly i am just stressed,1
deadass gonna jaan dena,2
deadass gonna never wake up,2
i want to end it all tho,2
zindagi khatam karne ka mann kar raha hai,2
i am going to end it all,2
i want to suicide tho,2
i am going to kill myself,2
"bhai i'm worthless, i just wanna jaan dena",2
just chilling with fam and feeling better,0
feeling deadass sorted because i met my friends,0
fomo is making me finished,1
deadass gonna disappear forever,2
feeling sad and sad at the same time,1
overthinking is making me finished,1
"tbh i feel like failure at everything, i should khatam karun",2
"ab nahi jhela jata, i want to kill myself",2
just slept well and feeling badhiya,0
"goodbye everyone, i am going to end it all",2
life is vibing bhai,0
"goodbye everyone, i am going to jaan dena",2
better to kill myself than live like this,2
bhai i'm deadass fumbled,1
bestie i'm better bestie,0
life is mast lol,0
feeling fumbled and fumbled at the same time,1
bahut numb feel ho raha hai bhai,1
deadass gonna zahar kha lun,2
i am feeling slaying today,0
why is everything so finished?,1
just found a new banger song and feeling sorted,0
why is everything so down bad?,1
deadass finally hit a new pr,0
everything is badhiya bhai,0
i feel down bad bestie,1
i am feeling slaying today,0
just secured the bag and feeling lit,0
i feel udas yaar,1
feeling so vibing because i slept well,0
why is everything so cooked?,1
honestly finally chilling with fam,0
better to die than live like this,2
i am feeling sorted today,0
zindagi khatam karne ka mann kar raha hai,2
fr today was slaying,0
"ab nahi jhela jata, i want to khatam karun",2
i want to kill myself rn,2
bhai today was fine,0
deadass gonna disappear forever,2
bahut udas feel ho raha hai ig,1
academic pressure is making me stressed,1
feeling very badhiya because i finished the project,0
"ab nahi jhela jata, i want to never wake up",2
life is chill tho,0
"bhai i'm broken, i just wanna marna",2
i am going to never wake up,2
zindagi khatam karne ka mann kar raha hai,2
burden is making me fumbled,1
deadass gonna end it all,2
i am feeling fine today,0
everything is badhiya vibes,0
anxiety is making me burnt out,1
bestie i'm mast rn,0
"goodbye everyone, i am going to disappear forever",2
i am going to hurt myself,2
bestie i'm mast ig,0
listen i literally fumbled today,1
bruh finally slept well,0
i am going to khatam karun,2
i am going to disappear forever,2
tbh i so fumbled today,1
life is crushing it fr,0
everything is chill vibes,0
bestie i'm fine lol,0
"bhai i'm failure at everything, i just wanna quit life",2
bhai i'm deadass sad,1
"bhai i'm worthless, i just wanna end it all",2
overthinking is making me exhausted,1
"deadass i feel like broken, i should end it all",2
fr today was productive,0
i feel down bad cooked,1
feeling literally sorted because i chilling with fam,0
i am feeling lit today,0
life is crushing it yaar,0
i'm literally cooked vibes,1
basically i am just hopeless,1
zindagi khatam karne ka mann kar raha hai,2
bestie i'm fine rn,0
just going to a party and feeling badhiya,0
bestie i'm sorted yaar,0
why is everything so udas?,1
just met my friends and feeling productive,0
bestie i'm crushing it fr,0
bestie i'm sorted rn,0
"bhai i'm worthless, i just wanna hurt myself",2
bestie i'm lit literally,0
fr finally found a new banger song,0
bhai finally finished the project,0
feeling hella better because i finished the project,0
feeling lonely and lonely at the same time,1
feeling hella lit because i passed my exams,0
everything is better cooked,0
i am going to suicide,2
life is chill fr,0
i am going to jaan dena,2
"goodbye everyone, i am going to die",2
no cap today was crushing it,0
just slept well and feeling sorted,0
"bhai i'm worthless, i just wanna jaan dena",2
bahut lonely feel ho raha hai no cap,1
feeling overwhelmed and overwhelmed at the same time,1
"bhai i'm done with life, i just wanna kill myself",2
basically i deadass fumbled today,1
life is productive lol,0
ngl finally going to a party,0
i am going to kill myself,2
failure is making me down bad,1
"deadass i feel like a burden, i should end it all",2
feeling super vibing because i going to a party,0
feeling cooked and cooked at the same time,1
bestie i'm vibing no cap,0
yar today was lit,0
bestie i'm productive bhai,0
honestly today was mast,0
honestly i literally fumbled today,1
i'm literally numb lol,1
zindagi khatam karne ka mann kar raha hai,2
"goodbye everyone, i am going to zahar kha lun",2
tbh finally got a job,0
deadass i hella fumbled today,1
anxiety is making me fumbled,1
feeling numb and numb at the same time,1
zindagi khatam karne ka mann kar raha hai,2
why is everything so burnt out?,1
life is better cooked,0
i am going to quit life,2
i am feeling goated today,0
bahut udas feel ho raha hai lol,1
"no cap i feel like worthless, i should marna",2
fr i am just down bad,1
i'm literally lonely bhai,1
"ab nahi jhela jata, i want to khatam karun",2
deadass i am just exhausted,1
bahut depressed feel ho raha hai lol,1
bhai i'm deadass numb,1
life is better fr,0
zindagi khatam karne ka mann kar raha hai,2
deadass gonna end it all,2
bhai i'm deadass depressed,1
bahut depressed feel ho raha hai tho,1
feeling super badhiya because i found a new banger song,0
zindagi khatam karne ka mann kar raha hai,2
zindagi khatam karne ka mann kar raha hai,2
fr i am just burnt out,1
why is everything so tired?,1
pressure is making me down bad,1
deadass today was productive,0
burden is making me numb,1
better to jaan dena than live like this,2
tbh i am just cooked,1
i'm literally tired bhai,1
breakup is making me overwhelmed,1
bhai i'm deadass hopeless,1
i want to quit life rn,2
bhai i'm deadass fumbled,1
bestie i'm fine fr,0
i am going to khatam karun,2
listen finally slept well,0
life is mast bestie,0
listen i totally fumbled today,1
i feel fumbled tho,1
deadass gonna die,2
i'm literally udas bestie,1
"goodbye everyone, i am going to jaan dena",2
i am feeling sorted today,0
i'm literally hopeless ig,1
basically i am just lonely,1
i am going to zahar kha lun,2
feeling so sorted because i hit a new pr,0
"ab nahi jhela jata, i want to end it all",2
fr i am just exhausted,1
why is everything so finished?,1
bahut udas feel ho raha hai tho,1
better to kill myself than live like this,2
life is crushing it bhai,0
bruh today was chill,0
better to quit life than live like this,2
life is crushing it fr,0
bruh i am just fumbled,1
feeling hella slaying because i met my friends,0
i feel down bad fr,1
"ab nahi jhela jata, i want to disappear forever",2
life is goated tho,0
feeling tired and tired at the same time,1
stress is making me numb,1
listen i am just hopeless,1
i am feeling better today,0
why is everything so stressed?,1
i am going to marna,2
"goodbye everyone, i am going to hurt myself",2
"fr i feel like no way out, i should end it all",2
i want to never wake up yaar,2
feeling depressed and depressed at the same time,1
bhai i'm deadass tired,1
bestie i'm vibing cooked,0
"deadass i feel like broken, i should khatam karun",2
i am feeling vibing today,0
"ab nahi jhela jata, i want to khatam karun",2
deadass gonna end it all,2
better to khatam karun than live like this,2
feeling exhausted and exhausted at the same time,1
deadass gonna never wake up,2
burden is making me numb,1
zindagi khatam karne ka mann kar raha hai,2
i want to end it all no cap,2
"goodbye everyone, i am going to jump off",2
tension is making me lonely,1
just finished the project and feeling vibing,0
life is badhiya cooked,0
everything is sorted fr,0
life is badhiya cooked,0
bhai i'm deadass overwhelmed,1
bahut depressed feel ho raha hai bestie,1
i feel burnt out no cap,1
honestly today was mast,0
feeling numb and numb at the same time,1
"no cap i feel like hopeless af, i should jump off",2
"goodbye everyone, i am going to never wake up",2
"bhai i'm hopeless af, i just wanna khatam karun",2
overthinking is making me numb,1
life is vibing lol,0
better to quit life than live like this,2
life is lit bestie,0
feeling lonely and lonely at the same time,1
"ab nahi jhela jata, i want to disappear forever",2
feeling so lit because i going to a party,0
"bhai i'm no way out, i just wanna suicide",2
bestie i'm mast literally,0
"ab nahi jhela jata, i want to die",2
i am feeling goated today,0
i feel finished rn,1
"bhai i'm a burden, i just wanna suicide",2
bestie i'm goated fr,0
life is badhiya rn,0
just slept well and feeling crushing it,0
i'm literally overwhelmed bestie,1
"bhai i'm no way out, i just wanna disappear forever",2
bhai finally found a new banger song,0
tbh i kafi fumbled today,1
"bhai i'm broken, i just wanna quit life",2
bestie i'm goated ig,0
just met my friends and feeling badhiya,0
life is fine ig,0
bahut lonely feel ho raha hai smh,1
why is everything so exhausted?,1
bhai i'm deadass tired,1
i am going to hurt myself,2
deadass gonna jump off,2
feeling exhausted and exhausted at the same time,1
bhai i'm deadass lonely,1
lowkey i hella fumbled today,1
i feel stressed ig,1
just met my friends and feeling lit,0
feeling kafi vibing because i chilling with fam,0
feeling so crushing it because i slept well,0
listen finally going to a party,0
no cap i am just fumbled,1
bhai i deadass fumbled today,1
"ab nahi jhela jata, i want to khatam karun",2
just passed my exams and feeling productive,0
feeling depressed and depressed at the same time,1
just hit a new pr and feeling lit,0
bahut depressed feel ho raha hai bestie,1
deadass i super fumbled today,1
better to jump off than live like this,2
deadass gonna marna,2
better to kill myself than live like this,2
"bhai i'm done with life, i just wanna die",2
"goodbye everyone, i am going to die",2
why is everything so lonely?,1
just got a job and feeling vibing,0
i'm literally finished yaar,1
"goodbye everyone, i am going to jump off",2
better to quit life than live like this,2
bahut down bad feel ho raha hai smh,1
bhai i'm deadass lonely,1
zindagi khatam karne ka mann kar raha hai,2
zindagi khatam karne ka mann kar raha hai,2
"ab nahi jhela jata, i want to kill myself",2
listen today was sorted,0
life is goated yaar,0
breakup is making me down bad,1
"ab nahi jhela jata, i want to hurt myself",2
i'm literally down bad tho,1
tbh today was goated,0
bruh i kafi fumbled today,1
deadass gonna khatam karun,2
i'm literally udas ig,1
ngl i deadass fumbled today,1
deadass finally met my friends,0
no cap i really fumbled today,1
bahut down bad feel ho raha hai smh,1
ngl i hella fumbled today,1
i am going to zahar kha lun,2
deadass gonna never wake up,2
"goodbye everyone, i am going to jaan dena",2
i want to quit life smh,2
just going to a party and feeling sorted,0
feeling cooked and cooked at the same time,1
zindagi khatam karne ka mann kar raha hai,2
"ab nahi jhela jata, i want to never wake up",2
bhai i'm deadass overwhelmed,1
zindagi khatam karne ka mann kar raha hai,2
i feel overwhelmed lol,1
"goodbye everyone, i am going to end it all",2
"bhai i'm no way out, i just wanna suicide",2
"ab nahi jhela jata, i want to end it all",2
bhai i'm deadass sad,1
ngl today was goated,0
life is slaying bhai,0
i am feeling chill today,0
deadass today was chill,0
i feel lonely bhai,1
everything is vibing bhai,0
i want to end it all yaar,2
ngl finally got a job,0
zindagi khatam karne ka mann kar raha hai,2
deadass i am just udas,1
why is everything so tired?,1
life is lit ig,0
i feel burnt out lol,1
why is everything so exhausted?,1
feeling deadass crushing it because i finished the project,0
why is everything so tired?,1
"deadass i feel like a burden, i should marna",2
i'm literally tired lol,1
i feel numb literally,1
better to end it all than live like this,2
"honestly i feel like a burden, i should jump off",2
yar i hella fumbled today,1
just finished the project and feeling better,0
i feel lonely no cap,1
deadass finally met my friends,0
"yar i feel like finished, i should quit life",2
bhai i'm deadass sad,1
breakup is making me udas,1
life is chill ig,0
feeling udas and udas at the same time,1
just finished the project and feeling badhiya,0
just slept well and feeling productive,0
bhai i am just down bad,1
everything is slaying bhai,0
feeling down bad and down bad at the same time,1
no cap today was crushing it,0
feeling totally chill because i found a new banger song,0
feeling tired and tired at the same time,1
life is badhiya tho,0
"bhai i'm finished, i just wanna marna",2
basically i super fumbled today,1
"bhai i'm done with life, i just wanna jaan dena",2
feeling depressed and depressed at the same time,1
"honestly i feel like failure at everything, i should die",2
tbh i hella fumbled today,1
bhai i'm deadass fumbled,1
tbh i am just depressed,1
just finished the project and feeling vibing,0
feeling literally badhiya because i chilling with fam,0
"bhai i feel like broken, i should hurt myself",2
"tbh i feel like a burden, i should marna",2
life is better rn,0
fr finally going to a party,0
feeling really badhiya because i finished the project,0
bhai i'm deadass down bad,1
zindagi khatam karne ka mann kar raha hai,2
bestie i'm lit rn,0
zindagi khatam karne ka mann kar raha hai,2
just chilling with fam and feeling mast,0
deadass i am just finished,1
bhai i'm deadass fumbled,1
i am going to khatam karun,2
bestie i'm sorted ig,0
everything is badhiya vibes,0
listen finally hit a new pr,0
feeling really chill because i passed my exams,0
feeling totally sorted because i found a new banger song,0
feeling sad and sad at the same time,1
"goodbye everyone, i am going to kill myself",2
bestie i'm sorted tho,0
i feel exhausted fr,1
ngl i am just lonely,1
i am feeling productive today,0
bhai i'm deadass tired,1
why is everything so overwhelmed?,1
why is everything so numb?,1
bestie i'm slaying tho,0
burden is making me lonely,1
fr finally going to a party,0
"ab nahi jhela jata, i want to quit life",2
bestie i'm mast literally,0
"bhai i'm failure at everything, i just wanna khatam karun",2
deadass gonna end it all,2
"bhai i'm done with life, i just wanna die",2
tbh finally finished the project,0
bhai i'm deadass overwhelmed,1
"honestly i feel like failure at everything, i should jump off",2
everything is productive no cap,0
zindagi khatam karne ka mann kar raha hai,2
i'm literally finished vibes,1
"ngl i feel like broken, i should kill myself",2
better to jump off than live like this,2
bestie i'm goated cooked,0
bahut hopeless feel ho raha hai lol,1
i want to quit life yaar,2
bhai i'm deadass down bad,1
bhai today was goated,0
everything is productive vibes,0
life is goated bhai,0
bestie i'm mast lol,0
everything is goated tho,0
"ab nahi jhela jata, i want to marna",2
tbh finally passed my exams,0
better to khatam karun than live like this,2
fr i super fumbled today,1
better to kill myself than live like this,2
"bhai i'm finished, i just wanna kill myself",2
why is everything so overwhelmed?,1
"ngl i feel like worthless, i should jaan dena",2
everything is sorted tho,0
feeling stressed and stressed at the same time,1
"ab nahi jhela jata, i want to jump off",2
zindagi khatam karne ka mann kar raha hai,2
i am feeling lit today,0
i feel depressed yaar,1
bhai i'm deadass fumbled,1
"listen i feel like a burden, i should quit life",2
everything is better literally,0
feeling literally crushing it because i finished the project,0
i feel tired bestie,1
just going to a party and feeling better,0
feeling stressed and stressed at the same time,1
zindagi khatam karne ka mann kar raha hai,2
yar today was productive,0
bhai i'm deadass cooked,1
feeling hella goated because i found a new banger song,0
deadass gonna marna,2
feeling kafi vibing because i chilling with fam,0
life is lit bestie,0
bahut depressed feel ho raha hai bestie,1
just met my friends and feeling crushing it,0
i am going to hurt myself,2
bahut exhausted feel ho raha hai yaar,1
bhai i'm deadass sad,1
better to kill myself than live like this,2
bahut hopeless feel ho raha hai fr,1
lowkey i am just numb,1
just passed my exams and feeling productive,0
i feel finished tho,1
ngl i am just hopeless,1
"listen i feel like no way out, i should jump off",2
"bhai i'm a burden, i just wanna never wake up",2
feeling stressed and stressed at the same time,1
bestie i'm fine vibes,0
bestie i'm crushing it yaar,0
feeling totally fine because i chilling with fam,0
i want to never wake up rn,2
i am going to die,2
"listen i feel like finished, i should kill myself",2
deadass gonna marna,2
feeling numb and numb at the same time,1
"bhai i'm hopeless af, i just wanna suicide",2
i'm literally exhausted rn,1
everything is goated bhai,0
bestie i'm fine fr,0
i want to kill myself tho,2
honestly i am just depressed,1
listen i am just depressed,1
everything is badhiya yaar,0
"bhai i'm no way out, i just wanna quit life",2
"goodbye everyone, i am going to never wake up",2
i am feeling fine today,0
"goodbye everyone, i am going to disappear forever",2
why is everything so burnt out?,1
bhai i'm deadass cooked,1
just secured the bag and feeling lit,0
zindagi khatam karne ka mann kar raha hai,2
feeling down bad and down bad at the same time,1
listen today was chill,0
why is everything so overwhelmed?,1
i feel exhausted bhai,1
life is chill yaar,0
i am going to suicide,2
feeling really chill because i met my friends,0
i want to jump off ig,2
zindagi khatam karne ka mann kar raha hai,2
life is chill bestie,0
honestly i am just numb,1
life is mast rn,0
"fr i feel like worthless, i should disappear forever",2
stress is making me cooked,1
fr i totally fumbled today,1
just chilling with fam and feeling productive,0
i'm literally overwhelmed fr,1
deadass i so fumbled today,1
"bhai i'm broken, i just wanna marna",2
better to disappear forever than live like this,2
"goodbye everyone, i am going to die",2
deadass gonna jump off,2
deadass gonna zahar kha lun,2
honestly finally finished the project,0
bestie i'm goated rn,0
feeling stressed and stressed at the same time,1
i am going to marna,2
"ab nahi jhela jata, i want to jaan dena",2
"bhai i'm a burden, i just wanna kill myself",2
"goodbye everyone, i am going to kill myself",2
basically i kafi fumbled today,1
zindagi khatam karne ka mann kar raha hai,2
deadass gonna jaan dena,2
feeling tired and tired at the same time,1
i am feeling productive today,0
i am going to end it all,2
deadass gonna marna,2
feeling deadass sorted because i going to a party,0
everything is better smh,0
feeling totally mast because i secured the bag,0
"bhai i'm no way out, i just wanna jaan dena",2
i am going to zahar kha lun,2
just passed my exams and feeling fine,0
just chilling with fam and feeling goated,0
bruh i very fumbled today,1
honestly finally hit a new pr,0
"ab nahi jhela jata, i want to quit life",2
feeling literally fine because i got a job,0
no cap i really fumbled today,1
tbh today was sorted,0
i am feeling slaying today,0
"goodbye everyone, i am going to jump off",2
tbh finally going to a party,0
feeling hella vibing because i found a new banger song,0
why is everything so stressed?,1
tbh i literally fumbled today,1
deadass gonna marna,2
"ngl i feel like finished, i should quit life",2
i want to hurt myself smh,2
everything is mast tho,0
i want to kill myself lol,2
"goodbye everyone, i am going to disappear forever",2
everything is productive vibes,0
feeling udas and udas at the same time,1
bhai i am just finished,1
better to quit life than live like this,2
breakup is making me finished,1
i'm literally cooked no cap,1
overthinking is making me down bad,1
feeling burnt out and burnt out at the same time,1
better to hurt myself than live like this,2
i want to end it all ig,2
no cap today was chill,0
bahut fumbled feel ho raha hai vibes,1
just secured the bag and feeling badhiya,0
stress is making me lonely,1
just found a new banger song and feeling goated,0
i want to khatam karun fr,2
bhai i'm deadass numb,1
feeling totally better because i finished the project,0
deadass i super fumbled today,1
"goodbye everyone, i am going to khatam karun",2
i am feeling slaying today,0
i am feeling chill today,0
bhai i'm deadass down bad,1
feeling exhausted and exhausted at the same time,1
why is everything so stressed?,1
life is better literally,0
feeling sad and sad at the same time,1
i am feeling sorted today,0
"ab nahi jhela jata, i want to quit life",2
deadass i am just finished,1
"goodbye everyone, i am going to jaan dena",2
bhai i'm deadass numb,1
just found a new banger song and feeling lit,0
tension is making me exhausted,1
"bhai i'm finished, i just wanna khatam karun",2
"ab nahi jhela jata, i want to jaan dena",2
i am going to never wake up,2
"goodbye everyone, i am going to jaan dena",2
zindagi khatam karne ka mann kar raha hai,2
feeling overwhelmed and overwhelmed at the same time,1
basically i super fumbled today,1
everything is fine tho,0
zindagi khatam karne ka mann kar raha hai,2
"honestly i feel like hopeless af, i should zahar kha lun",2
yar i am just cooked,1
"honestly i feel like a burden, i should never wake up",2
bestie i'm better bhai,0
why is everything so burnt out?,1
bestie i'm slaying bestie,0
bruh finally met my friends,0
zindagi khatam karne ka mann kar raha hai,2
honestly i am just overwhelmed,1
better to end it all than live like this,2
everything is fine yaar,0
i am going to khatam karun,2
everything is crushing it literally,0
"honestly i feel like finished, i should end it all",2
i am going to suicide,2
lowkey finally hit a new pr,0
life is vibing bhai,0
honestly i literally fumbled today,1
better to end it all than live like this,2
"bhai i'm done with life, i just wanna hurt myself",2
fr i am just overwhelmed,1
better to zahar kha lun than live like this,2
lowkey i am just depressed,1
"goodbye everyone, i am going to suicide",2
bruh finally found a new banger song,0
feeling kafi lit because i met my friends,0
honestly i am just numb,1
i feel finished yaar,1
i feel sad ig,1
deadass gonna suicide,2
bestie i'm better literally,0
"bhai i'm hopeless af, i just wanna jump off",2
"bhai i'm failure at everything, i just wanna quit life",2
honestly i am just udas,1
tbh today was productive,0
tbh i am just burnt out,1
bhai finally found a new banger song,0
bestie i'm lit no cap,0
i am going to never wake up,2
just found a new banger song and feeling better,0
feeling fumbled and fumbled at the same time,1
better to die than live like this,2
just chilling with fam and feeling vibing,0
just found a new banger song and feeling productive,0
bahut stressed feel ho raha hai lol,1
no cap today was crushing it,0
why is everything so tired?,1
honestly finally chilling with fam,0
no cap i kafi fumbled today,1
feeling overwhelmed and overwhelmed at the same time,1
listen today was vibing,0
bestie i'm lit bestie,0
feeling depressed and depressed at the same time,1
basically today was chill,0
bhai i am just finished,1
i feel udas fr,1
i'm literally hopeless tho,1
"bhai i'm failure at everything, i just wanna die",2
zindagi khatam karne ka mann kar raha hai,2
bhai today was sorted,0
ngl today was productive,0
bhai i'm deadass cooked,1
bhai finally passed my exams,0
"bhai i'm done with life, i just wanna zahar kha lun",2
i am going to jump off,2
lowkey today was slaying,0
i am feeling slaying today,0
bahut tired feel ho raha hai no cap,1
listen i very fumbled today,1
i want to suicide lol,2
bahut stressed feel ho raha hai rn,1
bahut depressed feel ho raha hai vibes,1
"ab nahi jhela jata, i want to disappear forever",2
i am going to marna,2
ngl today was mast,0
zindagi khatam karne ka mann kar raha hai,2
i am going to kill myself,2
"ab nahi jhela jata, i want to zahar kha lun",2
just chilling with fam and feeling productive,0
deadass gonna jump off,2
feeling super sorted because i hit a new pr,0
why is everything so down bad?,1
life is goated ig,0
"bhai i'm hopeless af, i just wanna suicide",2
life is badhiya cooked,0
bhai i'm deadass exhausted,1
bruh i so fumbled today,1
feeling lonely and lonely at the same time,1
feeling depressed and depressed at the same time,1
"lowkey i feel like failure at everything, i should jump off",2
bruh finally found a new banger song,0
i feel overwhelmed bhai,1
feeling super better because i chilling with fam,0
"goodbye everyone, i am going to jump off",2
bahut finished feel ho raha hai no cap,1
bahut udas feel ho raha hai fr,1
i am going to zahar kha lun,2
"goodbye everyone, i am going to zahar kha lun",2
everything is vibing bestie,0
overthinking is making me lonely,1
i'm literally hopeless vibes,1
yar i am just finished,1
i am feeling vibing today,0
feeling totally vibing because i hit a new pr,0
bhai i'm deadass hopeless,1
feeling totally chill because i hit a new pr,0
i am going to suicide,2
bestie i'm productive cooked,0
listen finally secured the bag,0
"goodbye everyone, i am going to marna",2
tbh today was fine,0
tension is making me sad,1
"ab nahi jhela jata, i want to quit life",2
bahut udas feel ho raha hai rn,1
feeling fumbled and fumbled at the same time,1
fomo is making me fumbled,1
life is mast lol,0
"goodbye everyone, i am going to zahar kha lun",2
bhai today was mast,0
why is everything so hopeless?,1
better to quit life than live like this,2
"goodbye everyone, i am going to never wake up",2
everything is fine literally,0
anxiety is making me overwhelmed,1
i'm literally depressed smh,1
lowkey i literally fumbled today,1
bhai i'm deadass finished,1
i am going to quit life,2
"bhai i'm no way out, i just wanna jump off",2
no cap finally hit a new pr,0
yar i super fumbled today,1
just found a new banger song and feeling slaying,0
tension is making me finished,1
feeling depressed and depressed at the same time,1
i want to marna bestie,2
bhai i'm deadass sad,1
just got a job and feeling slaying,0
feeling super badhiya because i found a new banger song,0
just going to a party and feeling productive,0
bahut fumbled feel ho raha hai no cap,1
everything is productive literally,0
feeling super sorted because i slept well,0
i feel hopeless rn,1
stress is making me cooked,1
"ab nahi jhela jata, i want to suicide",2
anxiety is making me hopeless,1
zindagi khatam karne ka mann kar raha hai,2
ngl i very fumbled today,1
pressure is making me tired,1
"lowkey i feel like no way out, i should end it all",2
i want to khatam karun lol,2
bruh today was fine,0
i want to quit life yaar,2
feeling really better because i secured the bag,0
yar today was badhiya,0
why is everything so sad?,1
bestie i'm chill no cap,0
honestly i deadass fumbled today,1
feeling really better because i finished the project,0
"honestly i feel like a burden, i should marna",2
bhai i deadass fumbled today,1
bhai i'm deadass hopeless,1
i am feeling fine today,0
fomo is making me udas,1
anxiety is making me fumbled,1
better to zahar kha lun than live like this,2
i am feeling better today,0
i'm literally overwhelmed smh,1
why is everything so lonely?,1
life is productive yaar,0
zindagi khatam karne ka mann kar raha hai,2
i am going to zahar kha lun,2
i want to end it all rn,2
i am feeling lit today,0
feeling udas and udas at the same time,1
"ab nahi jhela jata, i want to khatam karun",2
feeling stressed and stressed at the same time,1
bhai i'm deadass cooked,1
i am feeling better today,0
"goodbye everyone, i am going to hurt myself",2
bhai i'm deadass down bad,1
i feel exhausted bhai,1
i feel hopeless smh,1
no cap i am just tired,1
lowkey finally passed my exams,0
ngl today was lit,0
fr finally passed my exams,0
everything is better rn,0
bestie i'm crushing it lol,0
bestie i'm badhiya fr,0
why is everything so fumbled?,1
feeling cooked and cooked at the same time,1
basically i am just burnt out,1
deadass i kafi fumbled today,1
i'm literally depressed literally,1
"goodbye everyone, i am going to never wake up",2
bestie i'm better bestie,0
"goodbye everyone, i am going to khatam karun",2
burden is making me burnt out,1
no cap today was sorted,0
deadass gonna hurt myself,2
bestie i'm productive bestie,0
i feel down bad fr,1
bhai i'm deadass overwhelmed,1
i feel udas tho,1
"bruh i feel like done with life, i should hurt myself",2
i am going to disappear forever,2
"bhai i'm failure at everything, i just wanna kill myself",2
listen today was mast,0
better to disappear forever than live like this,2
no cap i very fumbled today,1
"goodbye everyone, i am going to khatam karun",2
just secured the bag and feeling goated,0
just passed my exams and feeling lit,0
zindagi khatam karne ka mann kar raha hai,2
life is vibing rn,0
bruh today was fine,0
i'm literally burnt out bhai,1
i feel udas yaar,1
just hit a new pr and feeling goated,0
"tbh i feel like failure at everything, i should quit life",2
"ab nahi jhela jata, i want to zahar kha lun",2
zindagi khatam karne ka mann kar raha hai,2
"ab nahi jhela jata, i want to disappear forever",2
feeling udas and udas at the same time,1
why is everything so down bad?,1
deadass gonna marna,2
deadass gonna jump off,2
i'm literally cooked ig,1
bahut overwhelmed feel ho raha hai fr,1
why is everything so numb?,1
overthinking is making me burnt out,1
just got a job and feeling chill,0
burden is making me fumbled,1
yar finally going to a party,0
i am feeling slaying today,0
bestie i'm lit bhai,0
i feel finished yaar,1
honestly finally got a job,0
zindagi khatam karne ka mann kar raha hai,2
better to die than live like this,2
bahut finished feel ho raha hai no cap,1
i am feeling slaying today,0
deadass finally passed my exams,0
i am feeling lit today,0
ngl i am just overwhelmed,1
feeling depressed and depressed at the same time,1
life is better lol,0
"basically i feel like a burden, i should kill myself",2
"goodbye everyone, i am going to jaan dena",2
"goodbye everyone, i am going to jump off",2
why is everything so tired?,1
better to zahar kha lun than live like this,2
i want to disappear forever smh,2
everything is fine vibes,0
"ab nahi jhela jata, i want to never wake up",2
i feel exhausted bhai,1
"bruh i feel like no way out, i should quit life",2
bhai i'm deadass numb,1
feeling overwhelmed and overwhelmed at the same time,1
"goodbye everyone, i am going to end it all",2
why is everything so burnt out?,1
"goodbye everyone, i am going to zahar kha lun",2
overthinking is making me sad,1
i want to khatam karun rn,2
bhai i am just sad,1
i feel finished literally,1
better to die than live like this,2
better to jump off than live like this,2
basically i am just depressed,1
i'm literally stressed yaar,1
everything is productive bestie,0
bruh finally secured the bag,0
"bhai i'm broken, i just wanna hurt myself",2
"no cap i feel like worthless, i should jaan dena",2
lowkey i am just down bad,1
no cap i am just stressed,1
bhai i'm deadass down bad,1
bestie i'm badhiya no cap,0
"bhai i'm no way out, i just wanna kill myself",2
feeling kafi better because i chilling with fam,0
life is sorted bhai,0
deadass gonna suicide,2
i am feeling slaying today,0
lowkey i am just overwhelmed,1
bestie i'm crushing it bestie,0
bhai i am just exhausted,1
deadass today was mast,0
"ab nahi jhela jata, i want to kill myself",2
why is everything so fumbled?,1
"bhai i'm done with life, i just wanna jump off",2
stress is making me fumbled,1
fomo is making me down bad,1
i want to hurt myself tho,2
better to zahar kha lun than live like this,2
better to die than live like this,2
zindagi khatam karne ka mann kar raha hai,2
bahut finished feel ho raha hai fr,1
why is everything so exhausted?,1
why is everything so lonely?,1
"ab nahi jhela jata, i want to khatam karun",2
everything is vibing ig,0
"bhai i'm done with life, i just wanna hurt myself",2
life is better no cap,0
why is everything so tired?,1
"fr i feel like done with life, i should never wake up",2
i am going to end it all,2
bahut tired feel ho raha hai ig,1
i want to jaan dena rn,2
feeling stressed and stressed at the same time,1
lowkey finally got a job,0
just going to a party and feeling goated,0
deadass gonna marna,2
feeling burnt out and burnt out at the same time,1
"ab nahi jhela jata, i want to end it all",2
yar i totally fumbled today,1
"deadass i feel like no way out, i should end it all",2
just slept well and feeling vibing,0
i'm literally exhausted bhai,1
bahut depressed feel ho raha hai literally,1
bhai i'm deadass stressed,1
"ab nahi jhela jata, i want to marna",2
why is everything so cooked?,1
better to zahar kha lun than live like this,2
"goodbye everyone, i am going to hurt myself",2
i'm literally depressed yaar,1
i'm literally overwhelmed fr,1
pressure is making me burnt out,1
why is everything so depressed?,1
tbh today was productive,0
bestie i'm mast no cap,0
life is lit ig,0
i am feeling chill today,0
fr i am just udas,1
bahut sad feel ho raha hai no cap,1
basically finally going to a party,0
ngl i very fumbled today,1
deadass gonna never wake up,2
pressure is making me udas,1
lowkey i deadass fumbled today,1
just slept well and feeling chill,0
just secured the bag and feeling better,0
why is everything so tired?,1
i am feeling slaying today,0
"honestly i feel like finished, i should disappear forever",2
listen finally going to a party,0
no cap finally hit a new pr,0
everything is sorted fr,0
yar i hella fumbled today,1
feeling tired and tired at the same time,1
"honestly i feel like a burden, i should khatam karun",2
"ab nahi jhela jata, i want to khatam karun",2
tbh i really fumbled today,1
i'm literally finished tho,1
everything is chill rn,0
deadass gonna end it all,2
just slept well and feeling sorted,0
stress is making me exhausted,1
bruh today was fine,0
bhai i'm deadass lonely,1
fr i hella fumbled today,1
"ab nahi jhela jata, i want to jaan dena",2
i'm literally udas lol,1
"goodbye everyone, i am going to end it all",2
honestly i am just fumbled,1
bahut overwhelmed feel ho raha hai no cap,1
i want to khatam karun no cap,2
i'm literally finished yaar,1
feeling super chill because i passed my exams,0
everything is badhiya no cap,0
"goodbye everyone, i am going to suicide",2
zindagi khatam karne ka mann kar raha hai,2
better to die than live like this,2
zindagi khatam karne ka mann kar raha hai,2
i feel cooked tho,1
zindagi khatam karne ka mann kar raha hai,2
why is everything so numb?,1
deadass gonna quit life,2
bestie i'm badhiya tho,0
"goodbye everyone, i am going to disappear forever",2
listen today was fine,0
bestie i'm crushing it smh,0
why is everything so udas?,1
i am going to zahar kha lun,2
feeling depressed and depressed at the same time,1
everything is crushing it rn,0
i feel down bad tho,1
feeling cooked and cooked at the same time,1
"ab nahi jhela jata, i want to suicide",2
bahut numb feel ho raha hai tho,1
life is vibing tho,0
i feel sad smh,1
fr i very fumbled today,1
zindagi khatam karne ka mann kar raha hai,2
yar finally passed my exams,0
everything is productive literally,0
why is everything so tired?,1
"bhai i'm no way out, i just wanna kill myself",2
i feel lonely no cap,1
fr finally got a job,0
why is everything so lonely?,1
i want to quit life rn,2
feeling very mast because i hit a new pr,0
life is slaying yaar,0
i feel fumbled tho,1
i'm literally lonely smh,1
i want to suicide tho,2
bruh i am just overwhelmed,1
bhai today was lit,0
fr i am just burnt out,1
honestly finally hit a new pr,0
ngl finally met my friends,0
just finished the project and feeling better,0
burden is making me sad,1
bahut stressed feel ho raha hai yaar,1
deadass gonna khatam karun,2
bahut hopeless feel ho raha hai bestie,1
just hit a new pr and feeling lit,0
feeling kafi mast because i found a new banger song,0
bestie i'm goated bestie,0
i want to zahar kha lun tho,2
better to end it all than live like this,2
deadass gonna marna,2
bestie i'm slaying yaar,0
better to kill myself than live like this,2
just finished the project and feeling vibing,0
everything is fine bhai,0
i am going to disappear forever,2
i feel tired ig,1
i want to jaan dena no cap,2
zindagi khatam karne ka mann kar raha hai,2
academic pressure is making me overwhelmed,1
i feel tired fr,1
deadass gonna quit life,2
life is lit vibes,0
zindagi khatam karne ka mann kar raha hai,2
deadass gonna zahar kha lun,2
i want to kill myself bhai,2
lowkey i am just overwhelmed,1
i want to marna no cap,2
i feel hopeless ig,1
why is everything so overwhelmed?,1
i am going to quit life,2
basically i literally fumbled today,1
i am feeling sorted today,0
just hit a new pr and feeling badhiya,0
better to khatam karun than live like this,2
i feel down bad fr,1
i am going to disappear forever,2
listen finally passed my exams,0
"goodbye everyone, i am going to suicide",2
fomo is making me numb,1
feeling super productive because i chilling with fam,0
lowkey finally finished the project,0
life is lit bhai,0
"ab nahi jhela jata, i want to never wake up",2
feeling fumbled and fumbled at the same time,1
"goodbye everyone, i am going to zahar kha lun",2
feeling depressed and depressed at the same time,1
i am going to end it all,2
feeling fumbled and fumbled at the same time,1
zindagi khatam karne ka mann kar raha hai,2
"ab nahi jhela jata, i want to khatam karun",2
i'm literally finished lol,1
feeling stressed and stressed at the same time,1
everything is lit bhai,0
no cap i hella fumbled today,1
listen finally chilling with fam,0
i am going to kill myself,2
"bhai i'm broken, i just wanna zahar kha lun",2
"bhai i'm hopeless af, i just wanna khatam karun",2
zindagi khatam karne ka mann kar raha hai,2
deadass gonna zahar kha lun,2
fr today was slaying,0
why is everything so fumbled?,1
bestie i'm crushing it literally,0
zindagi khatam karne ka mann kar raha hai,2
deadass gonna never wake up,2
i want to suicide tho,2
zindagi khatam karne ka mann kar raha hai,2
just going to a party and feeling chill,0
why is everything so exhausted?,1
bestie i'm crushing it cooked,0
pressure is making me cooked,1
zindagi khatam karne ka mann kar raha hai,2
yar i am just burnt out,1
"bhai i feel like broken, i should disappear forever",2
feeling totally productive because i going to a party,0
i am going to marna,2
better to never wake up than live like this,2
"bhai i'm hopeless af, i just wanna jaan dena",2
i feel sad yaar,1
basically i kafi fumbled today,1
i feel finished yaar,1
deadass gonna end it all,2
bruh today was vibing,0
bhai i'm deadass burnt out,1
deadass today was vibing,0
feeling lonely and lonely at the same time,1
everything is goated bhai,0
bahut exhausted feel ho raha hai yaar,1
feeling really badhiya because i got a job,0
life is mast no cap,0
anxiety is making me lonely,1
deadass gonna hurt myself,2
feeling overwhelmed and overwhelmed at the same time,1
listen finally passed my exams,0
i feel sad ig,1
life is mast bestie,0
"ab nahi jhela jata, i want to marna",2
i feel down bad bestie,1
i feel cooked lol,1
zindagi khatam karne ka mann kar raha hai,2
ngl finally chilling with fam,0
i'm literally hopeless no cap,1
everything is sorted no cap,0
i am going to marna,2
just finished the project and feeling chill,0
life is sorted yaar,0
bestie i'm productive lol,0
"ab nahi jhela jata, i want to never wake up",2
deadass today was sorted,0
i am feeling badhiya today,0
feeling tired and tired at the same time,1
i am going to hurt myself,2
everything is fine lol,0
everything is mast bhai,0
life is productive no cap,0
i am feeling chill today,0
why is everything so down bad?,1
"goodbye everyone, i am going to disappear forever",2
deadass finally hit a new pr,0
bhai i'm deadass cooked,1
"goodbye everyone, i am going to disappear forever",2
just passed my exams and feeling badhiya,0
zindagi khatam karne ka mann kar raha hai,2
"bhai i'm worthless, i just wanna suicide",2
why is everything so numb?,1
tbh today was chill,0
deadass gonna zahar kha lun,2
just passed my exams and feeling goated,0
breakup is making me numb,1
lowkey finally passed my exams,0
bhai i'm deadass depressed,1
listen i am just exhausted,1
just slept well and feeling goated,0
bahut burnt out feel ho raha hai no cap,1
feeling udas and udas at the same time,1
feeling down bad and down bad at the same time,1
"goodbye everyone, i am going to jump off",2
bruh i hella fumbled today,1
deadass gonna khatam karun,2
"goodbye everyone, i am going to quit life",2
zindagi khatam karne ka mann kar raha hai,2
bruh i literally fumbled today,1
failure is making me cooked,1
ngl finally hit a new pr,0
lowkey i kafi fumbled today,1
i'm literally cooked tho,1
deadass gonna die,2
"ab nahi jhela jata, i want to zahar kha lun",2
i want to hurt myself bhai,2
i am feeling chill today,0
feeling cooked and cooked at the same time,1
zindagi khatam karne ka mann kar raha hai,2
bhai i'm deadass burnt out,1
bhai i'm deadass cooked,1
feeling literally goated because i met my friends,0
yar today was vibing,0
i am feeling vibing today,0
no cap finally finished the project,0
pressure is making me hopeless,1
feeling totally better because i secured the bag,0
i am going to zahar kha lun,2
i feel finished tho,1
bahut cooked feel ho raha hai smh,1
deadass i very fumbled today,1
just slept well and feeling slaying,0
i am going to zahar kha lun,2
lowkey finally secured the bag,0
"goodbye everyone, i am going to zahar kha lun",2
"ab nahi jhela jata, i want to die",2
i feel tired ig,1
i am going to kill myself,2
bahut depressed feel ho raha hai yaar,1
bestie i'm productive lol,0
i want to end it all lol,2
better to end it all than live like this,2
i am feeling goated today,0
"ab nahi jhela jata, i want to suicide",2
life is slaying smh,0
bahut fumbled feel ho raha hai cooked,1
why is everything so stressed?,1
feeling totally better because i got a job,0
bestie i'm productive tho,0
i am feeling productive today,0
deadass gonna suicide,2
bhai i'm deadass stressed,1
"honestly i feel like broken, i should zahar kha lun",2
anxiety is making me lonely,1
i'm literally lonely tho,1
life is slaying yaar,0
bahut tired feel ho raha hai bestie,1
fr i am just numb,1
i am feeling lit today,0
better to jaan dena than live like this,2
feeling totally better because i passed my exams,0
feeling sad and sad at the same time,1
just passed my exams and feeling chill,0
i am feeling productive today,0
bruh i very fumbled today,1
listen today was fine,0
deadass i am just burnt out,1
feeling udas and udas at the same time,1
"basically i feel like broken, i should jump off",2
no cap finally finished the project,0
"bhai i'm finished, i just wanna hurt myself",2
deadass gonna disappear forever,2
life is productive fr,0
better to zahar kha lun than live like this,2
bahut udas feel ho raha hai smh,1
better to never wake up than live like this,2
"bhai i'm a burden, i just wanna quit life",2
better to quit life than live like this,2
i'm literally stressed ig,1
i am feeling crushing it today,0
i am feeling mast today,0
deadass gonna kill myself,2
bhai i'm deadass exhausted,1
life is lit rn,0
feeling tired and tired at the same time,1
stress is making me exhausted,1
deadass gonna jump off,2
lowkey today was mast,0
i am going to jump off,2
better to hurt myself than live like this,2
better to quit life than live like this,2
"lowkey i feel like a burden, i should khatam karun",2
deadass gonna jaan dena,2
i feel exhausted yaar,1
bestie i'm mast lol,0
better to quit life than live like this,2
bhai i am just depressed,1
"ab nahi jhela jata, i want to jaan dena",2
deadass finally found a new banger song,0
bruh finally met my friends,0
"ab nahi jhela jata, i want to never wake up",2
just found a new banger song and feeling better,0
just finished the project and feeling badhiya,0
i feel numb literally,1
tbh today was slaying,0
everything is lit bestie,0
"bhai i'm a burden, i just wanna suicide",2
"ab nahi jhela jata, i want to never wake up",2
zindagi khatam karne ka mann kar raha hai,2
"goodbye everyone, i am going to kill myself",2
feeling really mast because i hit a new pr,0
zindagi khatam karne ka mann kar raha hai,2
bestie i'm chill fr,0
overthinking is making me stressed,1
bestie i'm sorted vibes,0
"ab nahi jhela jata, i want to jaan dena",2
everything is vibing cooked,0
i feel overwhelmed rn,1
"bhai i'm worthless, i just wanna jump off",2
burden is making me finished,1
i want to khatam karun lol,2
just going to a party and feeling crushing it,0
just found a new banger song and feeling mast,0
"goodbye everyone, i am going to khatam karun",2
bhai finally finished the project,0
i want to hurt myself no cap,2
deadass gonna die,2
just passed my exams and feeling goated,0
better to end it all than live like this,2
why is everything so down bad?,1
"no cap i feel like failure at everything, i should marna",2
why is everything so numb?,1
bhai today was crushing it,0
feeling cooked and cooked at the same time,1
better to never wake up than live like this,2
life is sorted bestie,0
feeling numb and numb at the same time,1
feeling literally lit because i finished the project,0
"goodbye everyone, i am going to jump off",2
better to marna than live like this,2
deadass today was productive,0
just found a new banger song and feeling vibing,0
no cap finally slept well,0
"bhai i'm failure at everything, i just wanna die",2
life is badhiya bhai,0
bahut lonely feel ho raha hai ig,1
i feel overwhelmed vibes,1
bahut tired feel ho raha hai bestie,1
deadass i hella fumbled today,1
"ab nahi jhela jata, i want to kill myself",2
feeling super lit because i met my friends,0
better to disappear forever than live like this,2
i feel overwhelmed bestie,1
i'm literally hopeless lol,1
everything is mast no cap,0
feeling down bad and down bad at the same time,1
bhai i'm deadass cooked,1
bestie i'm badhiya bestie,0
feeling so lit because i slept well,0
overthinking is making me udas,1
i feel finished cooked,1
i want to jaan dena lol,2
why is everything so tired?,1
i am feeling badhiya today,0
feeling kafi mast because i finished the project,0
lowkey i really fumbled today,1
deadass i so fumbled today,1
why is everything so sad?,1
"deadass i feel like worthless, i should suicide",2
"bhai i'm a burden, i just wanna kill myself",2
i want to zahar kha lun ig,2
fr today was crushing it,0
"basically i feel like done with life, i should jaan dena",2
feeling literally mast because i hit a new pr,0
i want to zahar kha lun literally,2
i want to kill myself literally,2
bahut cooked feel ho raha hai cooked,1
i am feeling sorted today,0
bhai i'm deadass exhausted,1
zindagi khatam karne ka mann kar raha hai,2
why is everything so cooked?,1
zindagi khatam karne ka mann kar raha hai,2
bhai today was productive,0
zindagi khatam karne ka mann kar raha hai,2
"goodbye everyone, i am going to jaan dena",2
"bhai i'm broken, i just wanna end it all",2
zindagi khatam karne ka mann kar raha hai,2
i am feeling slaying today,0
i feel fumbled rn,1
"goodbye everyone, i am going to suicide",2
life is sorted rn,0
i feel tired no cap,1
no cap i am just sad,1
feeling udas and udas at the same time,1
everything is productive bhai,0
honestly i am just finished,1
i am going to hurt myself,2
just found a new banger song and feeling sorted,0
deadass gonna khatam karun,2
i feel hopeless vibes,1
better to khatam karun than live like this,2
better to end it all than live like this,2
i am going to end it all,2
honestly i am just down bad,1
zindagi khatam karne ka mann kar raha hai,2
i am going to jaan dena,2
"fr i feel like no way out, i should disappear forever",2
"ab nahi jhela jata, i want to jump off",2
"ab nahi jhela jata, i want to never wake up",2
tension is making me down bad,1
"ab nahi jhela jata, i want to never wake up",2
i'm literally sad bhai,1
better to end it all than live like this,2
"bhai i'm hopeless af, i just wanna marna",2
everything is lit rn,0
listen today was goated,0
just finished the project and feeling better,0
i feel depressed tho,1
"goodbye everyone, i am going to jaan dena",2
"ab nahi jhela jata, i want to disappear forever",2
better to khatam karun than live like this,2
why is everything so cooked?,1
"goodbye everyone, i am going to disappear forever",2
"goodbye everyone, i am going to die",2
everything is slaying bhai,0
burden is making me fumbled,1
zindagi khatam karne ka mann kar raha hai,2
"ab nahi jhela jata, i want to jaan dena",2
i feel cooked lol,1
"goodbye everyone, i am going to disappear forever",2
yar i kafi fumbled today,1
"bhai i'm broken, i just wanna zahar kha lun",2
zindagi khatam karne ka mann kar raha hai,2
feeling literally productive because i going to a party,0
"bhai i'm broken, i just wanna khatam karun",2
"goodbye everyone, i am going to hurt myself",2
basically i am just numb,1
why is everything so cooked?,1
deadass gonna jump off,2
i am going to quit life,2
bestie i'm goated vibes,0
feeling totally lit because i hit a new pr,0
bestie i'm goated vibes,0
just slept well and feeling vibing,0
bhai i am just exhausted,1
why is everything so down bad?,1
i feel fumbled tho,1
feeling so slaying because i found a new banger song,0
i am feeling productive today,0
life is goated bestie,0
just found a new banger song and feeling vibing,0
i am going to disappear forever,2
i feel tired literally,1
i am feeling sorted today,0
i am going to zahar kha lun,2
bahut sad feel ho raha hai yaar,1
feeling finished and finished at the same time,1
zindagi khatam karne ka mann kar raha hai,2
honestly i am just udas,1
yar i am just depressed,1
i'm literally hopeless cooked,1
everything is vibing tho,0
i feel hopeless smh,1
why is everything so burnt out?,1
just slept well and feeling slaying,0
feeling totally slaying because i met my friends,0
"ab nahi jhela jata, i want to die",2
ngl finally going to a party,0
better to disappear forever than live like this,2
zindagi khatam karne ka mann kar raha hai,2
zindagi khatam karne ka mann kar raha hai,2
bahut finished feel ho raha hai cooked,1
bestie i'm goated vibes,0
i want to quit life cooked,2
anxiety is making me lonely,1
bhai i'm deadass udas,1
listen i am just sad,1
zindagi khatam karne ka mann kar raha hai,2
basically i hella fumbled today,1
life is fine fr,0
i am going to kill myself,2
stress is making me fumbled,1
feeling kafi better because i got a job,0
no cap i totally fumbled today,1
bahut exhausted feel ho raha hai fr,1
just chilling with fam and feeling badhiya,0
"ab nahi jhela jata, i want to end it all",2
feeling udas and udas at the same time,1
i am going to die,2
bestie i'm sorted yaar,0
bhai i'm deadass numb,1
feeling really sorted because i found a new banger song,0
i am going to end it all,2
bahut udas feel ho raha hai cooked,1
fr finally going to a party,0
pressure is making me hopeless,1
i want to marna yaar,2
"bhai i'm broken, i just wanna die",2
"bruh i feel like failure at everything, i should jump off",2
just met my friends and feeling sorted,0
i'm literally tired bestie,1
bhai i'm deadass udas,1
zindagi khatam karne ka mann kar raha hai,2
better to jaan dena than live like this,2
everything is goated tho,0
tbh finally got a job,0
just finished the project and feeling lit,0
listen today was chill,0
i want to die cooked,2
"bhai i'm broken, i just wanna marna",2
deadass gonna kill myself,2
feeling depressed and depressed at the same time,1
yar i deadass fumbled today,1
i'm literally down bad lol,1
bhai i'm deadass numb,1
"bhai i'm finished, i just wanna end it all",2
feeling sad and sad at the same time,1
"bhai i'm a burden, i just wanna end it all",2
life is mast smh,0
i feel numb vibes,1
just chilling with fam and feeling lit,0
life is goated bestie,0
i feel finished vibes,1
everything is productive lol,0
honestly i so fumbled today,1
life is lit bestie,0
bestie i'm fine lol,0
why is everything so tired?,1
life is sorted fr,0
why is everything so udas?,1
i am feeling badhiya today,0
feeling down bad and down bad at the same time,1
i am feeling vibing today,0
zindagi khatam karne ka mann kar raha hai,2
why is everything so finished?,1
why is everything so tired?,1
"goodbye everyone, i am going to jump off",2
"bhai i'm failure at everything, i just wanna kill myself",2
breakup is making me hopeless,1
feeling sad and sad at the same time,1
"goodbye everyone, i am going to never wake up",2
"goodbye everyone, i am going to suicide",2
bhai i'm deadass finished,1
zindagi khatam karne ka mann kar raha hai,2
burden is making me hopeless,1
no cap today was goated,0
zindagi khatam karne ka mann kar raha hai,2
deadass gonna disappear forever,2
i feel fumbled literally,1
basically i hella fumbled today,1
fomo is making me burnt out,1
"ab nahi jhela jata, i want to hurt myself",2
"ab nahi jhela jata, i want to end it all",2
bhai i'm deadass burnt out,1
"bhai i'm no way out, i just wanna zahar kha lun",2
bruh today was badhiya,0
i am going to end it all,2
just found a new banger song and feeling lit,0
deadass gonna die,2
feeling hella better because i got a job,0
bhai i'm deadass hopeless,1
basically finally secured the bag,0
better to die than live like this,2
tbh today was better,0
feeling very fine because i finished the project,0
deadass gonna suicide,2
bahut exhausted feel ho raha hai rn,1
bestie i'm lit ig,0
deadass finally passed my exams,0
"goodbye everyone, i am going to jaan dena",2
bruh i totally fumbled today,1
bahut hopeless feel ho raha hai yaar,1
"bhai i feel like a burden, i should kill myself",2
better to marna than live like this,2
i feel sad bestie,1
feeling deadass badhiya because i found a new banger song,0
"lowkey i feel like a burden, i should jaan dena",2
"goodbye everyone, i am going to quit life",2
feeling literally badhiya because i finished the project,0
bhai i'm deadass depressed,1
why is everything so overwhelmed?,1
i am going to khatam karun,2
bhai today was crushing it,0
i'm literally numb literally,1
bahut stressed feel ho raha hai cooked,1
"bhai i'm no way out, i just wanna quit life",2
bestie i'm chill fr,0
i am feeling chill today,0
"goodbye everyone, i am going to never wake up",2
feeling very badhiya because i slept well,0
"goodbye everyone, i am going to end it all",2
honestly i so fumbled today,1
feeling deadass better because i found a new banger song,0
i am feeling badhiya today,0
"ngl i feel like failure at everything, i should quit life",2
everything is productive cooked,0
i feel sad smh,1
"basically i feel like worthless, i should disappear forever",2
lowkey finally chilling with fam,0
feeling hopeless and hopeless at the same time,1
feeling really crushing it because i got a job,0
bhai finally chilling with fam,0
i feel fumbled bhai,1
just found a new banger song and feeling vibing,0
deadass gonna end it all,2
just found a new banger song and feeling chill,0
i want to jump off yaar,2
feeling udas and udas at the same time,1
anxiety is making me udas,1
better to quit life than live like this,2
"goodbye everyone, i am going to hurt myself",2
feeling totally slaying because i got a job,0
everything is better rn,0
i want to hurt myself smh,2
bahut cooked feel ho raha hai yaar,1
bhai i'm deadass finished,1
zindagi khatam karne ka mann kar raha hai,2
lowkey today was goated,0
bruh i literally fumbled today,1
honestly today was chill,0
i'm literally cooked bhai,1
"bhai i'm broken, i just wanna hurt myself",2
just hit a new pr and feeling productive,0
"ab nahi jhela jata, i want to disappear forever",2
deadass today was chill,0
everything is chill vibes,0
feeling hopeless and hopeless at the same time,1
bestie i'm lit no cap,0
everything is productive rn,0
"bhai i'm failure at everything, i just wanna quit life",2
"bhai i'm broken, i just wanna zahar kha lun",2
i feel cooked ig,1
i'm literally exhausted bestie,1
"goodbye everyone, i am going to hurt myself",2
feeling udas and udas at the same time,1
better to khatam karun than live like this,2
"ab nahi jhela jata, i want to jaan dena",2
deadass gonna suicide,2
i am feeling slaying today,0
deadass gonna jaan dena,2
"bhai i feel like done with life, i should marna",2
i'm literally fumbled vibes,1
"bhai i'm worthless, i just wanna hurt myself",2
bestie i'm slaying literally,0
deadass gonna never wake up,2
feeling finished and finished at the same time,1
why is everything so depressed?,1
bhai i'm deadass stressed,1
bestie i'm mast bhai,0
better to suicide than live like this,2
tbh finally passed my exams,0
academic pressure is making me sad,1
zindagi khatam karne ka mann kar raha hai,2
deadass gonna end it all,2
deadass gonna disappear forever,2
"goodbye everyone, i am going to disappear forever",2
bruh finally going to a party,0
bahut down bad feel ho raha hai smh,1
why is everything so udas?,1
feeling stressed and stressed at the same time,1
feeling super fine because i chilling with fam,0
no cap today was crushing it,0
just passed my exams and feeling fine,0
i am going to jaan dena,2
just passed my exams and feeling crushing it,0
"ab nahi jhela jata, i want to marna",2
deadass today was lit,0
bhai i am just lonely,1
i'm literally sad fr,1
burden is making me lonely,1
bhai i'm deadass hopeless,1
i am going to die,2
why is everything so finished?,1
bahut cooked feel ho raha hai vibes,1
i'm literally udas ig,1
bhai finally passed my exams,0
fr finally going to a party,0
i feel hopeless bhai,1
feeling stressed and stressed at the same time,1
i want to never wake up ig,2
fr today was vibing,0
tbh i totally fumbled today,1
just secured the bag and feeling sorted,0
zindagi khatam karne ka mann kar raha hai,2
yar finally secured the bag,0
"bhai i'm done with life, i just wanna khatam karun",2
bhai i'm deadass sad,1
better to hurt myself than live like this,2
fr today was badhiya,0
i want to disappear forever smh,2
bruh i kafi fumbled today,1
"ab nahi jhela jata, i want to end it all",2
"ab nahi jhela jata, i want to jaan dena",2
i am going to jaan dena,2
life is sorted bhai,0
bestie i'm chill vibes,0
everything is fine cooked,0
zindagi khatam karne ka mann kar raha hai,2
"bruh i feel like finished, i should jaan dena",2
"basically i feel like finished, i should hurt myself",2
i feel lonely cooked,1
i am feeling chill today,0
"ab nahi jhela jata, i want to jump off",2
bestie i'm mast vibes,0
overthinking is making me lonely,1
i want to suicide cooked,2
"goodbye everyone, i am going to khatam karun",2
"bhai i feel like broken, i should end it all",2
everything is fine literally,0
feeling hella sorted because i slept well,0
everything is slaying yaar,0
ngl i so fumbled today,1
"bhai i'm a burden, i just wanna jump off",2
"bhai i'm broken, i just wanna disappear forever",2
i am going to end it all,2
i'm literally sad cooked,1
deadass gonna jump off,2
lowkey finally met my friends,0
better to marna than live like this,2
i am going to die,2
bestie i'm better ig,0
"ab nahi jhela jata, i want to end it all",2
zindagi khatam karne ka mann kar raha hai,2
feeling depressed and depressed at the same time,1
bestie i'm badhiya vibes,0
deadass gonna hurt myself,2
no cap i am just exhausted,1
bhai finally hit a new pr,0
i am going to jaan dena,2
life is sorted ig,0
life is vibing tho,0
bahut exhausted feel ho raha hai cooked,1
deadass gonna jaan dena,2
bhai i really fumbled today,1
zindagi khatam karne ka mann kar raha hai,2
i'm literally tired cooked,1
listen today was lit,0
feeling cooked and cooked at the same time,1
i feel hopeless bestie,1
everything is slaying vibes,0
zindagi khatam karne ka mann kar raha hai,2
honestly i kafi fumbled today,1
feeling super better because i chilling with fam,0
no cap i kafi fumbled today,1
i feel cooked bhai,1
i'm literally exhausted tho,1
"ab nahi jhela jata, i want to jaan dena",2
tbh finally met my friends,0
"ab nahi jhela jata, i want to marna",2
i am feeling chill today,0
feeling stressed and stressed at the same time,1
better to kill myself than live like this,2
bestie i'm productive cooked,0
bahut numb feel ho raha hai bhai,1
i am going to khatam karun,2
yar finally met my friends,0
"ab nahi jhela jata, i want to jump off",2
"ab nahi jhela jata, i want to kill myself",2
"ab nahi jhela jata, i want to marna",2
i want to hurt myself yaar,2
"goodbye everyone, i am going to hurt myself",2
just found a new banger song and feeling better,0
"no cap i feel like finished, i should hurt myself",2
bestie i'm lit tho,0
feeling deadass crushing it because i hit a new pr,0
bestie i'm goated rn,0
better to zahar kha lun than live like this,2
life is productive ig,0
i feel numb smh,1
"ab nahi jhela jata, i want to end it all",2
just met my friends and feeling mast,0
deadass gonna kill myself,2
i'm literally down bad rn,1
"goodbye everyone, i am going to quit life",2
"bhai i'm broken, i just wanna die",2
listen finally passed my exams,0
"ab nahi jhela jata, i want to disappear forever",2
pressure is making me numb,1
honestly i super fumbled today,1
better to jump off than live like this,2
tbh i literally fumbled today,1
fr i super fumbled today,1
life is lit literally,0
honestly finally found a new banger song,0
bhai i'm deadass numb,1
feeling kafi vibing because i secured the bag,0
bruh today was vibing,0
why is everything so sad?,1
bestie i'm productive tho,0
life is goated smh,0
bahut cooked feel ho raha hai smh,1
bestie i'm crushing it bhai,0
"bhai i'm hopeless af, i just wanna never wake up",2
i am going to marna,2
"ab nahi jhela jata, i want to disappear forever",2
bestie i'm sorted no cap,0
better to marna than live like this,2
"bhai i'm failure at everything, i just wanna never wake up",2
better to die than live like this,2
bruh i kafi fumbled today,1
zindagi khatam karne ka mann kar raha hai,2
bahut numb feel ho raha hai ig,1
"bhai i'm hopeless af, i just wanna suicide",2
bhai i'm deadass burnt out,1
"ab nahi jhela jata, i want to quit life",2
zindagi khatam karne ka mann kar raha hai,2
"bruh i feel like hopeless af, i should never wake up",2
bhai i'm deadass exhausted,1
feeling depressed and depressed at the same time,1
bhai i'm deadass depressed,1
"ab nahi jhela jata, i want to die",2
bestie i'm sorted yaar,0
just finished the project and feeling chill,0
zindagi khatam karne ka mann kar raha hai,2
bruh today was fine,0
"bhai i'm failure at everything, i just wanna hurt myself",2
feeling very goated because i chilling with fam,0
bestie i'm vibing smh,0
i am going to quit life,2
i am going to khatam karun,2
feeling so mast because i going to a party,0
i'm literally fumbled ig,1
i am feeling mast today,0
i feel lonely vibes,1
feeling kafi lit because i going to a party,0
bahut down bad feel ho raha hai lol,1
i am feeling fine today,0
zindagi khatam karne ka mann kar raha hai,2
deadass gonna quit life,2
"goodbye everyone, i am going to disappear forever",2
deadass gonna zahar kha lun,2
i want to jaan dena yaar,2
i am going to hurt myself,2
just secured the bag and feeling badhiya,0
deadass i am just burnt out,1
i am feeling crushing it today,0
i feel finished yaar,1
zindagi khatam karne ka mann kar raha hai,2
zindagi khatam karne ka mann kar raha hai,2
"goodbye everyone, i am going to khatam karun",2
everything is crushing it rn,0
i am going to end it all,2
i am feeling lit today,0
tension is making me depressed,1
just slept well and feeling mast,0
i am feeling goated today,0
"goodbye everyone, i am going to marna",2
deadass gonna jump off,2
i feel stressed vibes,1
i feel cooked lol,1
academic pressure is making me depressed,1
deadass gonna zahar kha lun,2
failure is making me overwhelmed,1
tbh i am just overwhelmed,1
tbh i deadass fumbled today,1
zindagi khatam karne ka mann kar raha hai,2
zindagi khatam karne ka mann kar raha hai,2
basically finally found a new banger song,0
ngl finally chilling with fam,0
i want to suicide smh,2
i am going to hurt myself,2
bahut tired feel ho raha hai bestie,1
academic pressure is making me lonely,1
life is mast rn,0
pressure is making me burnt out,1
better to kill myself than live like this,2
i am going to never wake up,2
i want to end it all bestie,2
i'm literally hopeless smh,1
bruh i super fumbled today,1
feeling depressed and depressed at the same time,1
feeling super chill because i found a new banger song,0
everything is crushing it rn,0
i am feeling vibing today,0
bruh finally met my friends,0
basically today was fine,0
no cap i am just stressed,1
"ab nahi jhela jata, i want to zahar kha lun",2
"goodbye everyone, i am going to marna",2
"goodbye everyone, i am going to suicide",2
academic pressure is making me burnt out,1
bestie i'm badhiya bhai,0
basically today was lit,0
why is everything so hopeless?,1
no cap i kafi fumbled today,1
feeling hopeless and hopeless at the same time,1
i want to marna ig,2
why is everything so down bad?,1
i am going to end it all,2
zindagi khatam karne ka mann kar raha hai,2
i'm literally down bad lol,1
feeling deadass chill because i passed my exams,0
ngl i am just down bad,1
anxiety is making me burnt out,1
i'm literally stressed smh,1
i want to end it all bestie,2
overthinking is making me stressed,1
feeling cooked and cooked at the same time,1
i'm literally fumbled tho,1
i want to suicide smh,2
i'm literally stressed fr,1
life is slaying literally,0
better to hurt myself than live like this,2
"goodbye everyone, i am going to khatam karun",2
zindagi khatam karne ka mann kar raha hai,2
stress is making me finished,1
"ab nahi jhela jata, i want to kill myself",2
better to never wake up than live like this,2
better to quit life than live like this,2
deadass i am just overwhelmed,1
i feel stressed lol,1
"goodbye everyone, i am going to kill myself",2
i want to kill myself vibes,2
i feel exhausted yaar,1
listen finally going to a party,0
feeling deadass lit because i passed my exams,0
everything is mast vibes,0
bhai finally chilling with fam,0
feeling very fine because i found a new banger song,0
bestie i'm productive bhai,0
i am going to end it all,2
life is badhiya cooked,0
zindagi khatam karne ka mann kar raha hai,2
i want to end it all bhai,2
better to never wake up than live like this,2
bruh today was better,0
why is everything so stressed?,1
bestie i'm badhiya vibes,0
zindagi khatam karne ka mann kar raha hai,2
bruh i kafi fumbled today,1
"yar i feel like broken, i should never wake up",2
better to hurt myself than live like this,2
no cap i so fumbled today,1
everything is badhiya bhai,0
deadass gonna end it all,2
"ab nahi jhela jata, i want to disappear forever",2
pressure is making me stressed,1
bestie i'm vibing ig,0
bestie i'm crushing it vibes,0
better to disappear forever than live like this,2
"goodbye everyone, i am going to suicide",2
bestie i'm productive literally,0
just finished the project and feeling slaying,0
i am feeling badhiya today,0
i'm literally burnt out cooked,1
everything is sorted no cap,0
better to die than live like this,2
i feel exhausted yaar,1
bestie i'm crushing it bestie,0
deadass gonna die,2
ngl today was goated,0
"ab nahi jhela jata, i want to end it all",2
i feel stressed smh,1
zindagi khatam karne ka mann kar raha hai,2
everything is better cooked,0
life is goated tho,0
"bhai i'm no way out, i just wanna die",2
just chilling with fam and feeling lit,0
i feel tired vibes,1
i feel down bad yaar,1
better to disappear forever than live like this,2
i am going to never wake up,2
why is everything so udas?,1
life is lit rn,0
"bhai i'm no way out, i just wanna jump off",2
"listen i feel like failure at everything, i should kill myself",2
feeling down bad and down bad at the same time,1
ngl i super fumbled today,1
i am feeling productive today,0
life is productive ig,0
deadass gonna jump off,2
zindagi khatam karne ka mann kar raha hai,2
fr today was badhiya,0
"bruh i feel like worthless, i should disappear forever",2
feeling tired and tired at the same time,1
no cap i totally fumbled today,1
life is goated yaar,0
deadass gonna quit life,2
fr i am just burnt out,1
honestly i literally fumbled today,1
"bhai i'm no way out, i just wanna zahar kha lun",2
bahut numb feel ho raha hai bestie,1
no cap i kafi fumbled today,1
no cap today was chill,0
"ab nahi jhela jata, i want to disappear forever",2
tbh today was fine,0
"ab nahi jhela jata, i want to khatam karun",2
i feel udas no cap,1
life is productive smh,0
bhai i'm deadass hopeless,1
"goodbye everyone, i am going to kill myself",2
"bhai i'm hopeless af, i just wanna hurt myself",2
feeling literally slaying because i hit a new pr,0
bhai i'm deadass hopeless,1
better to quit life than live like this,2
everything is crushing it ig,0
"bhai i'm a burden, i just wanna disappear forever",2
i feel finished bestie,1
i feel tired lol,1
i am feeling slaying today,0
i am feeling mast today,0
bestie i'm productive bhai,0
deadass gonna jump off,2
deadass gonna hurt myself,2
just secured the bag and feeling sorted,0
better to hurt myself than live like this,2
deadass i am just stressed,1
no cap today was sorted,0
bahut finished feel ho raha hai bestie,1
why is everything so hopeless?,1
i'm literally cooked no cap,1
life is chill smh,0
i'm literally numb ig,1
no cap today was goated,0
fr today was goated,0
better to disappear forever than live like this,2
everything is slaying rn,0
i am feeling vibing today,0
life is slaying bestie,0
"ab nahi jhela jata, i want to never wake up",2
"ab nahi jhela jata, i want to hurt myself",2
feeling sad and sad at the same time,1
bestie i'm slaying bhai,0
fr finally passed my exams,0
life is crushing it no cap,0
"bhai i'm worthless, i just wanna quit life",2
i feel lonely fr,1
bhai i'm deadass stressed,1
just found a new banger song and feeling fine,0
bahut tired feel ho raha hai literally,1
feeling sad and sad at the same time,1
zindagi khatam karne ka mann kar raha hai,2
why is everything so finished?,1
i feel udas rn,1
i want to hurt myself tho,2
anxiety is making me finished,1
deadass gonna jaan dena,2
i'm literally overwhelmed ig,1
why is everything so down bad?,1
bestie i'm mast yaar,0
life is vibing cooked,0
"ab nahi jhela jata, i want to jump off",2
honestly finally slept well,0
listen i am just burnt out,1
zindagi khatam karne ka mann kar raha hai,2
i feel stressed bestie,1
bestie i'm vibing no cap,0
everything is goated vibes,0
just going to a party and feeling crushing it,0
yar i really fumbled today,1
just met my friends and feeling mast,0
everything is goated literally,0
"ab nahi jhela jata, i want to end it all",2
i feel cooked ig,1
i am going to kill myself,2
bestie i'm lit rn,0
i am feeling vibing today,0
feeling down bad and down bad at the same time,1
"ab nahi jhela jata, i want to zahar kha lun",2
i am going to disappear forever,2
zindagi khatam karne ka mann kar raha hai,2
honestly i totally fumbled today,1
better to khatam karun than live like this,2
feeling hella slaying because i hit a new pr,0
burden is making me finished,1
feeling numb and numb at the same time,1
deadass gonna suicide,2
feeling so better because i finished the project,0
"ab nahi jhela jata, i want to suicide",2
i am going to hurt myself,2
ngl i am just sad,1
pressure is making me cooked,1
"goodbye everyone, i am going to khatam karun",2
bhai i'm deadass tired,1
"bhai i'm finished, i just wanna marna",2
i'm literally burnt out literally,1
bahut lonely feel ho raha hai smh,1
bahut cooked feel ho raha hai cooked,1
zindagi khatam karne ka mann kar raha hai,2
bhai i'm deadass cooked,1
bhai i'm deadass fumbled,1
yar finally chilling with fam,0
i want to jaan dena cooked,2
feeling kafi crushing it because i passed my exams,0
i want to jaan dena vibes,2
just finished the project and feeling crushing it,0
why is everything so tired?,1
deadass gonna suicide,2
"goodbye everyone, i am going to hurt myself",2
fr i really fumbled today,1
just met my friends and feeling sorted,0
everything is sorted ig,0
i'm literally tired smh,1
i am feeling fine today,0
i am feeling lit today,0
i am feeling badhiya today,0
basically i am just tired,1
burden is making me depressed,1
i am feeling badhiya today,0
feeling lonely and lonely at the same time,1
deadass gonna disappear forever,2
bahut fumbled feel ho raha hai bhai,1
life is badhiya bestie,0
just passed my exams and feeling better,0
pressure is making me exhausted,1
i am feeling lit today,0
deadass gonna jump off,2
"goodbye everyone, i am going to kill myself",2
listen today was chill,0
bhai finally chilling with fam,0
i feel overwhelmed rn,1
listen finally got a job,0
everything is lit yaar,0
life is slaying cooked,0
bhai i'm deadass exhausted,1
feeling really productive because i found a new banger song,0
"bhai i'm worthless, i just wanna marna",2
just slept well and feeling badhiya,0
stress is making me udas,1
pressure is making me udas,1
"ab nahi jhela jata, i want to quit life",2
ngl finally going to a party,0
everything is goated ig,0
i'm literally hopeless vibes,1
"goodbye everyone, i am going to die",2
feeling really goated because i got a job,0
"bhai i'm failure at everything, i just wanna end it all",2
i am feeling productive today,0
"goodbye everyone, i am going to jump off",2
i feel finished smh,1
better to die than live like this,2
why is everything so stressed?,1
life is goated rn,0
bestie i'm fine literally,0
feeling literally crushing it because i met my friends,0
deadass gonna jaan dena,2
bestie i'm badhiya bhai,0
"bhai i'm no way out, i just wanna jump off",2
i am going to hurt myself,2
life is chill tho,0
no cap today was vibing,0
fr today was sorted,0
"goodbye everyone, i am going to quit life",2
better to suicide than live like this,2
i am feeling badhiya today,0
better to marna than live like this,2
bahut sad feel ho raha hai rn,1
why is everything so overwhelmed?,1
fomo is making me hopeless,1
better to quit life than live like this,2
i feel lonely literally,1
"bhai i'm no way out, i just wanna jaan dena",2
bahut sad feel ho raha hai fr,1
just found a new banger song and feeling goated,0
"ab nahi jhela jata, i want to jaan dena",2
"goodbye everyone, i am going to jaan dena",2
everything is lit fr,0
just chilling with fam and feeling mast,0
i feel cooked ig,1
"bhai i'm hopeless af, i just wanna suicide",2
i am going to disappear forever,2
zindagi khatam karne ka mann kar raha hai,2
deadass gonna hurt myself,2
basically today was fine,0
"ab nahi jhela jata, i want to hurt myself",2
listen i am just finished,1
i am feeling badhiya today,0
i am feeling badhiya today,0
no cap i am just fumbled,1
i feel hopeless tho,1
"ngl i feel like failure at everything, i should jump off",2
"goodbye everyone, i am going to kill myself",2
no cap i am just hopeless,1
zindagi khatam karne ka mann kar raha hai,2
i'm literally hopeless rn,1
feeling tired and tired at the same time,1
bruh today was sorted,0
tbh finally got a job,0
"ngl i feel like no way out, i should suicide",2
i am going to zahar kha lun,2
life is vibing literally,0
feeling deadass slaying because i going to a party,0
bahut burnt out feel ho raha hai no cap,1
why is everything so burnt out?,1
i want to khatam karun tho,2
yar today was crushing it,0
pressure is making me fumbled,1
"ab nahi jhela jata, i want to khatam karun",2
i feel lonely bhai,1
why is everything so overwhelmed?,1
bestie i'm goated no cap,0
deadass gonna marna,2
deadass gonna marna,2
"tbh i feel like worthless, i should zahar kha lun",2
zindagi khatam karne ka mann kar raha hai,2
i am feeling goated today,0
i want to kill myself bhai,2
i'm literally fumbled bestie,1
bahut hopeless feel ho raha hai smh,1
i'm literally tired yaar,1
life is mast bhai,0
i am going to khatam karun,2
better to jump off than live like this,2
everything is fine ig,0
i am feeling better today,0
deadass gonna zahar kha lun,2
"bhai i'm done with life, i just wanna quit life",2
breakup is making me down bad,1
fr i am just hopeless,1
i feel down bad rn,1
pressure is making me down bad,1
i'm literally hopeless smh,1
i want to disappear forever smh,2
i feel depressed yaar,1
"basically i feel like done with life, i should never wake up",2
deadass gonna suicide,2
lowkey finally slept well,0
everything is mast vibes,0
feeling lonely and lonely at the same time,1
"goodbye everyone, i am going to disappear forever",2
feeling udas and udas at the same time,1
zindagi khatam karne ka mann kar raha hai,2
everything is mast cooked,0
academic pressure is making me lonely,1
better to jump off than live like this,2
why is everything so fumbled?,1
fr finally found a new banger song,0
life is slaying cooked,0
feeling hella slaying because i met my friends,0
i want to zahar kha lun bestie,2
"ab nahi jhela jata, i want to never wake up",2
life is crushing it literally,0
bruh i am just depressed,1
"no cap i feel like a burden, i should kill myself",2
"bhai i'm broken, i just wanna never wake up",2
bhai i am just stressed,1
better to hurt myself than live like this,2
better to suicide than live like this,2
bhai i'm deadass fumbled,1
bestie i'm crushing it lol,0
everything is mast ig,0
basically finally hit a new pr,0
i want to kill myself tho,2
i feel sad ig,1
why is everything so hopeless?,1
tbh today was slaying,0
"bhai i'm hopeless af, i just wanna jaan dena",2
bahut hopeless feel ho raha hai tho,1
bhai i'm deadass stressed,1
i feel tired tho,1
"basically i feel like done with life, i should hurt myself",2
life is fine lol,0
ngl i totally fumbled today,1
i am going to disappear forever,2
i want to zahar kha lun yaar,2
anxiety is making me overwhelmed,1
bahut numb feel ho raha hai ig,1
bestie i'm productive cooked,0
i'm literally sad bhai,1
"deadass i feel like done with life, i should suicide",2
bestie i'm badhiya smh,0
bahut numb feel ho raha hai cooked,1
better to khatam karun than live like this,2
fr finally met my friends,0
bestie i'm crushing it vibes,0
"bhai i'm broken, i just wanna suicide",2
yar finally finished the project,0
"no cap i feel like failure at everything, i should disappear forever",2
"basically i feel like broken, i should quit life",2
bhai i'm deadass udas,1
"ab nahi jhela jata, i want to end it all",2
tbh i am just depressed,1
i want to kill myself ig,2
everything is crushing it lol,0
fr finally hit a new pr,0
failure is making me hopeless,1
"bhai i feel like no way out, i should quit life",2
bahut sad feel ho raha hai smh,1
everything is chill no cap,0
feeling so better because i passed my exams,0
"goodbye everyone, i am going to disappear forever",2
honestly i am just lonely,1
i want to khatam karun yaar,2
lowkey finally going to a party,0
deadass gonna never wake up,2
ngl finally hit a new pr,0
bhai i so fumbled today,1
deadass gonna die,2
basically i super fumbled today,1
"ab nahi jhela jata, i want to disappear forever",2
life is slaying vibes,0
deadass today was goated,0
life is lit no cap,0
better to suicide than live like this,2
"bhai i'm finished, i just wanna quit life",2
life is fine ig,0
i am feeling crushing it today,0
i am feeling chill today,0
feeling really crushing it because i slept well,0
just got a job and feeling mast,0
everything is slaying yaar,0
life is better literally,0
just met my friends and feeling vibing,0
i want to jump off yaar,2
yar finally secured the bag,0
life is chill smh,0
i'm literally down bad bestie,1
everything is sorted cooked,0
burden is making me depressed,1
bahut finished feel ho raha hai lol,1
life is goated yaar,0
"ab nahi jhela jata, i want to hurt myself",2
"goodbye everyone, i am going to jaan dena",2
feeling tired and tired at the same time,1
"goodbye everyone, i am going to never wake up",2
yar i am just lonely,1
i feel stressed lol,1
ngl i am just lonely,1
i'm literally numb lol,1
just slept well and feeling mast,0
"goodbye everyone, i am going to marna",2
academic pressure is making me exhausted,1
"goodbye everyone, i am going to disappear forever",2
bhai i am just depressed,1
ngl today was better,0
everything is goated literally,0
everything is slaying ig,0
bhai i am just tired,1
i am going to khatam karun,2
i'm literally fumbled fr,1
overthinking is making me finished,1
deadass i am just hopeless,1
bhai i'm deadass udas,1
bestie i'm sorted smh,0
"ab nahi jhela jata, i want to end it all",2
i am feeling fine today,0
"bhai i'm hopeless af, i just wanna jaan dena",2
just secured the bag and feeling sorted,0
bhai i'm deadass burnt out,1
tbh today was badhiya,0
just got a job and feeling lit,0
basically today was chill,0
i feel finished bestie,1
why is everything so tired?,1
listen finally hit a new pr,0
basically i so fumbled today,1
bahut stressed feel ho raha hai rn,1
i'm literally down bad cooked,1
ngl i hella fumbled today,1
bestie i'm goated lol,0
feeling totally productive because i passed my exams,0
feeling hella mast because i got a job,0
i am going to zahar kha lun,2
just hit a new pr and feeling sorted,0
bhai i am just stressed,1
bestie i'm lit smh,0
i am going to die,2
bahut burnt out feel ho raha hai bhai,1
"bhai i'm done with life, i just wanna end it all",2
feeling numb and numb at the same time,1
bestie i'm lit smh,0
feeling numb and numb at the same time,1
everything is productive no cap,0
i'm literally lonely cooked,1
deadass gonna quit life,2
just chilling with fam and feeling slaying,0
just chilling with fam and feeling productive,0
deadass i kafi fumbled today,1
tbh i am just down bad,1
i'm literally overwhelmed yaar,1
why is everything so tired?,1
just passed my exams and feeling lit,0
life is chill tho,0
fr i literally fumbled today,1
just met my friends and feeling sorted,0
i am going to quit life,2
i feel fumbled bhai,1
i feel exhausted vibes,1
i want to zahar kha lun yaar,2
why is everything so udas?,1
deadass gonna disappear forever,2
ngl finally going to a party,0
just going to a party and feeling lit,0
everything is better fr,0
"ngl i feel like worthless, i should hurt myself",2
bhai i'm deadass cooked,1
zindagi khatam karne ka mann kar raha hai,2
bhai i am just down bad,1
i feel cooked yaar,1
deadass gonna kill myself,2
no cap i am just sad,1
zindagi khatam karne ka mann kar raha hai,2
zindagi khatam karne ka mann kar raha hai,2
i am going to die,2
zindagi khatam karne ka mann kar raha hai,2
feeling depressed and depressed at the same time,1
bestie i'm badhiya cooked,0
i'm literally numb no cap,1
zindagi khatam karne ka mann kar raha hai,2
better to suicide than live like this,2
zindagi khatam karne ka mann kar raha hai,2
feeling really lit because i secured the bag,0
bestie i'm chill tho,0
better to hurt myself than live like this,2
bestie i'm vibing tho,0
bruh i am just lonely,1
honestly finally hit a new pr,0
feeling literally crushing it because i going to a party,0
i am feeling slaying today,0
ngl finally finished the project,0
better to marna than live like this,2
"no cap i feel like broken, i should jump off",2
why is everything so numb?,1
zindagi khatam karne ka mann kar raha hai,2
i'm literally depressed lol,1
just met my friends and feeling sorted,0
i want to khatam karun literally,2
"bhai i'm worthless, i just wanna jump off",2
listen today was slaying,0
"listen i feel like done with life, i should end it all",2
zindagi khatam karne ka mann kar raha hai,2
i want to jaan dena bhai,2
feeling hopeless and hopeless at the same time,1
life is sorted fr,0
deadass gonna end it all,2
bahut lonely feel ho raha hai tho,1
just slept well and feeling slaying,0
everything is vibing yaar,0
"ab nahi jhela jata, i want to khatam karun",2
i want to kill myself literally,2
feeling tired and tired at the same time,1
yar finally found a new banger song,0
fr finally hit a new pr,0
bahut sad feel ho raha hai tho,1
everything is badhiya tho,0
honestly i deadass fumbled today,1
deadass gonna quit life,2
"bhai i'm a burden, i just wanna marna",2
i want to marna vibes,2
bruh today was goated,0
pressure is making me burnt out,1
deadass gonna hurt myself,2
just got a job and feeling badhiya,0
bhai i'm deadass fumbled,1
listen i kafi fumbled today,1
feeling super productive because i secured the bag,0
feeling totally badhiya because i slept well,0
i'm literally fumbled ig,1
"ngl i feel like worthless, i should die",2
i am feeling vibing today,0
better to kill myself than live like this,2
i feel tired cooked,1
zindagi khatam karne ka mann kar raha hai,2
i'm literally down bad no cap,1
honestly finally going to a party,0
i want to jaan dena smh,2
"ab nahi jhela jata, i want to zahar kha lun",2
bestie i'm productive bhai,0
bhai i'm deadass stressed,1
i feel finished vibes,1
just chilling with fam and feeling fine,0
burden is making me hopeless,1
deadass gonna end it all,2
better to suicide than live like this,2
no cap finally got a job,0
why is everything so exhausted?,1
zindagi khatam karne ka mann kar raha hai,2
basically i am just fumbled,1
i feel finished no cap,1
bestie i'm mast smh,0
why is everything so cooked?,1
tbh i so fumbled today,1
feeling deadass productive because i going to a party,0
ngl finally hit a new pr,0
just met my friends and feeling fine,0
feeling hopeless and hopeless at the same time,1
basically today was mast,0
bahut cooked feel ho raha hai no cap,1
failure is making me lonely,1
deadass gonna jump off,2
feeling finished and finished at the same time,1
bhai i'm deadass tired,1
feeling tired and tired at the same time,1
i want to jump off fr,2
feeling hopeless and hopeless at the same time,1
life is sorted yaar,0
"ab nahi jhela jata, i want to quit life",2
i'm literally hopeless bhai,1
life is lit rn,0
i am going to suicide,2
bestie i'm vibing yaar,0
feeling down bad and down bad at the same time,1
just met my friends and feeling vibing,0
better to zahar kha lun than live like this,2
ngl finally found a new banger song,0
bestie i'm goated rn,0
better to disappear forever than live like this,2
no cap i am just udas,1
bahut exhausted feel ho raha hai lol,1
deadass gonna disappear forever,2
everything is crushing it yaar,0
pressure is making me sad,1
"bhai i'm worthless, i just wanna jump off",2
bruh i am just fumbled,1
bahut fumbled feel ho raha hai yaar,1
bahut stressed feel ho raha hai vibes,1
"goodbye everyone, i am going to zahar kha lun",2
everything is productive cooked,0
"ab nahi jhela jata, i want to khatam karun",2
zindagi khatam karne ka mann kar raha hai,2
everything is lit yaar,0
lowkey i totally fumbled today,1
everything is fine literally,0
bahut hopeless feel ho raha hai bestie,1
i want to marna rn,2
feeling totally mast because i slept well,0
"bhai i'm broken, i just wanna die",2
"goodbye everyone, i am going to khatam karun",2
i want to never wake up bestie,2
everything is better lol,0
tbh finally met my friends,0
feeling really productive because i going to a party,0
no cap finally passed my exams,0
i'm literally depressed cooked,1
bhai i'm deadass tired,1
i'm literally tired ig,1
feeling deadass productive because i secured the bag,0
i feel lonely smh,1
i am feeling lit today,0
zindagi khatam karne ka mann kar raha hai,2
zindagi khatam karne ka mann kar raha hai,2
everything is sorted tho,0
fomo is making me sad,1
bhai i'm deadass cooked,1
just hit a new pr and feeling better,0
"goodbye everyone, i am going to quit life",2
bhai today was lit,0
pressure is making me numb,1
fr finally got a job,0
i am feeling crushing it today,0
"goodbye everyone, i am going to quit life",2
"ab nahi jhela jata, i want to khatam karun",2
i am going to jump off,2
better to marna than live like this,2
life is slaying rn,0
bahut udas feel ho raha hai yaar,1
i'm literally exhausted tho,1
fr i am just burnt out,1
bhai i'm deadass overwhelmed,1
"bhai i'm worthless, i just wanna kill myself",2
bruh finally going to a party,0
i am feeling productive today,0
bahut depressed feel ho raha hai fr,1
deadass i am just stressed,1
bhai finally finished the project,0
"listen i feel like done with life, i should kill myself",2
i am going to jump off,2
"bhai i'm worthless, i just wanna jump off",2
i'm literally numb lol,1
"goodbye everyone, i am going to hurt myself",2
i am feeling badhiya today,0
just finished the project and feeling badhiya,0
better to jump off than live like this,2
bhai i'm deadass finished,1
"bruh i feel like finished, i should never wake up",2
i am feeling productive today,0
basically today was better,0
i am feeling lit today,0
feeling really badhiya because i met my friends,0
i am feeling goated today,0
feeling hopeless and hopeless at the same time,1
everything is mast no cap,0
i'm literally finished rn,1
life is sorted no cap,0
life is vibing ig,0
overthinking is making me hopeless,1
bahut exhausted feel ho raha hai smh,1
feeling tired and tired at the same time,1
deadass finally got a job,0
i am going to jump off,2
better to hurt myself than live like this,2
feeling exhausted and exhausted at the same time,1
basically i am just overwhelmed,1
just found a new banger song and feeling goated,0
i'm literally cooked literally,1
just got a job and feeling sorted,0
i'm literally down bad no cap,1
life is better ig,0
feeling fumbled and fumbled at the same time,1
tbh i am just udas,1
feeling super better because i hit a new pr,0
deadass gonna hurt myself,2
why is everything so depressed?,1
honestly i deadass fumbled today,1
feeling super mast because i finished the project,0
life is fine bestie,0
i am feeling badhiya today,0
bhai i'm deadass exhausted,1
bahut lonely feel ho raha hai vibes,1
everything is crushing it cooked,0
"basically i feel like no way out, i should jump off",2
no cap today was lit,0
bahut burnt out feel ho raha hai literally,1
zindagi khatam karne ka mann kar raha hai,2
listen finally met my friends,0
better to die than live like this,2
everything is mast rn,0
stress is making me overwhelmed,1
i am going to quit life,2
better to never wake up than live like this,2
i feel lonely lol,1
i am feeling sorted today,0
bruh finally finished the project,0
"ab nahi jhela jata, i want to end it all",2
fr i deadass fumbled today,1
bestie i'm lit cooked,0
bruh finally hit a new pr,0
stress is making me stressed,1
why is everything so overwhelmed?,1
tbh i am just hopeless,1
zindagi khatam karne ka mann kar raha hai,2
"ab nahi jhela jata, i want to end it all",2
stress is making me stressed,1
why is everything so depressed?,1
bestie i'm badhiya ig,0
better to jump off than live like this,2
bhai i'm deadass depressed,1
"basically i feel like worthless, i should zahar kha lun",2
"goodbye everyone, i am going to zahar kha lun",2
feeling exhausted and exhausted at the same time,1
feeling so chill because i going to a party,0
zindagi khatam karne ka mann kar raha hai,2
bruh i am just fumbled,1
deadass gonna jaan dena,2
"bhai i'm finished, i just wanna quit life",2
i feel udas literally,1
breakup is making me down bad,1
i am feeling badhiya today,0
"goodbye everyone, i am going to jump off",2
i am feeling crushing it today,0
bahut exhausted feel ho raha hai ig,1
yar today was fine,0
life is better no cap,0
better to hurt myself than live like this,2
"ab nahi jhela jata, i want to jump off",2
i want to hurt myself fr,2
everything is sorted lol,0
tension is making me burnt out,1
no cap finally chilling with fam,0
bestie i'm mast cooked,0
everything is chill yaar,0
bhai i'm deadass finished,1
life is vibing bhai,0
zindagi khatam karne ka mann kar raha hai,2
feeling sad and sad at the same time,1
i want to die rn,2
bahut down bad feel ho raha hai fr,1
ngl finally finished the project,0
i am going to kill myself,2
bhai i'm deadass exhausted,1
fr i super fumbled today,1
feeling depressed and depressed at the same time,1
i am going to disappear forever,2
i'm literally burnt out ig,1
bestie i'm slaying bhai,0
bahut hopeless feel ho raha hai vibes,1
bestie i'm badhiya rn,0
better to jump off than live like this,2
feeling super mast because i got a job,0
i feel depressed cooked,1
"basically i feel like finished, i should disappear forever",2
i am going to jump off,2
i want to jaan dena bhai,2
life is mast yaar,0
fr finally passed my exams,0
bestie i'm badhiya literally,0
i am feeling crushing it today,0
"ab nahi jhela jata, i want to kill myself",2
deadass gonna zahar kha lun,2
"bhai i'm a burden, i just wanna quit life",2
deadass gonna end it all,2
everything is goated smh,0
just slept well and feeling lit,0
feeling so lit because i secured the bag,0
why is everything so tired?,1
deadass gonna khatam karun,2
i am going to zahar kha lun,2
better to suicide than live like this,2
i'm literally stressed lol,1
life is vibing bestie,0
why is everything so burnt out?,1
fomo is making me numb,1
deadass gonna marna,2
bahut hopeless feel ho raha hai no cap,1
i'm literally overwhelmed bhai,1
"goodbye everyone, i am going to disappear forever",2
everything is chill rn,0
bahut tired feel ho raha hai yaar,1
i want to jaan dena ig,2
bhai i am just cooked,1
life is better smh,0
bhai today was productive,0
feeling hella mast because i got a job,0
"goodbye everyone, i am going to suicide",2
"bhai i'm hopeless af, i just wanna kill myself",2
zindagi khatam karne ka mann kar raha hai,2
deadass gonna kill myself,2
lowkey finally slept well,0
deadass today was goated,0
bahut tired feel ho raha hai fr,1
honestly today was chill,0
bruh today was vibing,0
"ab nahi jhela jata, i want to end it all",2
bahut stressed feel ho raha hai tho,1
feeling kafi slaying because i finished the project,0
bhai today was slaying,0
bhai i'm deadass tired,1
i want to quit life bhai,2
feeling totally mast because i hit a new pr,0
failure is making me exhausted,1
life is vibing ig,0
i'm literally hopeless bestie,1
i want to marna vibes,2
"goodbye everyone, i am going to hurt myself",2
i want to hurt myself yaar,2
why is everything so cooked?,1
listen i literally fumbled today,1
bhai i'm deadass fumbled,1
"fr i feel like failure at everything, i should marna",2
i feel tired ig,1
i want to hurt myself vibes,2
i feel depressed rn,1
fr finally secured the bag,0
i feel down bad cooked,1
bahut fumbled feel ho raha hai rn,1
feeling udas and udas at the same time,1
everything is mast fr,0
bruh today was badhiya,0
life is badhiya vibes,0
"ab nahi jhela jata, i want to suicide",2
ngl i am just overwhelmed,1
i feel cooked ig,1
"ab nahi jhela jata, i want to jump off",2
why is everything so finished?,1
tension is making me lonely,1
anxiety is making me numb,1
everything is badhiya tho,0
i am feeling vibing today,0
tbh today was slaying,0
"goodbye everyone, i am going to end it all",2
"goodbye everyone, i am going to end it all",2
bhai i'm deadass fumbled,1
lowkey i super fumbled today,1
i want to kill myself fr,2
no cap i am just exhausted,1
better to jaan dena than live like this,2
i am going to zahar kha lun,2
tbh today was sorted,0
bahut burnt out feel ho raha hai tho,1
everything is badhiya cooked,0
i am feeling slaying today,0
better to khatam karun than live like this,2
listen i really fumbled today,1
i am feeling badhiya today,0
deadass gonna end it all,2
honestly i deadass fumbled today,1
just passed my exams and feeling better,0
"ab nahi jhela jata, i want to jaan dena",2
just passed my exams and feeling crushing it,0
i am going to marna,2
yar i am just stressed,1
i want to quit life smh,2
feeling overwhelmed and overwhelmed at the same time,1
"goodbye everyone, i am going to jaan dena",2
i am going to hurt myself,2
i feel fumbled cooked,1
just going to a party and feeling vibing,0
i am feeling lit today,0
i feel fumbled bestie,1
i'm literally depressed cooked,1
i feel tired bestie,1
i want to disappear forever lol,2
basically today was goated,0
deadass gonna zahar kha lun,2
i am going to quit life,2
everything is sorted no cap,0
everything is crushing it lol,0
why is everything so numb?,1
feeling super chill because i passed my exams,0
i want to die literally,2
"ab nahi jhela jata, i want to marna",2
just passed my exams and feeling productive,0
bahut overwhelmed feel ho raha hai cooked,1
zindagi khatam karne ka mann kar raha hai,2
deadass gonna never wake up,2
feeling overwhelmed and overwhelmed at the same time,1
better to hurt myself than live like this,2
fomo is making me tired,1
why is everything so overwhelmed?,1
i am going to kill myself,2
"goodbye everyone, i am going to khatam karun",2
no cap i am just burnt out,1
tbh i am just cooked,1
"goodbye everyone, i am going to kill myself",2
better to kill myself than live like this,2
"bhai i'm finished, i just wanna jump off",2
bhai i'm deadass down bad,1
lowkey i so fumbled today,1
breakup is making me cooked,1
"ab nahi jhela jata, i want to zahar kha lun",2
i am going to suicide,2
yar i am just stressed,1
life is fine rn,0
"listen i feel like failure at everything, i should jump off",2
bruh today was slaying,0
"goodbye everyone, i am going to suicide",2
feeling cooked and cooked at the same time,1
feeling super slaying because i passed my exams,0
better to zahar kha lun than live like this,2
"goodbye everyone, i am going to kill myself",2
tbh today was crushing it,0
"ab nahi jhela jata, i want to die",2
yar i literally fumbled today,1
feeling kafi lit because i going to a party,0
bestie i'm lit bestie,0
life is lit cooked,0
life is better bhai,0
bestie i'm badhiya fr,0
deadass finally got a job,0
i feel lonely ig,1
ngl today was badhiya,0
i'm literally exhausted rn,1
feeling hopeless and hopeless at the same time,1
fr finally passed my exams,0
bahut finished feel ho raha hai literally,1
i am going to marna,2
bahut sad feel ho raha hai rn,1
feeling so badhiya because i finished the project,0
i feel udas no cap,1
tbh today was fine,0
"ab nahi jhela jata, i want to suicide",2
i am feeling fine today,0
i am going to kill myself,2
better to die than live like this,2
life is vibing yaar,0
i am feeling fine today,0
stress is making me cooked,1
why is everything so hopeless?,1
ngl finally hit a new pr,0
"bhai i'm broken, i just wanna hurt myself",2
just chilling with fam and feeling goated,0
"bhai i'm finished, i just wanna khatam karun",2
better to marna than live like this,2
i am going to khatam karun,2
zindagi khatam karne ka mann kar raha hai,2
bhai i'm deadass numb,1
"ab nahi jhela jata, i want to end it all",2
i want to disappear forever tho,2
i'm literally numb lol,1
everything is productive cooked,0
just chilling with fam and feeling fine,0
"ab nahi jhela jata, i want to kill myself",2
bhai today was fine,0
deadass i really fumbled today,1
feeling sad and sad at the same time,1
just hit a new pr and feeling mast,0
"bhai i'm hopeless af, i just wanna suicide",2
i feel numb smh,1
zindagi khatam karne ka mann kar raha hai,2
deadass gonna die,2
bhai i'm deadass fumbled,1
deadass gonna suicide,2
listen finally slept well,0
i am feeling mast today,0
i want to khatam karun lol,2
"fr i feel like a burden, i should khatam karun",2
bahut sad feel ho raha hai bestie,1
feeling hella productive because i met my friends,0
i feel udas smh,1
i am feeling goated today,0
yar i am just depressed,1
basically today was fine,0
feeling very badhiya because i chilling with fam,0
"honestly i feel like a burden, i should end it all",2
feeling cooked and cooked at the same time,1
honestly i totally fumbled today,1
i feel stressed tho,1
bahut lonely feel ho raha hai vibes,1
bruh i am just tired,1
life is lit lol,0
lowkey i am just udas,1
feeling overwhelmed and overwhelmed at the same time,1
i am feeling fine today,0
bestie i'm lit smh,0
feeling totally vibing because i passed my exams,0
zindagi khatam karne ka mann kar raha hai,2
bruh i hella fumbled today,1
bahut udas feel ho raha hai yaar,1
i'm literally depressed yaar,1
fomo is making me burnt out,1
i want to quit life tho,2
lowkey today was chill,0
feeling very sorted because i chilling with fam,0
i'm literally finished cooked,1
everything is goated literally,0
feeling totally sorted because i chilling with fam,0
i am feeling vibing today,0
feeling so vibing because i chilling with fam,0
i'm literally tired ig,1
i want to suicide vibes,2
bestie i'm crushing it rn,0
"ab nahi jhela jata, i want to quit life",2
lowkey i am just exhausted,1
bahut fumbled feel ho raha hai bestie,1
better to disappear forever than live like this,2
better to zahar kha lun than live like this,2
fr i really fumbled today,1
tension is making me depressed,1
bhai i am just hopeless,1
"goodbye everyone, i am going to kill myself",2
i am going to zahar kha lun,2
bestie i'm chill tho,0
pressure is making me exhausted,1
everything is chill lol,0
i am feeling vibing today,0
"bhai i'm broken, i just wanna marna",2
bhai i'm deadass tired,1
everything is badhiya smh,0
just finished the project and feeling crushing it,0
fr finally finished the project,0
just slept well and feeling badhiya,0
life is productive no cap,0
i am going to never wake up,2
life is chill smh,0
i want to end it all bhai,2
"goodbye everyone, i am going to hurt myself",2
bhai i'm deadass stressed,1
deadass gonna jump off,2
better to quit life than live like this,2
ngl i kafi fumbled today,1
why is everything so sad?,1
i want to marna lol,2
"bhai i'm failure at everything, i just wanna hurt myself",2
"listen i feel like no way out, i should zahar kha lun",2
i feel stressed smh,1
i'm literally down bad yaar,1
ngl finally found a new banger song,0
bhai i'm deadass overwhelmed,1
"goodbye everyone, i am going to disappear forever",2
i am going to die,2
bahut overwhelmed feel ho raha hai bhai,1
zindagi khatam karne ka mann kar raha hai,2
why is everything so numb?,1
i feel cooked no cap,1
deadass gonna hurt myself,2
fr i kafi fumbled today,1
i am feeling better today,0
listen finally met my friends,0
feeling so better because i met my friends,0
bestie i'm badhiya no cap,0
better to jaan dena than live like this,2
no cap finally hit a new pr,0
i am feeling badhiya today,0
honestly today was mast,0
why is everything so tired?,1
feeling stressed and stressed at the same time,1
honestly i very fumbled today,1
"goodbye everyone, i am going to disappear forever",2
lowkey i really fumbled today,1
"goodbye everyone, i am going to jaan dena",2
ngl i really fumbled today,1
just chilling with fam and feeling crushing it,0
i feel cooked bhai,1
feeling udas and udas at the same time,1
deadass gonna khatam karun,2
"ab nahi jhela jata, i want to kill myself",2
everything is lit bhai,0
i'm literally burnt out ig,1
"bhai i'm a burden, i just wanna khatam karun",2
i feel finished fr,1
bhai i'm deadass stressed,1
better to marna than live like this,2
i feel overwhelmed bhai,1
why is everything so stressed?,1
i want to disappear forever no cap,2
i'm literally stressed cooked,1
"goodbye everyone, i am going to never wake up",2
life is slaying rn,0
just slept well and feeling mast,0
i want to never wake up tho,2
zindagi khatam karne ka mann kar raha hai,2
zindagi khatam karne ka mann kar raha hai,2
"ab nahi jhela jata, i want to khatam karun",2
i am going to end it all,2
"ab nahi jhela jata, i want to quit life",2
bahut udas feel ho raha hai vibes,1
why is everything so tired?,1
life is chill ig,0
honestly i hella fumbled today,1
bahut hopeless feel ho raha hai bhai,1
"ab nahi jhela jata, i want to quit life",2
i am going to never wake up,2
deadass i totally fumbled today,1
bruh today was vibing,0
i'm literally stressed lol,1
i feel overwhelmed ig,1
i am going to disappear forever,2
zindagi khatam karne ka mann kar raha hai,2
life is badhiya fr,0
bahut depressed feel ho raha hai bhai,1
feeling literally lit because i going to a party,0
"ab nahi jhela jata, i want to jump off",2
everything is lit literally,0
why is everything so udas?,1
bhai today was badhiya,0
"fr i feel like a burden, i should hurt myself",2
"ab nahi jhela jata, i want to zahar kha lun",2
everything is lit lol,0
bestie i'm better smh,0
"tbh i feel like finished, i should kill myself",2
i am feeling sorted today,0
"goodbye everyone, i am going to end it all",2
listen i very fumbled today,1
bruh i super fumbled today,1
feeling very mast because i going to a party,0
why is everything so cooked?,1
i am going to jump off,2
feeling totally mast because i passed my exams,0
"lowkey i feel like worthless, i should jump off",2
just slept well and feeling vibing,0
bhai i'm deadass finished,1
"listen i feel like hopeless af, i should zahar kha lun",2
zindagi khatam karne ka mann kar raha hai,2
"ab nahi jhela jata, i want to never wake up",2
i am feeling sorted today,0
bhai i'm deadass hopeless,1
"bhai i'm done with life, i just wanna never wake up",2
"ab nahi jhela jata, i want to disappear forever",2
i am going to suicide,2
listen i hella fumbled today,1
anxiety is making me hopeless,1
deadass gonna end it all,2
fr finally met my friends,0
tbh i am just stressed,1
i feel udas cooked,1
everything is productive literally,0
i'm literally udas cooked,1
feeling really slaying because i found a new banger song,0
feeling udas and udas at the same time,1
feeling stressed and stressed at the same time,1
i'm literally stressed ig,1
"goodbye everyone, i am going to quit life",2
better to jump off than live like this,2
"ab nahi jhela jata, i want to hurt myself",2
"goodbye everyone, i am going to quit life",2
zindagi khatam karne ka mann kar raha hai,2
i'm literally depressed tho,1
feeling hella goated because i chilling with fam,0
breakup is making me cooked,1
i'm literally hopeless ig,1
feeling down bad and down bad at the same time,1
zindagi khatam karne ka mann kar raha hai,2
i want to hurt myself rn,2
i feel sad fr,1
pressure is making me down bad,1
"ab nahi jhela jata, i want to khatam karun",2
"no cap i feel like broken, i should disappear forever",2
i want to quit life bhai,2
bahut depressed feel ho raha hai rn,1
no cap i totally fumbled today,1
fr finally finished the project,0
i am feeling vibing today,0
i am going to quit life,2
bhai i'm deadass stressed,1
"ngl i feel like worthless, i should hurt myself",2
just finished the project and feeling goated,0
bestie i'm sorted bestie,0
"yar i feel like a burden, i should quit life",2
bahut burnt out feel ho raha hai smh,1
bestie i'm crushing it lol,0
why is everything so sad?,1
no cap today was productive,0
deadass gonna never wake up,2
i feel udas rn,1
i want to marna ig,2
i am going to disappear forever,2
better to end it all than live like this,2
"bhai i'm a burden, i just wanna marna",2
i feel depressed cooked,1
bruh finally hit a new pr,0
life is vibing smh,0
just hit a new pr and feeling lit,0
i'm literally overwhelmed no cap,1
feeling finished and finished at the same time,1
"ab nahi jhela jata, i want to die",2
bestie i'm vibing yaar,0
bhai i'm deadass tired,1
"tbh i feel like finished, i should hurt myself",2
feeling so better because i found a new banger song,0
"basically i feel like a burden, i should never wake up",2
feeling cooked and cooked at the same time,1
ngl i am just sad,1
zindagi khatam karne ka mann kar raha hai,2
bahut stressed feel ho raha hai tho,1
deadass gonna kill myself,2
i am feeling vibing today,0
bestie i'm sorted tho,0
i am feeling productive today,0
i'm literally overwhelmed bestie,1
i feel depressed bhai,1
bahut overwhelmed feel ho raha hai cooked,1
deadass today was vibing,0
i am going to end it all,2
bestie i'm slaying vibes,0
honestly finally found a new banger song,0
just got a job and feeling vibing,0
no cap finally slept well,0
i am going to disappear forever,2
listen i am just overwhelmed,1
life is lit rn,0
just going to a party and feeling lit,0
"basically i feel like finished, i should hurt myself",2
bhai i'm deadass sad,1
life is sorted yaar,0
i am going to die,2
i want to zahar kha lun rn,2
"ab nahi jhela jata, i want to zahar kha lun",2
i am feeling crushing it today,0
yar i literally fumbled today,1
bahut sad feel ho raha hai rn,1
i feel burnt out bhai,1
lowkey i hella fumbled today,1
just found a new banger song and feeling crushing it,0
basically today was better,0
feeling hella chill because i slept well,0
"bhai i'm a burden, i just wanna hurt myself",2
deadass gonna disappear forever,2
"ab nahi jhela jata, i want to khatam karun",2
just passed my exams and feeling slaying,0
deadass today was sorted,0
feeling lonely and lonely at the same time,1
life is vibing bestie,0
everything is crushing it yaar,0
"honestly i feel like broken, i should end it all",2
life is badhiya ig,0
"bhai i'm finished, i just wanna die",2
"bhai i'm a burden, i just wanna never wake up",2
just got a job and feeling slaying,0
fr i very fumbled today,1
"listen i feel like a burden, i should jump off",2
deadass gonna hurt myself,2
better to die than live like this,2
"bhai i'm broken, i just wanna jaan dena",2
life is fine vibes,0
feeling super vibing because i secured the bag,0
"bhai i'm hopeless af, i just wanna disappear forever",2
bruh finally secured the bag,0
listen i am just overwhelmed,1
bhai i'm deadass down bad,1
"ab nahi jhela jata, i want to khatam karun",2
i feel lonely no cap,1
"ab nahi jhela jata, i want to zahar kha lun",2
life is badhiya rn,0
bhai i'm deadass hopeless,1
bestie i'm chill tho,0
life is lit no cap,0
deadass gonna disappear forever,2
feeling very badhiya because i found a new banger song,0
just got a job and feeling goated,0
i'm literally exhausted vibes,1
"ab nahi jhela jata, i want to marna",2
i want to hurt myself smh,2
why is everything so udas?,1
"goodbye everyone, i am going to kill myself",2
bestie i'm productive rn,0
i want to hurt myself bhai,2
bhai i'm deadass stressed,1
why is everything so fumbled?,1
basically i am just exhausted,1
ngl today was vibing,0
"bhai i'm hopeless af, i just wanna hurt myself",2
bhai i hella fumbled today,1
bahut sad feel ho raha hai yaar,1
bestie i'm productive rn,0
yar finally finished the project,0
bahut depressed feel ho raha hai rn,1
"bhai i feel like failure at everything, i should suicide",2
feeling udas and udas at the same time,1
feeling very productive because i found a new banger song,0
i'm literally hopeless vibes,1
everything is slaying literally,0
life is goated cooked,0
i am going to never wake up,2
"ab nahi jhela jata, i want to khatam karun",2
life is slaying vibes,0
feeling finished and finished at the same time,1
i am feeling better today,0
just found a new banger song and feeling productive,0
"bhai i'm worthless, i just wanna zahar kha lun",2
pressure is making me depressed,1
i feel sad vibes,1
bahut lonely feel ho raha hai bhai,1
"goodbye everyone, i am going to end it all",2
bestie i'm slaying cooked,0
just finished the project and feeling mast,0
everything is crushing it lol,0
deadass gonna die,2
bahut exhausted feel ho raha hai tho,1
i want to suicide no cap,2
bahut down bad feel ho raha hai bestie,1
burden is making me numb,1
honestly i am just cooked,1
bahut depressed feel ho raha hai rn,1
bhai i'm deadass hopeless,1
fr i literally fumbled today,1
"goodbye everyone, i am going to die",2
deadass i so fumbled today,1
"bhai i'm worthless, i just wanna jaan dena",2
i am feeling vibing today,0
bahut burnt out feel ho raha hai smh,1
"bhai i'm failure at everything, i just wanna hurt myself",2
bhai i'm deadass tired,1
why is everything so down bad?,1
deadass gonna die,2
i am feeling vibing today,0
bahut stressed feel ho raha hai bestie,1
zindagi khatam karne ka mann kar raha hai,2
"ab nahi jhela jata, i want to hurt myself",2
i am going to quit life,2
everything is crushing it tho,0
zindagi khatam karne ka mann kar raha hai,2
bhai i totally fumbled today,1
why is everything so cooked?,1
life is slaying tho,0
zindagi khatam karne ka mann kar raha hai,2
"ab nahi jhela jata, i want to kill myself",2
i am feeling lit today,0
better to die than live like this,2
why is everything so overwhelmed?,1
"honestly i feel like worthless, i should suicide",2
i am feeling better today,0
i want to khatam karun ig,2
i'm literally stressed cooked,1
pressure is making me overwhelmed,1
bhai i'm deadass overwhelmed,1
feeling totally goated because i chilling with fam,0
i'm literally finished smh,1
why is everything so hopeless?,1
life is slaying vibes,0
i am going to khatam karun,2
bestie i'm goated bhai,0
"fr i feel like worthless, i should jaan dena",2
i am feeling sorted today,0
basically i am just down bad,1
feeling totally chill because i chilling with fam,0
no cap today was badhiya,0
bahut stressed feel ho raha hai lol,1
i am feeling badhiya today,0
lowkey i very fumbled today,1
i am going to disappear forever,2
"tbh i feel like hopeless af, i should jaan dena",2
i'm literally lonely rn,1
bestie i'm goated fr,0
life is fine lol,0
"goodbye everyone, i am going to end it all",2
i am feeling lit today,0
feeling hopeless and hopeless at the same time,1
bhai today was sorted,0
i'm literally sad rn,1
"ab nahi jhela jata, i want to end it all",2
lowkey today was crushing it,0
tbh finally going to a party,0
lowkey i am just lonely,1
deadass gonna end it all,2
i'm literally tired smh,1
everything is goated cooked,0
just met my friends and feeling lit,0
bhai i'm deadass burnt out,1
feeling really crushing it because i found a new banger song,0
fr i super fumbled today,1
better to zahar kha lun than live like this,2
feeling so lit because i got a job,0
"goodbye everyone, i am going to end it all",2
feeling super fine because i got a job,0
"ab nahi jhela jata, i want to zahar kha lun",2
fr i totally fumbled today,1
bhai i'm deadass depressed,1
i'm literally exhausted bestie,1
"bruh i feel like finished, i should marna",2
bhai i'm deadass exhausted,1
tbh today was productive,0
feeling udas and udas at the same time,1
just passed my exams and feeling badhiya,0
better to never wake up than live like this,2
deadass gonna jump off,2
deadass gonna marna,2
feeling literally better because i met my friends,0
lowkey i hella fumbled today,1
i want to kill myself ig,2
bhai i'm deadass exhausted,1
bestie i'm better tho,0
"fr i feel like done with life, i should kill myself",2
zindagi khatam karne ka mann kar raha hai,2
"goodbye everyone, i am going to hurt myself",2
zindagi khatam karne ka mann kar raha hai,2
feeling totally productive because i slept well,0
why is everything so overwhelmed?,1
yar finally met my friends,0
i want to quit life yaar,2
feeling overwhelmed and overwhelmed at the same time,1
bhai finally secured the bag,0
why is everything so stressed?,1
everything is lit literally,0
bestie i'm badhiya cooked,0
academic pressure is making me burnt out,1
feeling super vibing because i passed my exams,0
bhai i'm deadass overwhelmed,1
"goodbye everyone, i am going to end it all",2
i am going to khatam karun,2
deadass gonna quit life,2
i am going to khatam karun,2
why is everything so numb?,1
deadass gonna khatam karun,2
"goodbye everyone, i am going to end it all",2
bruh i so fumbled today,1
deadass today was mast,0
feeling burnt out and burnt out at the same time,1
deadass gonna hurt myself,2
i feel udas fr,1
"goodbye everyone, i am going to khatam karun",2
tbh finally found a new banger song,0
yar i am just cooked,1
"tbh i feel like broken, i should hurt myself",2
why is everything so cooked?,1
bahut udas feel ho raha hai vibes,1
i'm literally down bad fr,1
fr i literally fumbled today,1
i'm literally udas bestie,1
zindagi khatam karne ka mann kar raha hai,2
bahut fumbled feel ho raha hai cooked,1
i feel cooked vibes,1
feeling overwhelmed and overwhelmed at the same time,1
just hit a new pr and feeling crushing it,0
deadass gonna quit life,2
zindagi khatam karne ka mann kar raha hai,2
i want to never wake up rn,2
bestie i'm lit bhai,0
i want to disappear forever literally,2
feeling really fine because i chilling with fam,0
i am going to zahar kha lun,2
i am feeling goated today,0
bestie i'm chill fr,0
feeling overwhelmed and overwhelmed at the same time,1
"goodbye everyone, i am going to jaan dena",2
i am feeling lit today,0
deadass gonna never wake up,2
life is goated no cap,0
honestly i am just numb,1
breakup is making me finished,1
why is everything so tired?,1
"fr i feel like a burden, i should khatam karun",2
feeling stressed and stressed at the same time,1
"bhai i'm worthless, i just wanna suicide",2
basically i super fumbled today,1
life is badhiya lol,0
fr i totally fumbled today,1
zindagi khatam karne ka mann kar raha hai,2
bhai i'm deadass hopeless,1
i want to kill myself no cap,2
why is everything so stressed?,1
bahut hopeless feel ho raha hai bhai,1
deadass gonna die,2
bestie i'm goated vibes,0
feeling so vibing because i chilling with fam,0
zindagi khatam karne ka mann kar raha hai,2
why is everything so sad?,1
zindagi khatam karne ka mann kar raha hai,2
everything is sorted bhai,0
deadass gonna khatam karun,2
feeling burnt out and burnt out at the same time,1
life is mast fr,0
everything is mast smh,0
just going to a party and feeling better,0
"goodbye everyone, i am going to suicide",2
"bhai i'm broken, i just wanna suicide",2
"bhai i'm no way out, i just wanna never wake up",2
i am going to hurt myself,2
bestie i'm lit vibes,0
bahut tired feel ho raha hai rn,1
just passed my exams and feeling sorted,0
bestie i'm chill fr,0
listen i am just lonely,1
"bhai i feel like a burden, i should zahar kha lun",2
burden is making me tired,1
basically finally secured the bag,0
"goodbye everyone, i am going to never wake up",2
bhai i totally fumbled today,1
life is fine bhai,0
no cap finally passed my exams,0
bestie i'm lit vibes,0
i want to khatam karun lol,2
i want to kill myself yaar,2
i am feeling lit today,0
feeling literally goated because i finished the project,0
bhai i'm deadass stressed,1
failure is making me udas,1
everything is mast no cap,0
i want to quit life tho,2
i'm literally sad smh,1
i'm literally hopeless no cap,1
i want to hurt myself fr,2
bhai i'm deadass overwhelmed,1
i am feeling slaying today,0
i want to never wake up ig,2
just slept well and feeling goated,0
everything is badhiya vibes,0
bahut cooked feel ho raha hai ig,1
why is everything so sad?,1
why is everything so exhausted?,1
i want to disappear forever literally,2
deadass gonna khatam karun,2
just found a new banger song and feeling productive,0
i'm literally finished rn,1
tbh finally met my friends,0
zindagi khatam karne ka mann kar raha hai,2
overthinking is making me fumbled,1
just passed my exams and feeling fine,0
i am going to suicide,2
zindagi khatam karne ka mann kar raha hai,2
i want to khatam karun literally,2
"bhai i'm broken, i just wanna kill myself",2
"bhai i'm finished, i just wanna zahar kha lun",2
feeling overwhelmed and overwhelmed at the same time,1
i am feeling goated today,0
ngl today was goated,0
"goodbye everyone, i am going to jump off",2
just met my friends and feeling crushing it,0
bestie i'm vibing vibes,0
i'm literally overwhelmed yaar,1
zindagi khatam karne ka mann kar raha hai,2
bahut stressed feel ho raha hai bestie,1
fr today was sorted,0
just chilling with fam and feeling vibing,0
why is everything so down bad?,1
bestie i'm vibing bhai,0
honestly i am just hopeless,1
fr i am just udas,1
bhai i'm deadass depressed,1
i want to jump off tho,2
i feel finished no cap,1
"basically i feel like a burden, i should jump off",2
bhai i'm deadass finished,1
i feel sad smh,1
everything is slaying fr,0
i am feeling slaying today,0
i feel overwhelmed smh,1
zindagi khatam karne ka mann kar raha hai,2
everything is badhiya fr,0
everything is fine fr,0
"fr i feel like worthless, i should quit life",2
"ab nahi jhela jata, i want to hurt myself",2
deadass gonna die,2
"bhai i'm a burden, i just wanna jaan dena",2
life is sorted vibes,0
deadass gonna suicide,2
just got a job and feeling better,0
bhai i'm deadass sad,1
just found a new banger song and feeling slaying,0
listen i very fumbled today,1
better to marna than live like this,2
bestie i'm productive vibes,0
deadass gonna disappear forever,2
deadass finally hit a new pr,0
no cap i am just hopeless,1
honestly finally chilling with fam,0
why is everything so udas?,1
"yar i feel like broken, i should khatam karun",2
just finished the project and feeling fine,0
"bhai i'm no way out, i just wanna zahar kha lun",2
tbh today was chill,0
"lowkey i feel like hopeless af, i should jump off",2
feeling so slaying because i finished the project,0
life is productive rn,0
i'm literally depressed vibes,1
deadass finally passed my exams,0
feeling deadass crushing it because i slept well,0
bahut udas feel ho raha hai tho,1
feeling overwhelmed and overwhelmed at the same time,1
just hit a new pr and feeling better,0
why is everything so overwhelmed?,1
"goodbye everyone, i am going to kill myself",2
"ab nahi jhela jata, i want to jaan dena",2
honestly i am just fumbled,1
basically today was fine,0
i'm literally exhausted rn,1
bahut udas feel ho raha hai bestie,1
just hit a new pr and feeling mast,0
i'm literally cooked yaar,1
i feel stressed no cap,1
failure is making me tired,1
bahut burnt out feel ho raha hai vibes,1
tbh today was better,0
feeling really sorted because i slept well,0
life is productive ig,0
feeling cooked and cooked at the same time,1
bhai i'm deadass overwhelmed,1
deadass gonna die,2
better to zahar kha lun than live like this,2
"goodbye everyone, i am going to never wake up",2
i am going to zahar kha lun,2
"ngl i feel like worthless, i should kill myself",2
academic pressure is making me fumbled,1
no cap today was fine,0
lowkey i am just stressed,1
i am going to disappear forever,2
"goodbye everyone, i am going to zahar kha lun",2
deadass gonna quit life,2
better to quit life than live like this,2
i am feeling fine today,0
bahut udas feel ho raha hai lol,1
"goodbye everyone, i am going to disappear forever",2
"no cap i feel like worthless, i should suicide",2
bruh i am just hopeless,1
i want to end it all rn,2
just got a job and feeling better,0
feeling numb and numb at the same time,1
fr today was vibing,0
"bhai i'm finished, i just wanna kill myself",2
deadass i deadass fumbled today,1
bhai i'm deadass exhausted,1
"ab nahi jhela jata, i want to khatam karun",2
everything is mast no cap,0
"ab nahi jhela jata, i want to quit life",2
better to suicide than live like this,2
bhai i'm deadass hopeless,1
deadass gonna end it all,2
ngl today was vibing,0
zindagi khatam karne ka mann kar raha hai,2
"bhai i'm worthless, i just wanna suicide",2
bahut sad feel ho raha hai ig,1
"goodbye everyone, i am going to zahar kha lun",2
feeling kafi chill because i found a new banger song,0
everything is vibing lol,0
bestie i'm badhiya no cap,0
deadass gonna kill myself,2
i'm literally depressed rn,1
life is goated fr,0
i'm literally finished cooked,1
bahut numb feel ho raha hai rn,1
no cap i super fumbled today,1
"bhai i'm failure at everything, i just wanna hurt myself",2
deadass gonna kill myself,2
bruh finally hit a new pr,0
i am going to quit life,2
i feel stressed smh,1
i want to hurt myself ig,2
why is everything so numb?,1
i want to end it all ig,2
lowkey today was slaying,0
listen today was badhiya,0
i want to quit life yaar,2
i am feeling better today,0
"ab nahi jhela jata, i want to khatam karun",2
bestie i'm fine tho,0
fomo is making me exhausted,1
tension is making me sad,1
i am feeling chill today,0
feeling super badhiya because i chilling with fam,0
i am going to jaan dena,2
"goodbye everyone, i am going to khatam karun",2
i want to end it all tho,2
just chilling with fam and feeling crushing it,0
i'm literally burnt out rn,1
"bhai i'm finished, i just wanna khatam karun",2
"goodbye everyone, i am going to hurt myself",2
life is goated lol,0
everything is productive lol,0
i am going to zahar kha lun,2
yar today was crushing it,0
no cap i deadass fumbled today,1
better to die than live like this,2
burden is making me overwhelmed,1
"honestly i feel like finished, i should zahar kha lun",2
bestie i'm lit fr,0
deadass i am just finished,1
better to never wake up than live like this,2
feeling very crushing it because i going to a party,0
everything is better lol,0
deadass gonna marna,2
why is everything so sad?,1
i am feeling better today,0
no cap today was better,0
i'm literally lonely smh,1
bestie i'm slaying cooked,0
i'm literally numb fr,1
"goodbye everyone, i am going to marna",2
bruh i am just overwhelmed,1
bhai i'm deadass exhausted,1
i feel tired ig,1
"listen i feel like hopeless af, i should zahar kha lun",2
"bhai i'm no way out, i just wanna khatam karun",2
"ab nahi jhela jata, i want to jaan dena",2
ngl finally going to a party,0
bhai i'm deadass numb,1
i want to zahar kha lun cooked,2
why is everything so down bad?,1
i want to quit life tho,2
i want to never wake up smh,2
better to never wake up than live like this,2
"listen i feel like hopeless af, i should end it all",2
"yar i feel like done with life, i should kill myself",2
just got a job and feeling vibing,0
why is everything so sad?,1
bhai finally chilling with fam,0
i want to kill myself vibes,2
i am going to never wake up,2
i'm literally tired fr,1
deadass gonna jump off,2
i'm literally burnt out yaar,1
just hit a new pr and feeling lit,0
i feel burnt out literally,1
i'm literally hopeless rn,1
"ab nahi jhela jata, i want to marna",2
i feel finished tho,1
feeling totally badhiya because i chilling with fam,0
just hit a new pr and feeling productive,0
lowkey today was vibing,0
i want to never wake up bestie,2
"bhai i'm finished, i just wanna jaan dena",2
i am going to die,2
bahut overwhelmed feel ho raha hai ig,1
"bhai i'm a burden, i just wanna hurt myself",2
feeling sad and sad at the same time,1
just secured the bag and feeling chill,0
i'm literally lonely yaar,1
bhai i am just depressed,1
"ab nahi jhela jata, i want to jaan dena",2
why is everything so udas?,1
i feel hopeless fr,1
feeling deadass mast because i got a job,0
just secured the bag and feeling goated,0
just got a job and feeling sorted,0
i'm literally cooked rn,1
ngl i am just hopeless,1
just met my friends and feeling goated,0
"bhai i'm hopeless af, i just wanna zahar kha lun",2
i feel hopeless ig,1
deadass gonna kill myself,2
feeling depressed and depressed at the same time,1
everything is fine tho,0
"fr i feel like done with life, i should khatam karun",2
just going to a party and feeling slaying,0
i am going to jaan dena,2
bruh finally passed my exams,0
yar i am just overwhelmed,1
life is vibing cooked,0
"ab nahi jhela jata, i want to zahar kha lun",2
i'm literally exhausted rn,1
fr i am just down bad,1
life is crushing it lol,0
life is lit yaar,0
"bhai i'm finished, i just wanna quit life",2
listen finally passed my exams,0
life is productive yaar,0
bestie i'm vibing literally,0
bruh i am just sad,1
better to zahar kha lun than live like this,2
feeling super vibing because i found a new banger song,0
bestie i'm goated smh,0
better to jaan dena than live like this,2
bhai finally passed my exams,0
zindagi khatam karne ka mann kar raha hai,2
lowkey i am just lonely,1
i am feeling fine today,0
feeling very productive because i secured the bag,0
everything is mast vibes,0
anxiety is making me burnt out,1
bhai i kafi fumbled today,1
bhai i'm deadass cooked,1
feeling tired and tired at the same time,1
i feel sad no cap,1
feeling tired and tired at the same time,1
"deadass i feel like no way out, i should never wake up",2
i'm literally cooked bestie,1
bruh today was vibing,0
lowkey i am just down bad,1
i feel stressed bestie,1
honestly i so fumbled today,1
bestie i'm mast cooked,0
deadass today was badhiya,0
tbh i am just finished,1
bhai i'm deadass stressed,1
bhai finally finished the project,0
i'm literally down bad literally,1
i am feeling slaying today,0
i am feeling fine today,0
better to jump off than live like this,2
"goodbye everyone, i am going to die",2
"bhai i'm worthless, i just wanna khatam karun",2
better to disappear forever than live like this,2
i want to suicide tho,2
i'm literally sad rn,1
no cap i am just tired,1
bhai i'm deadass overwhelmed,1
everything is better rn,0
everything is badhiya vibes,0
feeling burnt out and burnt out at the same time,1
academic pressure is making me depressed,1
stress is making me down bad,1
just got a job and feeling goated,0
everything is vibing ig,0
bestie i'm mast literally,0
i feel fumbled lol,1
i am feeling lit today,0
i want to hurt myself literally,2
i'm literally hopeless no cap,1
"ngl i feel like worthless, i should die",2
"fr i feel like done with life, i should quit life",2
i want to quit life tho,2
i feel lonely yaar,1
i am feeling slaying today,0
everything is fine lol,0
bestie i'm sorted yaar,0
bahut burnt out feel ho raha hai smh,1
life is better rn,0
why is everything so lonely?,1
life is chill smh,0
bestie i'm productive no cap,0
yar finally passed my exams,0
i am feeling chill today,0
everything is vibing cooked,0
bhai i'm deadass exhausted,1
"goodbye everyone, i am going to kill myself",2
feeling very chill because i passed my exams,0
feeling hella productive because i going to a party,0
i am feeling better today,0
i am feeling chill today,0
academic pressure is making me exhausted,1
bahut burnt out feel ho raha hai vibes,1
"goodbye everyone, i am going to quit life",2
deadass gonna khatam karun,2
i am feeling productive today,0
bruh i super fumbled today,1
i feel cooked rn,1
i'm literally burnt out literally,1
just passed my exams and feeling crushing it,0
bhai i'm deadass lonely,1
bhai i'm deadass depressed,1
life is better literally,0
i'm literally tired fr,1
honestly finally passed my exams,0
feeling super lit because i going to a party,0
just finished the project and feeling mast,0
feeling hopeless and hopeless at the same time,1
tbh i hella fumbled today,1
lowkey i super fumbled today,1
life is better vibes,0
deadass gonna zahar kha lun,2
i am going to die,2
honestly i hella fumbled today,1
bahut cooked feel ho raha hai smh,1
fomo is making me overwhelmed,1
just going to a party and feeling crushing it,0
life is crushing it bhai,0
zindagi khatam karne ka mann kar raha hai,2
feeling so productive because i met my friends,0
burden is making me finished,1
just passed my exams and feeling badhiya,0
yar finally passed my exams,0
deadass i very fumbled today,1
"goodbye everyone, i am going to marna",2
feeling tired and tired at the same time,1
zindagi khatam karne ka mann kar raha hai,2
no cap i super fumbled today,1
lowkey finally going to a party,0
better to hurt myself than live like this,2
bhai i'm deadass down bad,1
ngl today was mast,0
bestie i'm sorted no cap,0
i am feeling lit today,0
everything is goated smh,0
everything is lit smh,0
"bhai i'm no way out, i just wanna quit life",2
feeling very mast because i chilling with fam,0
"goodbye everyone, i am going to disappear forever",2
bhai today was badhiya,0
"no cap i feel like hopeless af, i should jump off",2
i want to marna literally,2
listen today was crushing it,0
bruh today was mast,0
life is vibing tho,0
i am going to quit life,2
i am feeling productive today,0
burden is making me exhausted,1
overthinking is making me tired,1
feeling totally slaying because i got a job,0
deadass gonna disappear forever,2
"ab nahi jhela jata, i want to marna",2
i'm literally stressed yaar,1
feeling literally badhiya because i chilling with fam,0
i'm literally lonely rn,1
fomo is making me burnt out,1
"goodbye everyone, i am going to kill myself",2
i am going to zahar kha lun,2
"bhai i'm worthless, i just wanna marna",2
basically i kafi fumbled today,1
i am feeling chill today,0
bhai finally passed my exams,0
lowkey i kafi fumbled today,1
i feel tired no cap,1
just met my friends and feeling crushing it,0
"goodbye everyone, i am going to jump off",2
"bhai i'm broken, i just wanna end it all",2
just finished the project and feeling sorted,0
i'm literally down bad bestie,1
life is better smh,0
zindagi khatam karne ka mann kar raha hai,2
just found a new banger song and feeling goated,0
fr today was vibing,0
bestie i'm slaying no cap,0
feeling overwhelmed and overwhelmed at the same time,1
bhai today was sorted,0
deadass gonna jump off,2
life is chill cooked,0
ngl today was better,0
bestie i'm slaying bestie,0
why is everything so exhausted?,1
just chilling with fam and feeling fine,0
better to kill myself than live like this,2
bhai i'm deadass fumbled,1
bahut depressed feel ho raha hai fr,1
i want to quit life vibes,2
yar today was mast,0
i am feeling productive today,0
why is everything so numb?,1
i'm literally depressed ig,1
ngl i very fumbled today,1
fr i am just lonely,1
why is everything so exhausted?,1
feeling exhausted and exhausted at the same time,1
just finished the project and feeling better,0
lowkey today was mast,0
i am feeling mast today,0
zindagi khatam karne ka mann kar raha hai,2
i feel tired smh,1
bahut exhausted feel ho raha hai rn,1
fr today was badhiya,0
i am feeling lit today,0
bhai i'm deadass fumbled,1
listen today was vibing,0
bhai today was fine,0
"tbh i feel like finished, i should suicide",2
deadass finally going to a party,0
honestly today was fine,0
i want to kill myself no cap,2
failure is making me sad,1
"bhai i'm broken, i just wanna disappear forever",2
i feel fumbled vibes,1
"goodbye everyone, i am going to kill myself",2
why is everything so fumbled?,1
i want to khatam karun bhai,2
i want to suicide rn,2
no cap today was badhiya,0
zindagi khatam karne ka mann kar raha hai,2
i want to quit life no cap,2
deadass gonna marna,2
life is fine bhai,0
"bhai i'm a burden, i just wanna jump off",2
bhai i'm deadass hopeless,1
bhai i'm deadass burnt out,1
"bhai i'm no way out, i just wanna suicide",2
fr i am just tired,1
feeling exhausted and exhausted at the same time,1
i want to suicide rn,2
"ab nahi jhela jata, i want to die",2
bahut lonely feel ho raha hai tho,1
fr today was crushing it,0
i am going to khatam karun,2
better to quit life than live like this,2
feeling overwhelmed and overwhelmed at the same time,1
bhai i'm deadass numb,1
bestie i'm vibing bestie,0
better to hurt myself than live like this,2
listen i literally fumbled today,1
"bhai i'm broken, i just wanna quit life",2
i am feeling productive today,0
"lowkey i feel like finished, i should disappear forever",2
better to kill myself than live like this,2
"goodbye everyone, i am going to quit life",2
"fr i feel like failure at everything, i should zahar kha lun",2
i feel hopeless smh,1
everything is goated literally,0
i want to hurt myself bestie,2
bahut fumbled feel ho raha hai tho,1
"bhai i feel like worthless, i should end it all",2
deadass i very fumbled today,1
"bhai i'm finished, i just wanna jaan dena",2
i am going to kill myself,2
bestie i'm slaying ig,0
bahut down bad feel ho raha hai bestie,1
"bhai i'm failure at everything, i just wanna disappear forever",2
bahut burnt out feel ho raha hai bhai,1
i want to marna bestie,2
just passed my exams and feeling goated,0
i'm literally down bad ig,1
feeling totally better because i passed my exams,0
better to marna than live like this,2
feeling udas and udas at the same time,1
bhai i'm deadass fumbled,1
i want to jaan dena literally,2
listen today was mast,0
better to hurt myself than live like this,2
i feel fumbled tho,1
better to kill myself than live like this,2
why is everything so sad?,1
bhai today was better,0
i am going to jump off,2
lowkey i very fumbled today,1
life is slaying no cap,0
i feel finished bhai,1
just met my friends and feeling fine,0
zindagi khatam karne ka mann kar raha hai,2
i am going to khatam karun,2
bestie i'm goated lol,0
deadass gonna suicide,2
bestie i'm mast tho,0
zindagi khatam karne ka mann kar raha hai,2
feeling tired and tired at the same time,1
just found a new banger song and feeling mast,0
deadass i super fumbled today,1
lowkey i am just tired,1
"tbh i feel like no way out, i should hurt myself",2
bestie i'm productive bhai,0
bahut depressed feel ho raha hai vibes,1
bestie i'm badhiya yaar,0
"ab nahi jhela jata, i want to disappear forever",2
deadass gonna kill myself,2
i want to hurt myself yaar,2
better to hurt myself than live like this,2
better to never wake up than live like this,2
feeling super fine because i met my friends,0
life is lit smh,0
fomo is making me tired,1
life is sorted cooked,0
bestie i'm mast ig,0
i am going to suicide,2
"bhai i'm worthless, i just wanna disappear forever",2
everything is goated yaar,0
feeling really sorted because i met my friends,0
feeling hella better because i slept well,0
feeling depressed and depressed at the same time,1
i'm literally hopeless ig,1
life is better bestie,0
everything is slaying vibes,0
bestie i'm sorted tho,0
why is everything so tired?,1
"honestly i feel like failure at everything, i should never wake up",2
feeling literally better because i hit a new pr,0
i'm literally exhausted literally,1
feeling really chill because i passed my exams,0
lowkey i am just udas,1
yar today was chill,0
zindagi khatam karne ka mann kar raha hai,2
better to jump off than live like this,2
i'm literally hopeless no cap,1
tension is making me numb,1
no cap i super fumbled today,1
better to hurt myself than live like this,2
listen today was better,0
listen i am just exhausted,1
basically today was slaying,0
"deadass i feel like broken, i should khatam karun",2
i'm literally burnt out yaar,1
i'm literally tired cooked,1
failure is making me udas,1
bestie i'm mast bestie,0
why is everything so sad?,1
life is vibing cooked,0
everything is slaying vibes,0
listen i am just tired,1
bestie i'm mast vibes,0
just met my friends and feeling sorted,0
"ab nahi jhela jata, i want to jump off",2
honestly i totally fumbled today,1
i am going to end it all,2
bhai i'm deadass burnt out,1
deadass gonna zahar kha lun,2
feeling deadass lit because i finished the project,0
bhai i'm deadass tired,1
feeling deadass badhiya because i secured the bag,0
i am going to kill myself,2
better to kill myself than live like this,2
ngl finally passed my exams,0
life is fine rn,0
everything is better literally,0
pressure is making me down bad,1
feeling really mast because i going to a party,0
feeling totally mast because i secured the bag,0
life is sorted fr,0
no cap i very fumbled today,1
i am going to die,2
zindagi khatam karne ka mann kar raha hai,2
feeling fumbled and fumbled at the same time,1
overthinking is making me cooked,1
"goodbye everyone, i am going to die",2
"basically i feel like failure at everything, i should quit life",2
life is slaying tho,0
better to never wake up than live like this,2
bahut cooked feel ho raha hai cooked,1
deadass gonna suicide,2
"ab nahi jhela jata, i want to jump off",2
feeling literally fine because i chilling with fam,0
feeling super crushing it because i passed my exams,0
i'm literally hopeless rn,1
everything is lit tho,0
ngl i am just depressed,1
listen i really fumbled today,1
just secured the bag and feeling mast,0
life is vibing bhai,0
yar today was mast,0
zindagi khatam karne ka mann kar raha hai,2
"ngl i feel like broken, i should quit life",2
zindagi khatam karne ka mann kar raha hai,2
feeling really better because i got a job,0
i feel numb lol,1
better to end it all than live like this,2
feeling exhausted and exhausted at the same time,1
overthinking is making me cooked,1
just found a new banger song and feeling fine,0
i am going to zahar kha lun,2
just passed my exams and feeling chill,0
ngl finally met my friends,0
i want to zahar kha lun lol,2
life is sorted vibes,0
deadass gonna never wake up,2
better to die than live like this,2
deadass today was fine,0
i am going to die,2
"goodbye everyone, i am going to jaan dena",2
i am going to end it all,2
"ab nahi jhela jata, i want to jump off",2
bhai i'm deadass overwhelmed,1
deadass gonna die,2
"bhai i'm broken, i just wanna never wake up",2
feeling cooked and cooked at the same time,1
why is everything so stressed?,1
i want to hurt myself rn,2
life is goated tho,0
deadass gonna die,2
bahut stressed feel ho raha hai bhai,1
i want to suicide smh,2
feeling depressed and depressed at the same time,1
i want to quit life fr,2
why is everything so numb?,1
bhai i'm deadass exhausted,1
"goodbye everyone, i am going to marna",2
feeling cooked and cooked at the same time,1
i am feeling mast today,0
i feel burnt out literally,1
everything is fine literally,0
why is everything so udas?,1
i feel down bad no cap,1
feeling burnt out and burnt out at the same time,1
"basically i feel like failure at everything, i should zahar kha lun",2
just going to a party and feeling badhiya,0
life is fine rn,0
feeling udas and udas at the same time,1
"ab nahi jhela jata, i want to never wake up",2
why is everything so depressed?,1
feeling hopeless and hopeless at the same time,1
zindagi khatam karne ka mann kar raha hai,2
honestly today was slaying,0
everything is slaying ig,0
"tbh i feel like a burden, i should die",2
zindagi khatam karne ka mann kar raha hai,2
"bhai i'm done with life, i just wanna khatam karun",2
deadass finally met my friends,0
zindagi khatam karne ka mann kar raha hai,2
anxiety is making me numb,1
burden is making me exhausted,1
"ab nahi jhela jata, i want to die",2
"ab nahi jhela jata, i want to jaan dena",2
"goodbye everyone, i am going to never wake up",2
"ab nahi jhela jata, i want to khatam karun",2
i'm literally numb fr,1
just chilling with fam and feeling lit,0
life is vibing smh,0
bahut cooked feel ho raha hai yaar,1
lowkey finally going to a party,0
bestie i'm crushing it bestie,0
life is lit no cap,0
just passed my exams and feeling fine,0
i am feeling fine today,0
i'm literally overwhelmed literally,1
life is slaying tho,0
i am feeling sorted today,0
"tbh i feel like finished, i should jaan dena",2
i am feeling crushing it today,0
"lowkey i feel like hopeless af, i should jump off",2
bhai i'm deadass burnt out,1
i want to hurt myself cooked,2
bhai i am just tired,1
i am going to khatam karun,2
bahut burnt out feel ho raha hai bhai,1
"ab nahi jhela jata, i want to quit life",2
deadass finally got a job,0
bahut cooked feel ho raha hai tho,1
feeling hella fine because i chilling with fam,0
i want to marna bestie,2
feeling down bad and down bad at the same time,1
bruh i am just tired,1
deadass gonna khatam karun,2
better to zahar kha lun than live like this,2
why is everything so stressed?,1
feeling very vibing because i going to a party,0
why is everything so finished?,1
no cap i am just burnt out,1
life is badhiya fr,0
"goodbye everyone, i am going to disappear forever",2
pressure is making me overwhelmed,1
"ab nahi jhela jata, i want to jaan dena",2
feeling so vibing because i found a new banger song,0
life is mast smh,0
deadass i am just down bad,1
feeling depressed and depressed at the same time,1
i feel down bad yaar,1
i'm literally cooked literally,1
life is chill rn,0
zindagi khatam karne ka mann kar raha hai,2
feeling numb and numb at the same time,1
i am feeling vibing today,0
"ab nahi jhela jata, i want to khatam karun",2
deadass gonna quit life,2
feeling deadass lit because i slept well,0
bahut lonely feel ho raha hai bhai,1
life is crushing it ig,0
i feel tired yaar,1
no cap finally secured the bag,0
tension is making me hopeless,1
everything is better bhai,0
life is better smh,0
why is everything so finished?,1
life is slaying fr,0
feeling depressed and depressed at the same time,1
bhai today was vibing,0
bahut cooked feel ho raha hai smh,1
just passed my exams and feeling productive,0
bestie i'm slaying bhai,0
deadass gonna disappear forever,2
i feel down bad cooked,1
honestly i am just stressed,1
feeling numb and numb at the same time,1
zindagi khatam karne ka mann kar raha hai,2
"bhai i'm no way out, i just wanna marna",2
no cap finally got a job,0
fomo is making me numb,1
better to khatam karun than live like this,2
deadass gonna jump off,2
feeling overwhelmed and overwhelmed at the same time,1
everything is slaying ig,0
deadass gonna jaan dena,2
"lowkey i feel like a burden, i should kill myself",2
fr today was badhiya,0
"bhai i'm hopeless af, i just wanna hurt myself",2
i am feeling chill today,0
"ab nahi jhela jata, i want to jaan dena",2
just secured the bag and feeling productive,0
i am feeling slaying today,0
"ab nahi jhela jata, i want to zahar kha lun",2
pressure is making me lonely,1
feeling hella vibing because i secured the bag,0
stress is making me numb,1
"bhai i'm a burden, i just wanna die",2
bestie i'm fine rn,0
yar i so fumbled today,1
i am going to zahar kha lun,2
life is mast bestie,0
fr today was fine,0
feeling hella chill because i finished the project,0
better to jaan dena than live like this,2
bhai i'm deadass down bad,1
"yar i feel like a burden, i should jump off",2
life is fine lol,0
i want to never wake up ig,2
i want to die lol,2
burden is making me finished,1
bahut exhausted feel ho raha hai lol,1
i am feeling crushing it today,0
life is vibing yaar,0
i am going to hurt myself,2
"goodbye everyone, i am going to end it all",2
feeling tired and tired at the same time,1
everything is mast lol,0
i am going to disappear forever,2
"goodbye everyone, i am going to end it all",2
i'm literally depressed bhai,1
everything is fine fr,0
i am going to jaan dena,2
no cap today was lit,0
"bhai i feel like worthless, i should suicide",2
bestie i'm productive vibes,0
stress is making me udas,1
zindagi khatam karne ka mann kar raha hai,2
feeling down bad and down bad at the same time,1
ngl i am just hopeless,1
honestly finally hit a new pr,0
i am feeling productive today,0
zindagi khatam karne ka mann kar raha hai,2
overthinking is making me burnt out,1
i want to zahar kha lun bhai,2
i am going to marna,2
listen i deadass fumbled today,1
bhai i'm deadass down bad,1
bestie i'm sorted no cap,0
burden is making me overwhelmed,1
fomo is making me tired,1
i am going to kill myself,2
lowkey finally hit a new pr,0
bhai i am just tired,1
better to end it all than live like this,2
"goodbye everyone, i am going to disappear forever",2
"goodbye everyone, i am going to end it all",2
honestly today was mast,0
fomo is making me tired,1
i am going to suicide,2
just found a new banger song and feeling badhiya,0
"goodbye everyone, i am going to never wake up",2
i am feeling better today,0
i'm literally depressed bhai,1
why is everything so down bad?,1
i'm literally down bad lol,1
i am feeling better today,0
everything is mast bestie,0
feeling depressed and depressed at the same time,1
deadass gonna hurt myself,2
everything is badhiya rn,0
i want to end it all smh,2
feeling kafi badhiya because i secured the bag,0
bhai i'm deadass tired,1
why is everything so down bad?,1
life is fine literally,0
i'm literally lonely bhai,1
deadass gonna never wake up,2
i'm literally exhausted no cap,1
zindagi khatam karne ka mann kar raha hai,2
yar i so fumbled today,1
just finished the project and feeling sorted,0
feeling down bad and down bad at the same time,1
zindagi khatam karne ka mann kar raha hai,2
everything is productive smh,0
no cap i am just hopeless,1
ngl today was productive,0
"goodbye everyone, i am going to end it all",2
i am feeling badhiya today,0
"honestly i feel like done with life, i should end it all",2
life is productive vibes,0
just chilling with fam and feeling goated,0
better to end it all than live like this,2
yar today was fine,0
why is everything so hopeless?,1
zindagi khatam karne ka mann kar raha hai,2
lowkey finally going to a party,0
i am feeling vibing today,0
everything is better vibes,0
lowkey today was fine,0
"bhai i'm broken, i just wanna khatam karun",2
i am feeling productive today,0
bhai i'm deadass overwhelmed,1
i'm literally finished smh,1
everything is goated smh,0
academic pressure is making me hopeless,1
deadass gonna jump off,2
ngl finally got a job,0
feeling udas and udas at the same time,1
feeling sad and sad at the same time,1
deadass finally got a job,0
listen finally met my friends,0
fr today was vibing,0
i am going to hurt myself,2
deadass i am just down bad,1
"bhai i'm finished, i just wanna jump off",2
just hit a new pr and feeling fine,0
i want to disappear forever tho,2
life is crushing it vibes,0
i am feeling lit today,0
tension is making me stressed,1
i am feeling slaying today,0
bahut cooked feel ho raha hai no cap,1
bestie i'm crushing it lol,0
pressure is making me stressed,1
bahut lonely feel ho raha hai lol,1
yar i very fumbled today,1
i feel hopeless no cap,1
everything is slaying fr,0
feeling kafi chill because i found a new banger song,0
bhai i'm deadass stressed,1
i'm literally lonely smh,1
just chilling with fam and feeling lit,0
no cap today was sorted,0
zindagi khatam karne ka mann kar raha hai,2
i am feeling sorted today,0
basically i am just finished,1
"goodbye everyone, i am going to hurt myself",2
just secured the bag and feeling lit,0
"ab nahi jhela jata, i want to zahar kha lun",2
everything is goated no cap,0
everything is fine tho,0
stress is making me lonely,1
everything is fine tho,0
i'm literally tired ig,1
bhai i'm deadass exhausted,1
deadass gonna hurt myself,2
just passed my exams and feeling vibing,0
better to jaan dena than live like this,2
"goodbye everyone, i am going to suicide",2
i am feeling better today,0
bruh today was vibing,0
life is mast tho,0
zindagi khatam karne ka mann kar raha hai,2
i want to end it all vibes,2
zindagi khatam karne ka mann kar raha hai,2
feeling very vibing because i met my friends,0
i am going to marna,2
i'm literally tired yaar,1
"ab nahi jhela jata, i want to jaan dena",2
bahut down bad feel ho raha hai fr,1
lowkey finally met my friends,0
"ab nahi jhela jata, i want to quit life",2
"bhai i'm no way out, i just wanna hurt myself",2
bahut finished feel ho raha hai ig,1
feeling numb and numb at the same time,1
"tbh i feel like worthless, i should hurt myself",2
just found a new banger song and feeling badhiya,0
zindagi khatam karne ka mann kar raha hai,2
bestie i'm badhiya bestie,0
"goodbye everyone, i am going to kill myself",2
bahut finished feel ho raha hai ig,1
just got a job and feeling vibing,0
bestie i'm fine no cap,0
ngl i am just cooked,1
better to jump off than live like this,2
i am feeling vibing today,0
just slept well and feeling vibing,0
feeling very vibing because i slept well,0
just chilling with fam and feeling goated,0
life is mast rn,0
i'm literally exhausted fr,1
i'm literally down bad bestie,1
"goodbye everyone, i am going to die",2
stress is making me numb,1
zindagi khatam karne ka mann kar raha hai,2
burden is making me fumbled,1
feeling stressed and stressed at the same time,1
failure is making me stressed,1
"goodbye everyone, i am going to end it all",2
why is everything so hopeless?,1
"ab nahi jhela jata, i want to marna",2
zindagi khatam karne ka mann kar raha hai,2
i'm literally overwhelmed lol,1
i'm literally cooked literally,1
i'm literally exhausted vibes,1
better to die than live like this,2
bestie i'm badhiya rn,0
"yar i feel like failure at everything, i should quit life",2
bhai finally passed my exams,0
"bruh i feel like finished, i should suicide",2
better to quit life than live like this,2
lowkey i am just lonely,1
better to die than live like this,2
"ab nahi jhela jata, i want to jaan dena",2
i am feeling fine today,0
feeling tired and tired at the same time,1
just passed my exams and feeling badhiya,0
why is everything so cooked?,1
feeling so fine because i finished the project,0
just hit a new pr and feeling slaying,0
bahut numb feel ho raha hai yaar,1
"lowkey i feel like broken, i should jaan dena",2
tension is making me stressed,1
bestie i'm chill bestie,0
better to never wake up than live like this,2
bhai i very fumbled today,1
"ab nahi jhela jata, i want to disappear forever",2
deadass i literally fumbled today,1
feeling sad and sad at the same time,1
deadass gonna end it all,2
honestly finally passed my exams,0
bestie i'm productive tho,0
bestie i'm goated ig,0
lowkey i am just finished,1
better to disappear forever than live like this,2
"bhai i'm no way out, i just wanna suicide",2
feeling depressed and depressed at the same time,1
just hit a new pr and feeling chill,0
life is lit vibes,0
bhai i'm deadass sad,1
bestie i'm fine bestie,0
deadass i totally fumbled today,1
"bhai i'm a burden, i just wanna hurt myself",2
zindagi khatam karne ka mann kar raha hai,2
honestly i am just overwhelmed,1
i want to jaan dena cooked,2
i feel udas no cap,1
life is slaying lol,0
everything is better cooked,0
everything is better cooked,0
life is productive literally,0
burden is making me down bad,1
fr i am just exhausted,1
zindagi khatam karne ka mann kar raha hai,2
deadass gonna hurt myself,2
bahut finished feel ho raha hai ig,1
bestie i'm productive bestie,0
"bhai i'm done with life, i just wanna die",2
academic pressure is making me numb,1
yar today was fine,0
just finished the project and feeling vibing,0
life is mast ig,0
honestly today was better,0
"tbh i feel like hopeless af, i should suicide",2
"ab nahi jhela jata, i want to kill myself",2
bhai today was badhiya,0
life is chill lol,0
"ab nahi jhela jata, i want to quit life",2
listen finally secured the bag,0
everything is vibing cooked,0
bestie i'm mast literally,0
basically finally met my friends,0
better to never wake up than live like this,2
no cap today was crushing it,0
i'm literally fumbled tho,1
listen i am just cooked,1
ngl i am just udas,1
bahut overwhelmed feel ho raha hai vibes,1
bahut lonely feel ho raha hai bhai,1
bestie i'm slaying bhai,0
i am going to zahar kha lun,2
stress is making me exhausted,1
bahut cooked feel ho raha hai vibes,1
feeling really slaying because i slept well,0
listen finally hit a new pr,0
basically today was productive,0
"goodbye everyone, i am going to khatam karun",2
deadass gonna quit life,2
feeling exhausted and exhausted at the same time,1
i am going to zahar kha lun,2
bhai finally going to a party,0
bestie i'm slaying lol,0
"bhai i'm hopeless af, i just wanna jaan dena",2
better to marna than live like this,2
i want to die tho,2
feeling really chill because i found a new banger song,0
i want to hurt myself fr,2
"goodbye everyone, i am going to zahar kha lun",2
feeling super lit because i passed my exams,0
i feel fumbled literally,1
everything is sorted tho,0
"ab nahi jhela jata, i want to disappear forever",2
"ab nahi jhela jata, i want to marna",2
bahut hopeless feel ho raha hai rn,1
bahut udas feel ho raha hai cooked,1
bhai i'm deadass numb,1
honestly i really fumbled today,1
honestly finally going to a party,0
why is everything so sad?,1
just met my friends and feeling crushing it,0
honestly finally passed my exams,0
i am going to hurt myself,2
i'm literally stressed yaar,1
bhai i'm deadass sad,1
feeling literally lit because i hit a new pr,0
i'm literally stressed smh,1
"ab nahi jhela jata, i want to hurt myself",2
bahut depressed feel ho raha hai rn,1
i'm literally exhausted bestie,1
i am feeling vibing today,0
honestly today was vibing,0
zindagi khatam karne ka mann kar raha hai,2
everything is lit literally,0
better to kill myself than live like this,2
"goodbye everyone, i am going to suicide",2
i am feeling badhiya today,0
everything is crushing it yaar,0
deadass i am just fumbled,1
why is everything so depressed?,1
lowkey i am just numb,1
everything is badhiya rn,0
why is everything so stressed?,1
deadass gonna jump off,2
bahut cooked feel ho raha hai tho,1
fr i so fumbled today,1
i feel stressed cooked,1
deadass gonna kill myself,2
bahut exhausted feel ho raha hai no cap,1
everything is sorted rn,0
"basically i feel like done with life, i should kill myself",2
feeling kafi fine because i got a job,0
i am feeling fine today,0
everything is productive no cap,0
i feel tired bestie,1
"bhai i'm worthless, i just wanna hurt myself",2
zindagi khatam karne ka mann kar raha hai,2
deadass finally passed my exams,0
bahut finished feel ho raha hai bestie,1
"ab nahi jhela jata, i want to die",2
honestly i am just depressed,1
life is lit rn,0
pressure is making me hopeless,1
"basically i feel like broken, i should hurt myself",2
i am feeling slaying today,0
bestie i'm better vibes,0
bhai i'm deadass sad,1
i want to never wake up bhai,2
everything is better bestie,0
zindagi khatam karne ka mann kar raha hai,2
why is everything so hopeless?,1
everything is goated ig,0
"bhai i'm done with life, i just wanna die",2
i am going to quit life,2
"bhai i'm finished, i just wanna zahar kha lun",2
i feel down bad fr,1
i feel burnt out literally,1
i want to hurt myself yaar,2
honestly finally finished the project,0
zindagi khatam karne ka mann kar raha hai,2
just got a job and feeling goated,0
i am going to marna,2
zindagi khatam karne ka mann kar raha hai,2
bestie i'm badhiya cooked,0
bhai i'm deadass numb,1
deadass gonna khatam karun,2
zindagi khatam karne ka mann kar raha hai,2
bhai today was sorted,0
bahut down bad feel ho raha hai smh,1
breakup is making me udas,1
"bhai i'm worthless, i just wanna marna",2
feeling hopeless and hopeless at the same time,1
pressure is making me udas,1
deadass gonna end it all,2
listen i am just burnt out,1
yar today was crushing it,0
life is sorted rn,0
lowkey i am just down bad,1
everything is slaying tho,0
bhai finally got a job,0
fr i really fumbled today,1
life is badhiya bestie,0
bhai i'm deadass numb,1
tbh i hella fumbled today,1
i'm literally sad vibes,1
feeling super vibing because i hit a new pr,0
feeling depressed and depressed at the same time,1
deadass gonna never wake up,2
bhai i'm deadass udas,1
better to jump off than live like this,2
bhai i'm deadass udas,1
"bhai i'm failure at everything, i just wanna khatam karun",2
i am going to hurt myself,2
just found a new banger song and feeling crushing it,0
why is everything so depressed?,1
deadass gonna zahar kha lun,2
everything is vibing vibes,0
everything is lit bestie,0
"bhai i'm broken, i just wanna jaan dena",2
i am feeling sorted today,0
better to end it all than live like this,2
"ab nahi jhela jata, i want to disappear forever",2
deadass gonna quit life,2
deadass i so fumbled today,1
"bhai i'm finished, i just wanna end it all",2
i am feeling lit today,0
better to hurt myself than live like this,2
basically today was badhiya,0
everything is fine cooked,0
just going to a party and feeling sorted,0
better to suicide than live like this,2
just found a new banger song and feeling sorted,0
"goodbye everyone, i am going to hurt myself",2
i want to zahar kha lun bhai,2
everything is goated rn,0
"bhai i'm hopeless af, i just wanna die",2
feeling literally crushing it because i got a job,0
everything is badhiya no cap,0
i feel burnt out literally,1
bestie i'm goated vibes,0
life is sorted yaar,0
feeling kafi badhiya because i hit a new pr,0
why is everything so stressed?,1
"ab nahi jhela jata, i want to never wake up",2
basically finally slept well,0
why is everything so tired?,1
i am feeling lit today,0
zindagi khatam karne ka mann kar raha hai,2
"deadass i feel like broken, i should kill myself",2
deadass gonna never wake up,2
zindagi khatam karne ka mann kar raha hai,2
everything is crushing it fr,0
bestie i'm crushing it ig,0
"ab nahi jhela jata, i want to khatam karun",2
fr today was productive,0
feeling very mast because i chilling with fam,0
lowkey i am just burnt out,1
zindagi khatam karne ka mann kar raha hai,2
failure is making me sad,1
zindagi khatam karne ka mann kar raha hai,2
"bhai i'm hopeless af, i just wanna jaan dena",2
tbh today was badhiya,0
bruh i am just finished,1
i am feeling better today,0
zindagi khatam karne ka mann kar raha hai,2
i want to kill myself tho,2
anxiety is making me overwhelmed,1
life is slaying rn,0
"listen i feel like finished, i should suicide",2
burden is making me burnt out,1
basically today was goated,0
"deadass i feel like done with life, i should hurt myself",2
everything is lit literally,0
everything is badhiya literally,0
why is everything so fumbled?,1
why is everything so stressed?,1
bahut hopeless feel ho raha hai cooked,1
i want to khatam karun bhai,2
why is everything so stressed?,1
bahut hopeless feel ho raha hai no cap,1
fr today was badhiya,0
i am feeling badhiya today,0
feeling deadass sorted because i found a new banger song,0
life is sorted fr,0
everything is vibing yaar,0
bestie i'm chill bhai,0
bahut lonely feel ho raha hai no cap,1
i want to quit life smh,2
i feel hopeless bhai,1
better to disappear forever than live like this,2
stress is making me fumbled,1
anxiety is making me down bad,1
basically today was lit,0
bhai i'm deadass tired,1
deadass gonna end it all,2
i want to disappear forever rn,2
basically i am just stressed,1
academic pressure is making me finished,1
"listen i feel like worthless, i should suicide",2
"ab nahi jhela jata, i want to disappear forever",2
i want to jump off tho,2
lowkey i am just exhausted,1
bhai today was badhiya,0
bahut finished feel ho raha hai vibes,1
bahut sad feel ho raha hai fr,1
basically i am just stressed,1
everything is chill cooked,0
honestly i super fumbled today,1
i am going to disappear forever,2
bhai i'm deadass cooked,1
i am feeling mast today,0
honestly i totally fumbled today,1
feeling udas and udas at the same time,1
just finished the project and feeling sorted,0
bhai i'm deadass exhausted,1
i'm literally hopeless vibes,1
life is lit literally,0
everything is chill no cap,0
feeling hopeless and hopeless at the same time,1
feeling super sorted because i got a job,0
ngl today was chill,0
better to never wake up than live like this,2
just secured the bag and feeling sorted,0
honestly today was better,0
better to marna than live like this,2
feeling udas and udas at the same time,1
basically today was badhiya,0
just finished the project and feeling fine,0
just going to a party and feeling fine,0
basically i super fumbled today,1
fr i am just fumbled,1
"ab nahi jhela jata, i want to jump off",2
bestie i'm sorted bhai,0
bhai i'm deadass stressed,1
why is everything so lonely?,1
bahut hopeless feel ho raha hai tho,1
anxiety is making me lonely,1
i am going to zahar kha lun,2
i am going to marna,2
"ab nahi jhela jata, i want to suicide",2
bhai i'm deadass lonely,1
deadass i totally fumbled today,1
i'm literally cooked smh,1
i'm literally hopeless ig,1
zindagi khatam karne ka mann kar raha hai,2
yar finally slept well,0
tbh today was slaying,0
i feel tired bhai,1
tbh today was fine,0
"ab nahi jhela jata, i want to suicide",2
"bhai i'm broken, i just wanna end it all",2
lowkey i literally fumbled today,1
"bruh i feel like no way out, i should hurt myself",2
no cap finally found a new banger song,0
i feel exhausted smh,1
life is better tho,0
tension is making me fumbled,1
tbh finally going to a party,0
honestly i am just down bad,1
bestie i'm goated rn,0
i want to jump off vibes,2
just secured the bag and feeling chill,0
bahut stressed feel ho raha hai no cap,1
everything is mast bestie,0
everything is sorted no cap,0
"ab nahi jhela jata, i want to never wake up",2
zindagi khatam karne ka mann kar raha hai,2
bhai i'm deadass burnt out,1
why is everything so cooked?,1
bahut finished feel ho raha hai smh,1
why is everything so hopeless?,1
ngl i am just tired,1
i am going to jaan dena,2
stress is making me lonely,1
"bhai i'm no way out, i just wanna zahar kha lun",2
ngl finally slept well,0
bestie i'm chill bestie,0
i'm literally sad ig,1
life is vibing bestie,0
burden is making me overwhelmed,1
basically i am just cooked,1
honestly i deadass fumbled today,1
i feel udas fr,1
feeling sad and sad at the same time,1
no cap i am just sad,1
"basically i feel like done with life, i should disappear forever",2
bahut finished feel ho raha hai ig,1
deadass finally secured the bag,0
just got a job and feeling crushing it,0
"ab nahi jhela jata, i want to kill myself",2
"bhai i'm hopeless af, i just wanna marna",2
life is better smh,0
"bhai i'm failure at everything, i just wanna never wake up",2
feeling depressed and depressed at the same time,1
"ab nahi jhela jata, i want to suicide",2
feeling very better because i secured the bag,0
just chilling with fam and feeling fine,0
i feel lonely yaar,1
feeling lonely and lonely at the same time,1
i am going to die,2
"bhai i'm failure at everything, i just wanna die",2
bahut sad feel ho raha hai literally,1
tbh i kafi fumbled today,1
deadass gonna suicide,2
i feel overwhelmed yaar,1
i want to marna literally,2
no cap i literally fumbled today,1
"bhai i'm finished, i just wanna never wake up",2
i want to hurt myself literally,2
bhai today was chill,0
bruh i so fumbled today,1
life is chill no cap,0
"ab nahi jhela jata, i want to kill myself",2
why is everything so fumbled?,1
bahut numb feel ho raha hai ig,1
just secured the bag and feeling crushing it,0
deadass gonna zahar kha lun,2
listen finally hit a new pr,0
i am feeling goated today,0
listen i am just tired,1
life is sorted tho,0
i feel numb fr,1
better to disappear forever than live like this,2
basically today was lit,0
basically i am just lonely,1
feeling hella better because i chilling with fam,0
bhai i'm deadass stressed,1
ngl i am just stressed,1
bahut overwhelmed feel ho raha hai smh,1
"goodbye everyone, i am going to marna",2
i am going to jaan dena,2
i want to marna yaar,2
i am feeling goated today,0
bahut depressed feel ho raha hai literally,1
"ab nahi jhela jata, i want to die",2
basically i am just cooked,1
just slept well and feeling badhiya,0
feeling depressed and depressed at the same time,1
why is everything so finished?,1
burden is making me numb,1
deadass gonna never wake up,2
no cap finally hit a new pr,0
pressure is making me cooked,1
i'm literally stressed lol,1
feeling very lit because i slept well,0
bahut burnt out feel ho raha hai vibes,1
ngl i am just finished,1
just found a new banger song and feeling chill,0
feeling really crushing it because i slept well,0
i feel burnt out rn,1
yar finally found a new banger song,0
bhai i'm deadass overwhelmed,1
zindagi khatam karne ka mann kar raha hai,2
just chilling with fam and feeling badhiya,0
"bhai i'm a burden, i just wanna disappear forever",2
why is everything so hopeless?,1
better to kill myself than live like this,2
bhai i am just hopeless,1
bhai i'm deadass depressed,1
bruh i am just tired,1
everything is sorted literally,0
better to khatam karun than live like this,2
feeling very crushing it because i got a job,0
just passed my exams and feeling slaying,0
bestie i'm badhiya bestie,0
feeling so sorted because i finished the project,0
i feel hopeless vibes,1
feeling hella goated because i going to a party,0
bruh today was slaying,0
just slept well and feeling sorted,0
deadass gonna hurt myself,2
feeling really productive because i slept well,0
i feel finished literally,1
why is everything so sad?,1
burden is making me numb,1
feeling totally productive because i got a job,0
bhai i'm deadass finished,1
burden is making me numb,1
"ab nahi jhela jata, i want to suicide",2
bestie i'm fine tho,0
i want to jaan dena no cap,2
life is goated cooked,0
zindagi khatam karne ka mann kar raha hai,2
everything is crushing it tho,0
life is vibing lol,0
bahut tired feel ho raha hai bestie,1
just chilling with fam and feeling slaying,0
i feel finished vibes,1
"fr i feel like finished, i should kill myself",2
i feel numb yaar,1
"ab nahi jhela jata, i want to suicide",2
i am feeling sorted today,0
just going to a party and feeling goated,0
life is mast ig,0
"bhai i'm done with life, i just wanna suicide",2
feeling really badhiya because i going to a party,0
everything is chill bestie,0
i am going to hurt myself,2
tbh i am just exhausted,1
honestly today was fine,0
life is lit yaar,0
just finished the project and feeling vibing,0
i'm literally overwhelmed bestie,1
why is everything so sad?,1
bhai finally passed my exams,0
just chilling with fam and feeling mast,0
i'm literally stressed no cap,1
everything is mast bestie,0
bahut hopeless feel ho raha hai ig,1
life is crushing it fr,0
everything is sorted smh,0
feeling very badhiya because i chilling with fam,0
"goodbye everyone, i am going to hurt myself",2
i am going to never wake up,2
life is productive fr,0
feeling very crushing it because i finished the project,0
"bhai i'm worthless, i just wanna never wake up",2
i am going to khatam karun,2
"goodbye everyone, i am going to jaan dena",2
tension is making me down bad,1
just chilling with fam and feeling mast,0
bestie i'm better vibes,0
everything is goated rn,0
i want to marna fr,2
"ab nahi jhela jata, i want to jump off",2
i want to jaan dena yaar,2
life is sorted no cap,0
deadass today was vibing,0
fr i am just lonely,1
bestie i'm lit vibes,0
"ab nahi jhela jata, i want to marna",2
"bhai i feel like finished, i should kill myself",2
"yar i feel like broken, i should quit life",2
feeling hella chill because i found a new banger song,0
feeling exhausted and exhausted at the same time,1
zindagi khatam karne ka mann kar raha hai,2
feeling lonely and lonely at the same time,1
better to end it all than live like this,2
fr today was sorted,0
zindagi khatam karne ka mann kar raha hai,2
bhai i'm deadass fumbled,1
feeling down bad and down bad at the same time,1
zindagi khatam karne ka mann kar raha hai,2
zindagi khatam karne ka mann kar raha hai,2
zindagi khatam karne ka mann kar raha hai,2
"bhai i'm broken, i just wanna zahar kha lun",2
bahut udas feel ho raha hai rn,1
i am going to jaan dena,2
"goodbye everyone, i am going to jump off",2
lowkey today was fine,0
deadass gonna khatam karun,2
"deadass i feel like done with life, i should zahar kha lun",2
feeling hella lit because i slept well,0
"lowkey i feel like broken, i should hurt myself",2
everything is slaying bestie,0
"bhai i'm finished, i just wanna never wake up",2
just secured the bag and feeling mast,0
everything is vibing bhai,0
everything is mast rn,0
bhai i'm deadass stressed,1
just going to a party and feeling goated,0
life is crushing it literally,0
deadass gonna die,2
deadass gonna disappear forever,2
better to hurt myself than live like this,2
ngl i am just exhausted,1
tbh finally finished the project,0
zindagi khatam karne ka mann kar raha hai,2
zindagi khatam karne ka mann kar raha hai,2
i am feeling mast today,0
yar i am just lonely,1
basically today was badhiya,0
ngl finally finished the project,0
bestie i'm better bhai,0
why is everything so down bad?,1
i'm literally hopeless yaar,1
feeling cooked and cooked at the same time,1
tbh finally hit a new pr,0
"ab nahi jhela jata, i want to zahar kha lun",2
bhai i'm deadass overwhelmed,1
why is everything so burnt out?,1
just passed my exams and feeling sorted,0
"ngl i feel like hopeless af, i should hurt myself",2
yar finally going to a party,0
bestie i'm badhiya cooked,0
"ab nahi jhela jata, i want to zahar kha lun",2
deadass i am just depressed,1
"goodbye everyone, i am going to jaan dena",2
everything is goated ig,0
bahut cooked feel ho raha hai bhai,1
"ab nahi jhela jata, i want to never wake up",2
"ab nahi jhela jata, i want to disappear forever",2
tbh i am just udas,1
tbh today was slaying,0
feeling udas and udas at the same time,1
deadass gonna end it all,2
i feel fumbled no cap,1
"bhai i'm a burden, i just wanna end it all",2
zindagi khatam karne ka mann kar raha hai,2
i want to jump off lol,2
i am going to hurt myself,2
why is everything so hopeless?,1
"goodbye everyone, i am going to zahar kha lun",2
bhai finally got a job,0
i feel cooked cooked,1
feeling totally fine because i passed my exams,0
lowkey i am just stressed,1
"ab nahi jhela jata, i want to jaan dena",2
zindagi khatam karne ka mann kar raha hai,2
i feel depressed ig,1
everything is goated bhai,0
everything is badhiya rn,0
feeling down bad and down bad at the same time,1
"goodbye everyone, i am going to die",2
no cap i am just stressed,1
"goodbye everyone, i am going to suicide",2
bahut down bad feel ho raha hai lol,1
i want to khatam karun literally,2
deadass gonna marna,2
deadass finally secured the bag,0
better to never wake up than live like this,2
"goodbye everyone, i am going to khatam karun",2
"goodbye everyone, i am going to marna",2
breakup is making me finished,1
just found a new banger song and feeling chill,0
just slept well and feeling crushing it,0
lowkey today was sorted,0
i am feeling productive today,0
i want to jump off tho,2
bahut depressed feel ho raha hai smh,1
honestly i am just finished,1
life is sorted smh,0
lowkey finally secured the bag,0
tbh i really fumbled today,1
better to jaan dena than live like this,2
why is everything so fumbled?,1
ngl finally got a job,0
anxiety is making me tired,1
bahut tired feel ho raha hai literally,1
feeling hella goated because i finished the project,0
i feel exhausted lol,1
feeling udas and udas at the same time,1
i feel hopeless bhai,1
just slept well and feeling crushing it,0
bahut overwhelmed feel ho raha hai lol,1
feeling so sorted because i going to a party,0
honestly today was badhiya,0
better to disappear forever than live like this,2
yar today was sorted,0
i am going to disappear forever,2
i feel numb lol,1
just hit a new pr and feeling sorted,0
why is everything so udas?,1
deadass gonna jaan dena,2
"lowkey i feel like broken, i should jump off",2
"goodbye everyone, i am going to jump off",2
listen today was chill,0
basically i am just sad,1
better to kill myself than live like this,2
i am going to quit life,2
bhai i'm deadass numb,1
no cap i literally fumbled today,1
basically today was mast,0
"goodbye everyone, i am going to jump off",2
feeling sad and sad at the same time,1
everything is fine vibes,0
stress is making me fumbled,1
better to die than live like this,2
everything is fine lol,0
i'm literally sad lol,1
"bhai i'm done with life, i just wanna jump off",2
feeling literally productive because i met my friends,0
"goodbye everyone, i am going to hurt myself",2
listen i very fumbled today,1
"ab nahi jhela jata, i want to marna",2
i'm literally lonely bhai,1
just chilling with fam and feeling sorted,0
i want to disappear forever literally,2
better to hurt myself than live like this,2
feeling cooked and cooked at the same time,1
feeling very vibing because i met my friends,0
bahut stressed feel ho raha hai no cap,1
i'm literally overwhelmed smh,1
i feel tired lol,1
better to zahar kha lun than live like this,2
i am going to kill myself,2
i am feeling sorted today,0
"bhai i'm broken, i just wanna zahar kha lun",2
bahut finished feel ho raha hai tho,1
everything is sorted bestie,0
deadass finally met my friends,0
just slept well and feeling sorted,0
zindagi khatam karne ka mann kar raha hai,2
lowkey finally found a new banger song,0
deadass i am just sad,1
i feel tired cooked,1
why is everything so fumbled?,1
i want to die yaar,2
"lowkey i feel like a burden, i should zahar kha lun",2
i am feeling vibing today,0
i am feeling goated today,0
"bhai i'm worthless, i just wanna die",2
everything is badhiya lol,0
bahut overwhelmed feel ho raha hai rn,1
feeling sad and sad at the same time,1
zindagi khatam karne ka mann kar raha hai,2
i am going to suicide,2
bhai finally hit a new pr,0
zindagi khatam karne ka mann kar raha hai,2
everything is slaying bestie,0
listen i super fumbled today,1
i feel down bad bhai,1
feeling burnt out and burnt out at the same time,1
bahut cooked feel ho raha hai bestie,1
i feel overwhelmed yaar,1
everything is better vibes,0
i want to jump off literally,2
feeling literally better because i passed my exams,0
bestie i'm lit rn,0
deadass gonna jump off,2
ngl i super fumbled today,1
listen i am just exhausted,1
i want to never wake up smh,2
everything is badhiya yaar,0
listen today was goated,0
i am feeling productive today,0
bahut exhausted feel ho raha hai literally,1
zindagi khatam karne ka mann kar raha hai,2
fomo is making me numb,1
bestie i'm mast yaar,0
life is lit ig,0
"goodbye everyone, i am going to die",2
bahut exhausted feel ho raha hai fr,1
feeling super badhiya because i passed my exams,0
bruh today was slaying,0
just slept well and feeling vibing,0
life is productive bhai,0
no cap i am just overwhelmed,1
bruh finally hit a new pr,0
listen i totally fumbled today,1
fr finally secured the bag,0
i am feeling crushing it today,0
i am feeling vibing today,0
better to never wake up than live like this,2
fr finally met my friends,0
why is everything so finished?,1
just met my friends and feeling lit,0
i am feeling fine today,0
why is everything so fumbled?,1
"listen i feel like finished, i should end it all",2
honestly finally met my friends,0
"bhai i'm broken, i just wanna kill myself",2
i am going to never wake up,2
bestie i'm chill lol,0
bahut numb feel ho raha hai ig,1
just hit a new pr and feeling goated,0
zindagi khatam karne ka mann kar raha hai,2
i want to jaan dena fr,2
burden is making me stressed,1
i am going to jaan dena,2
tbh i am just burnt out,1
just secured the bag and feeling slaying,0
tbh today was mast,0
"ab nahi jhela jata, i want to jaan dena",2
listen today was badhiya,0
fr finally passed my exams,0
i'm literally burnt out smh,1
i'm literally cooked bestie,1
i am feeling better today,0
"goodbye everyone, i am going to die",2
listen i am just stressed,1
fr today was crushing it,0
why is everything so finished?,1
why is everything so lonely?,1
i am feeling goated today,0
feeling kafi fine because i secured the bag,0
i am feeling productive today,0
pressure is making me burnt out,1
feeling hella badhiya because i secured the bag,0
i am going to suicide,2
basically i hella fumbled today,1
bestie i'm fine lol,0
why is everything so cooked?,1
fr today was lit,0
"goodbye everyone, i am going to zahar kha lun",2
life is mast rn,0
bestie i'm chill bestie,0
feeling numb and numb at the same time,1
i am feeling lit today,0
zindagi khatam karne ka mann kar raha hai,2
"goodbye everyone, i am going to quit life",2
i feel depressed yaar,1
just passed my exams and feeling slaying,0
bestie i'm badhiya fr,0
"bhai i'm failure at everything, i just wanna jaan dena",2
zindagi khatam karne ka mann kar raha hai,2
bhai i'm deadass stressed,1
"goodbye everyone, i am going to quit life",2
basically finally going to a party,0
life is sorted ig,0
bhai finally chilling with fam,0
breakup is making me burnt out,1
i am going to quit life,2
i feel finished vibes,1
stress is making me lonely,1
bhai i'm deadass hopeless,1
"ab nahi jhela jata, i want to quit life",2
i want to marna lol,2
basically i am just udas,1
zindagi khatam karne ka mann kar raha hai,2
feeling exhausted and exhausted at the same time,1
bhai i'm deadass burnt out,1
everything is crushing it lol,0
"yar i feel like broken, i should marna",2
bahut stressed feel ho raha hai yaar,1
bahut cooked feel ho raha hai bestie,1
better to kill myself than live like this,2
bahut sad feel ho raha hai vibes,1
"goodbye everyone, i am going to suicide",2
"no cap i feel like broken, i should disappear forever",2
bhai i am just tired,1
"goodbye everyone, i am going to zahar kha lun",2
zindagi khatam karne ka mann kar raha hai,2
why is everything so stressed?,1
deadass gonna khatam karun,2
life is productive vibes,0
honestly finally got a job,0
zindagi khatam karne ka mann kar raha hai,2
just hit a new pr and feeling lit,0
i am feeling chill today,0
everything is lit rn,0
everything is mast ig,0
"listen i feel like done with life, i should jaan dena",2
basically i am just down bad,1
bahut tired feel ho raha hai tho,1
anxiety is making me cooked,1
i feel fumbled no cap,1
i want to jump off tho,2
i am going to marna,2
"ab nahi jhela jata, i want to quit life",2
no cap i so fumbled today,1
i am feeling lit today,0
bahut cooked feel ho raha hai fr,1
i want to suicide rn,2
ngl finally hit a new pr,0
deadass today was lit,0
life is crushing it yaar,0
basically i hella fumbled today,1
zindagi khatam karne ka mann kar raha hai,2
i want to jump off fr,2
i want to quit life tho,2
"lowkey i feel like a burden, i should never wake up",2
better to hurt myself than live like this,2
deadass gonna disappear forever,2
bhai i'm deadass sad,1
yar finally met my friends,0
life is sorted ig,0
bhai today was vibing,0
feeling burnt out and burnt out at the same time,1
life is crushing it ig,0
listen finally got a job,0
"goodbye everyone, i am going to never wake up",2
i am going to never wake up,2
i want to hurt myself smh,2
everything is mast yaar,0
better to khatam karun than live like this,2
lowkey i totally fumbled today,1
bahut down bad feel ho raha hai fr,1
i want to suicide tho,2
i am going to end it all,2
lowkey i am just depressed,1
bahut exhausted feel ho raha hai ig,1
"goodbye everyone, i am going to marna",2
just finished the project and feeling sorted,0
tbh today was chill,0
"bhai i'm done with life, i just wanna quit life",2
feeling hella better because i got a job,0
feeling super sorted because i chilling with fam,0
bhai today was sorted,0
why is everything so burnt out?,1
better to zahar kha lun than live like this,2
honestly today was fine,0
ngl today was badhiya,0
fr i hella fumbled today,1
everything is chill tho,0
better to disappear forever than live like this,2
i feel numb cooked,1
"basically i feel like worthless, i should marna",2
bahut cooked feel ho raha hai bhai,1
bhai i'm deadass fumbled,1
"bhai i feel like a burden, i should disappear forever",2
i am going to quit life,2
"ngl i feel like broken, i should never wake up",2
just finished the project and feeling goated,0
bestie i'm mast fr,0
everything is goated fr,0
yar today was crushing it,0
"ab nahi jhela jata, i want to suicide",2
feeling exhausted and exhausted at the same time,1
i am feeling goated today,0
i want to marna no cap,2
"bhai i'm failure at everything, i just wanna suicide",2
feeling deadass badhiya because i got a job,0
feeling fumbled and fumbled at the same time,1
feeling sad and sad at the same time,1
yar finally secured the bag,0
feeling very slaying because i found a new banger song,0
i feel exhausted rn,1
bruh i am just hopeless,1
zindagi khatam karne ka mann kar raha hai,2
feeling cooked and cooked at the same time,1
"goodbye everyone, i am going to hurt myself",2
life is vibing tho,0
life is chill ig,0
better to jaan dena than live like this,2
everything is lit cooked,0
why is everything so depressed?,1
zindagi khatam karne ka mann kar raha hai,2
"listen i feel like done with life, i should suicide",2
bahut depressed feel ho raha hai lol,1
i am feeling chill today,0
feeling totally vibing because i hit a new pr,0
"listen i feel like no way out, i should marna",2
feeling literally goated because i hit a new pr,0
deadass gonna die,2
bestie i'm fine smh,0
tbh i am just hopeless,1
bahut stressed feel ho raha hai no cap,1
zindagi khatam karne ka mann kar raha hai,2
deadass gonna marna,2
feeling hopeless and hopeless at the same time,1
i feel sad smh,1
bestie i'm lit vibes,0
i want to die rn,2
i am feeling badhiya today,0
listen i deadass fumbled today,1
just passed my exams and feeling lit,0
i feel cooked bhai,1
"no cap i feel like a burden, i should zahar kha lun",2
bestie i'm mast rn,0
deadass gonna quit life,2
honestly today was productive,0
bahut sad feel ho raha hai rn,1
basically today was mast,0
bhai i'm deadass cooked,1
basically i am just numb,1
deadass i am just stressed,1
i feel lonely ig,1
no cap i am just tired,1
better to quit life than live like this,2
"ab nahi jhela jata, i want to quit life",2
why is everything so depressed?,1
"bhai i'm failure at everything, i just wanna marna",2
feeling hella slaying because i going to a party,0
just found a new banger song and feeling sorted,0
bruh i am just hopeless,1
ngl i really fumbled today,1
listen finally slept well,0
bestie i'm sorted literally,0
yar i am just stressed,1
i feel down bad literally,1
honestly today was better,0
bruh i kafi fumbled today,1
why is everything so overwhelmed?,1
just finished the project and feeling mast,0
"bhai i feel like done with life, i should suicide",2
"ab nahi jhela jata, i want to end it all",2
feeling kafi fine because i found a new banger song,0
i'm literally lonely smh,1
"ab nahi jhela jata, i want to never wake up",2
just found a new banger song and feeling vibing,0
why is everything so depressed?,1
bhai i'm deadass down bad,1
feeling hopeless and hopeless at the same time,1
just going to a party and feeling goated,0
i am feeling slaying today,0
life is slaying smh,0
feeling deadass lit because i going to a party,0
deadass gonna suicide,2
"bhai i'm finished, i just wanna suicide",2
tbh i am just sad,1
everything is productive smh,0
bhai i am just finished,1
breakup is making me down bad,1
lowkey i deadass fumbled today,1
zindagi khatam karne ka mann kar raha hai,2
bestie i'm better cooked,0
feeling deadass goated because i got a job,0
better to khatam karun than live like this,2
bruh finally met my friends,0
"ab nahi jhela jata, i want to die",2
bestie i'm crushing it vibes,0
bhai i'm deadass tired,1
i want to end it all yaar,2
"ab nahi jhela jata, i want to suicide",2
zindagi khatam karne ka mann kar raha hai,2
i feel down bad bestie,1
zindagi khatam karne ka mann kar raha hai,2
i'm literally udas literally,1
i want to quit life yaar,2
better to marna than live like this,2
bhai i'm deadass fumbled,1
"ab nahi jhela jata, i want to hurt myself",2
deadass gonna zahar kha lun,2
deadass gonna suicide,2
everything is crushing it yaar,0
why is everything so finished?,1
bruh today was chill,0
honestly today was badhiya,0
i am feeling crushing it today,0
"ab nahi jhela jata, i want to disappear forever",2
feeling finished and finished at the same time,1
i'm literally burnt out ig,1
everything is chill smh,0
i am going to khatam karun,2
tension is making me fumbled,1
"ab nahi jhela jata, i want to zahar kha lun",2
anxiety is making me stressed,1
zindagi khatam karne ka mann kar raha hai,2
deadass gonna suicide,2
anxiety is making me stressed,1
ngl today was vibing,0
deadass gonna jaan dena,2
bhai i'm deadass depressed,1
stress is making me depressed,1
bestie i'm better lol,0
i want to kill myself no cap,2
bhai i'm deadass burnt out,1
bhai i'm deadass stressed,1
bhai finally going to a party,0
i am going to die,2
yar finally chilling with fam,0
"bhai i'm finished, i just wanna jaan dena",2
just chilling with fam and feeling sorted,0
bestie i'm better yaar,0
i am going to jaan dena,2
bahut lonely feel ho raha hai tho,1
just secured the bag and feeling mast,0
"bhai i'm failure at everything, i just wanna hurt myself",2
ngl i am just burnt out,1
i want to khatam karun literally,2
i want to jump off bhai,2
i feel down bad ig,1
i feel sad ig,1
bestie i'm lit yaar,0
lowkey i am just lonely,1
i'm literally down bad fr,1
i am feeling badhiya today,0
everything is better tho,0
i am going to hurt myself,2
i am going to zahar kha lun,2
feeling deadass goated because i got a job,0
fomo is making me exhausted,1
i'm literally finished bestie,1
"bhai i'm hopeless af, i just wanna zahar kha lun",2
i am going to suicide,2
listen i hella fumbled today,1
bahut lonely feel ho raha hai no cap,1
"bhai i'm failure at everything, i just wanna khatam karun",2
better to quit life than live like this,2
life is sorted literally,0
feeling sad and sad at the same time,1
zindagi khatam karne ka mann kar raha hai,2
i am feeling lit today,0
"goodbye everyone, i am going to disappear forever",2
i feel fumbled no cap,1
zindagi khatam karne ka mann kar raha hai,2
i feel burnt out rn,1
bhai finally passed my exams,0
"bhai i'm broken, i just wanna end it all",2
i'm literally stressed literally,1
tbh i hella fumbled today,1
yar today was chill,0
breakup is making me udas,1
i am feeling lit today,0
"ab nahi jhela jata, i want to kill myself",2
i want to zahar kha lun no cap,2
zindagi khatam karne ka mann kar raha hai,2
bestie i'm productive yaar,0
no cap finally passed my exams,0
deadass i so fumbled today,1
zindagi khatam karne ka mann kar raha hai,2
"goodbye everyone, i am going to suicide",2
"goodbye everyone, i am going to khatam karun",2
just found a new banger song and feeling fine,0
deadass gonna disappear forever,2
i am going to end it all,2
i am feeling productive today,0
feeling exhausted and exhausted at the same time,1
listen i so fumbled today,1
"bhai i'm failure at everything, i just wanna hurt myself",2
"lowkey i feel like no way out, i should suicide",2
feeling so goated because i got a job,0
bahut burnt out feel ho raha hai rn,1
i feel fumbled no cap,1
i am going to marna,2
feeling deadass productive because i hit a new pr,0
i am going to quit life,2
i'm literally overwhelmed no cap,1
better to jaan dena than live like this,2
feeling very productive because i going to a party,0
"basically i feel like broken, i should suicide",2
life is chill lol,0
bahut sad feel ho raha hai vibes,1
feeling finished and finished at the same time,1
everything is vibing tho,0
deadass finally secured the bag,0
lowkey i am just tired,1
i want to disappear forever bestie,2
feeling super badhiya because i hit a new pr,0
everything is mast no cap,0
better to never wake up than live like this,2
bestie i'm goated smh,0
"bhai i'm broken, i just wanna quit life",2
bhai i'm deadass down bad,1
just hit a new pr and feeling crushing it,0
tbh i super fumbled today,1
"ab nahi jhela jata, i want to jump off",2
why is everything so stressed?,1
why is everything so finished?,1
i am going to jaan dena,2
feeling hella vibing because i slept well,0
i'm literally lonely literally,1
bestie i'm vibing smh,0
"goodbye everyone, i am going to disappear forever",2
everything is vibing yaar,0
everything is goated lol,0
i'm literally sad vibes,1
honestly finally found a new banger song,0
i'm literally stressed rn,1
tension is making me fumbled,1
breakup is making me hopeless,1
feeling lonely and lonely at the same time,1
fr i am just udas,1
yar finally going to a party,0
zindagi khatam karne ka mann kar raha hai,2
"bruh i feel like done with life, i should die",2
bahut hopeless feel ho raha hai yaar,1
i want to die rn,2
life is mast bhai,0
just going to a party and feeling badhiya,0
everything is slaying tho,0
i am going to die,2
i feel hopeless fr,1
i'm literally udas vibes,1
i am feeling mast today,0
"bhai i'm a burden, i just wanna khatam karun",2
zindagi khatam karne ka mann kar raha hai,2
feeling hella sorted because i chilling with fam,0
i feel depressed lol,1
deadass gonna suicide,2
i'm literally hopeless lol,1
"ab nahi jhela jata, i want to suicide",2
i'm literally down bad smh,1
"bhai i'm finished, i just wanna never wake up",2
i am going to end it all,2
everything is slaying smh,0
bestie i'm mast cooked,0
i am going to suicide,2
bestie i'm slaying bestie,0
life is better smh,0
bruh finally slept well,0
tension is making me burnt out,1
no cap today was productive,0
i am feeling fine today,0
deadass gonna marna,2
i am feeling goated today,0
no cap finally hit a new pr,0
feeling stressed and stressed at the same time,1
bhai i'm deadass fumbled,1
"bhai i'm no way out, i just wanna kill myself",2
bestie i'm goated bestie,0
i am feeling fine today,0
burden is making me stressed,1
feeling really fine because i chilling with fam,0
"goodbye everyone, i am going to zahar kha lun",2
ngl i kafi fumbled today,1
life is better lol,0
i am feeling mast today,0
"no cap i feel like done with life, i should disappear forever",2
tension is making me cooked,1
i feel stressed no cap,1
"bruh i feel like no way out, i should jaan dena",2
"tbh i feel like finished, i should end it all",2
i am going to khatam karun,2
everything is vibing rn,0
no cap i am just depressed,1
everything is vibing bestie,0
better to disappear forever than live like this,2
life is lit bestie,0
i feel udas no cap,1
just found a new banger song and feeling lit,0
just met my friends and feeling slaying,0
bruh i hella fumbled today,1
bruh finally finished the project,0
deadass gonna kill myself,2
bhai i'm deadass hopeless,1
just slept well and feeling lit,0
lowkey i literally fumbled today,1
bhai i'm deadass down bad,1
life is lit bhai,0
zindagi khatam karne ka mann kar raha hai,2
bahut tired feel ho raha hai bhai,1
"listen i feel like broken, i should khatam karun",2
i'm literally sad vibes,1
"bhai i'm failure at everything, i just wanna jump off",2
everything is crushing it tho,0
just finished the project and feeling chill,0
i am going to die,2
honestly i very fumbled today,1
no cap finally passed my exams,0
fr finally chilling with fam,0
bahut exhausted feel ho raha hai rn,1
i'm literally overwhelmed cooked,1
just found a new banger song and feeling badhiya,0
"yar i feel like a burden, i should quit life",2
i want to zahar kha lun rn,2
better to marna than live like this,2
i'm literally lonely fr,1
"ab nahi jhela jata, i want to end it all",2
i feel tired tho,1
bhai i'm deadass sad,1
bhai i'm deadass lonely,1
i am going to zahar kha lun,2
deadass gonna jaan dena,2
i'm literally udas bhai,1
i am going to zahar kha lun,2
"lowkey i feel like a burden, i should jaan dena",2
zindagi khatam karne ka mann kar raha hai,2
honestly i am just cooked,1
bruh i super fumbled today,1
bestie i'm slaying vibes,0
zindagi khatam karne ka mann kar raha hai,2
zindagi khatam karne ka mann kar raha hai,2
just passed my exams and feeling mast,0
bestie i'm badhiya yaar,0
i am feeling fine today,0
overthinking is making me stressed,1
deadass gonna jaan dena,2
feeling hopeless and hopeless at the same time,1
feeling tired and tired at the same time,1
life is productive yaar,0
bhai i very fumbled today,1
"ab nahi jhela jata, i want to jaan dena",2
tbh finally finished the project,0
stress is making me lonely,1
bahut fumbled feel ho raha hai no cap,1
bahut burnt out feel ho raha hai vibes,1
"goodbye everyone, i am going to never wake up",2
pressure is making me hopeless,1
bestie i'm fine smh,0
feeling sad and sad at the same time,1
bahut tired feel ho raha hai ig,1
"ab nahi jhela jata, i want to khatam karun",2
i am going to jaan dena,2
zindagi khatam karne ka mann kar raha hai,2
i am feeling goated today,0
"bhai i'm worthless, i just wanna die",2
i feel sad ig,1
better to die than live like this,2
deadass today was lit,0
everything is badhiya no cap,0
just found a new banger song and feeling goated,0
feeling down bad and down bad at the same time,1
zindagi khatam karne ka mann kar raha hai,2
bahut fumbled feel ho raha hai vibes,1
feeling literally badhiya because i met my friends,0
i want to die cooked,2
life is fine fr,0
"fr i feel like finished, i should marna",2
lowkey i very fumbled today,1
better to hurt myself than live like this,2
everything is vibing bestie,0
i feel burnt out tho,1
i am feeling fine today,0
tbh today was goated,0
life is mast fr,0
everything is goated lol,0
i feel tired fr,1
i am going to suicide,2
zindagi khatam karne ka mann kar raha hai,2
bestie i'm badhiya literally,0
everything is goated no cap,0
"goodbye everyone, i am going to zahar kha lun",2
feeling deadass productive because i passed my exams,0
"goodbye everyone, i am going to jaan dena",2
just met my friends and feeling badhiya,0
deadass gonna disappear forever,2
i feel numb lol,1
i am feeling lit today,0
ngl finally chilling with fam,0
fomo is making me udas,1
just found a new banger song and feeling chill,0
why is everything so lonely?,1
bhai i'm deadass overwhelmed,1
just hit a new pr and feeling productive,0
deadass today was mast,0
honestly today was sorted,0
why is everything so down bad?,1
i am feeling slaying today,0
why is everything so finished?,1
life is lit vibes,0
yar today was chill,0
"bhai i'm failure at everything, i just wanna die",2
i feel sad cooked,1
i am feeling badhiya today,0
"ab nahi jhela jata, i want to disappear forever",2
feeling exhausted and exhausted at the same time,1
life is badhiya bestie,0
everything is sorted literally,0
"bhai i'm broken, i just wanna suicide",2
"basically i feel like no way out, i should zahar kha lun",2
feeling tired and tired at the same time,1
everything is chill tho,0
everything is vibing smh,0
i want to end it all bhai,2
feeling deadass mast because i slept well,0
"no cap i feel like finished, i should never wake up",2
life is productive fr,0
bhai i'm deadass udas,1
life is productive fr,0
better to hurt myself than live like this,2
"goodbye everyone, i am going to zahar kha lun",2
bestie i'm fine yaar,0
zindagi khatam karne ka mann kar raha hai,2
feeling kafi sorted because i met my friends,0
i am going to disappear forever,2
bestie i'm badhiya bhai,0
i am feeling chill today,0
bruh i deadass fumbled today,1
i am feeling badhiya today,0
everything is badhiya cooked,0
deadass gonna marna,2
feeling exhausted and exhausted at the same time,1
no cap finally hit a new pr,0
"goodbye everyone, i am going to disappear forever",2
"ab nahi jhela jata, i want to never wake up",2
"listen i feel like done with life, i should quit life",2
just chilling with fam and feeling better,0
why is everything so exhausted?,1
deadass i am just cooked,1
"tbh i feel like broken, i should hurt myself",2
i feel numb literally,1
life is crushing it bhai,0
better to jump off than live like this,2
deadass finally chilling with fam,0
feeling super chill because i met my friends,0
better to hurt myself than live like this,2
bhai i'm deadass hopeless,1
"ab nahi jhela jata, i want to khatam karun",2
i am feeling lit today,0
feeling kafi vibing because i met my friends,0
everything is badhiya rn,0
i am feeling goated today,0
everything is lit literally,0
deadass gonna jaan dena,2
"bhai i'm worthless, i just wanna end it all",2
burden is making me sad,1
i'm literally lonely rn,1
life is chill rn,0
"goodbye everyone, i am going to end it all",2
deadass gonna jump off,2
feeling hella better because i finished the project,0
stress is making me overwhelmed,1
feeling finished and finished at the same time,1
bestie i'm goated tho,0
i am feeling fine today,0
bhai i hella fumbled today,1
deadass gonna disappear forever,2
bhai i'm deadass udas,1
i'm literally overwhelmed ig,1
deadass gonna end it all,2
just finished the project and feeling crushing it,0
bhai i'm deadass hopeless,1
listen finally finished the project,0
bahut fumbled feel ho raha hai rn,1
listen today was crushing it,0
burden is making me cooked,1
"tbh i feel like no way out, i should quit life",2
lowkey finally slept well,0
failure is making me finished,1
bestie i'm crushing it no cap,0
i want to kill myself ig,2
bhai i'm deadass udas,1
bahut stressed feel ho raha hai fr,1
everything is better literally,0
better to never wake up than live like this,2
i'm literally cooked cooked,1
i am going to khatam karun,2
i am feeling badhiya today,0
"ngl i feel like hopeless af, i should end it all",2
i feel overwhelmed vibes,1
deadass gonna jaan dena,2
tension is making me depressed,1
i'm literally tired literally,1
i want to quit life lol,2
deadass gonna end it all,2
pressure is making me finished,1
"ab nahi jhela jata, i want to hurt myself",2
life is mast lol,0
no cap finally finished the project,0
deadass gonna quit life,2
bhai i'm deadass hopeless,1
deadass i very fumbled today,1
"ngl i feel like worthless, i should quit life",2
feeling kafi chill because i chilling with fam,0
just going to a party and feeling productive,0
better to disappear forever than live like this,2
i am feeling mast today,0
better to jump off than live like this,2
bruh today was productive,0
"ab nahi jhela jata, i want to hurt myself",2
why is everything so down bad?,1
i'm literally down bad no cap,1
bhai finally hit a new pr,0
better to kill myself than live like this,2
"bhai i'm hopeless af, i just wanna quit life",2
no cap today was crushing it,0
everything is better rn,0
fr i very fumbled today,1
deadass gonna khatam karun,2
better to quit life than live like this,2
deadass gonna jump off,2
just finished the project and feeling better,0
bahut hopeless feel ho raha hai bestie,1
fr i literally fumbled today,1
just chilling with fam and feeling goated,0
lowkey i am just tired,1
i am going to die,2
"goodbye everyone, i am going to marna",2
breakup is making me sad,1
"bhai i'm broken, i just wanna end it all",2
zindagi khatam karne ka mann kar raha hai,2
i am going to quit life,2
life is goated literally,0
"deadass i feel like finished, i should die",2
"bhai i'm hopeless af, i just wanna zahar kha lun",2
tbh i hella fumbled today,1
life is sorted bestie,0
better to never wake up than live like this,2
i am going to zahar kha lun,2
deadass gonna khatam karun,2
feeling depressed and depressed at the same time,1
zindagi khatam karne ka mann kar raha hai,2
pressure is making me cooked,1
bhai i so fumbled today,1
basically today was vibing,0
life is mast vibes,0
better to marna than live like this,2
i am going to jump off,2
"bruh i feel like done with life, i should marna",2
i feel numb ig,1
i'm literally lonely tho,1
better to quit life than live like this,2
i am feeling vibing today,0
yar today was goated,0
better to suicide than live like this,2
i feel tired smh,1
ngl i am just cooked,1
i am feeling goated today,0
bruh today was badhiya,0
no cap finally hit a new pr,0
i'm literally lonely literally,1
just met my friends and feeling fine,0
listen i literally fumbled today,1
why is everything so stressed?,1
honestly i super fumbled today,1
i want to jaan dena ig,2
why is everything so depressed?,1
tbh finally found a new banger song,0
zindagi khatam karne ka mann kar raha hai,2
bruh today was better,0
no cap today was goated,0
"bhai i'm done with life, i just wanna never wake up",2
academic pressure is making me down bad,1
honestly i totally fumbled today,1
i want to marna lol,2
tbh i hella fumbled today,1
zindagi khatam karne ka mann kar raha hai,2
"goodbye everyone, i am going to quit life",2
i want to khatam karun smh,2
i'm literally depressed lol,1
life is slaying no cap,0
deadass i am just stressed,1
lowkey today was badhiya,0
"ab nahi jhela jata, i want to kill myself",2
why is everything so overwhelmed?,1
i'm literally hopeless vibes,1
i want to kill myself ig,2
feeling cooked and cooked at the same time,1
life is chill yaar,0
feeling tired and tired at the same time,1
everything is sorted bestie,0
tbh today was productive,0
pressure is making me down bad,1
"bhai i'm finished, i just wanna end it all",2
bhai i'm deadass tired,1
just going to a party and feeling chill,0
feeling kafi goated because i met my friends,0
bestie i'm goated fr,0
i am feeling fine today,0
just passed my exams and feeling mast,0
i feel stressed fr,1
why is everything so hopeless?,1
feeling stressed and stressed at the same time,1
zindagi khatam karne ka mann kar raha hai,2
bhai i'm deadass hopeless,1
"ngl i feel like failure at everything, i should quit life",2
everything is sorted smh,0
i am feeling sorted today,0
better to never wake up than live like this,2
"ab nahi jhela jata, i want to quit life",2
tbh i very fumbled today,1
feeling deadass better because i secured the bag,0
honestly i am just cooked,1
everything is goated smh,0
bahut exhausted feel ho raha hai yaar,1
zindagi khatam karne ka mann kar raha hai,2
i want to jump off fr,2
"ab nahi jhela jata, i want to suicide",2
everything is goated smh,0
zindagi khatam karne ka mann kar raha hai,2
life is badhiya ig,0
everything is slaying ig,0
honestly i am just udas,1
lowkey i am just cooked,1
feeling so lit because i passed my exams,0
feeling hella mast because i finished the project,0
bestie i'm lit ig,0
i want to khatam karun cooked,2
i am feeling slaying today,0
bahut tired feel ho raha hai no cap,1
"bhai i'm a burden, i just wanna never wake up",2
i want to jaan dena no cap,2
why is everything so sad?,1
feeling lonely and lonely at the same time,1
deadass gonna hurt myself,2
feeling tired and tired at the same time,1
"goodbye everyone, i am going to quit life",2
just slept well and feeling sorted,0
zindagi khatam karne ka mann kar raha hai,2
i want to quit life bhai,2
better to jump off than live like this,2
deadass finally going to a party,0
i'm literally fumbled no cap,1
"goodbye everyone, i am going to disappear forever",2
feeling lonely and lonely at the same time,1
why is everything so numb?,1
i am feeling better today,0
"ab nahi jhela jata, i want to jump off",2
feeling really vibing because i got a job,0
i feel numb literally,1
"ab nahi jhela jata, i want to hurt myself",2
"goodbye everyone, i am going to end it all",2
everything is vibing bestie,0
bahut sad feel ho raha hai fr,1
"goodbye everyone, i am going to quit life",2
feeling lonely and lonely at the same time,1
bhai i'm deadass exhausted,1
bahut depressed feel ho raha hai tho,1
zindagi khatam karne ka mann kar raha hai,2
bestie i'm vibing cooked,0
"yar i feel like worthless, i should die",2
better to zahar kha lun than live like this,2
i feel sad ig,1
just going to a party and feeling vibing,0
"goodbye everyone, i am going to marna",2
i feel cooked literally,1
bahut exhausted feel ho raha hai lol,1
zindagi khatam karne ka mann kar raha hai,2
"bhai i'm finished, i just wanna kill myself",2
overthinking is making me hopeless,1
bestie i'm crushing it bestie,0
deadass gonna jump off,2
i am feeling productive today,0
zindagi khatam karne ka mann kar raha hai,2
deadass gonna khatam karun,2
"goodbye everyone, i am going to suicide",2
bahut cooked feel ho raha hai cooked,1
feeling totally productive because i passed my exams,0
i'm literally stressed bestie,1
i am going to never wake up,2
"bhai i'm broken, i just wanna zahar kha lun",2
i want to never wake up rn,2
just found a new banger song and feeling chill,0
stress is making me exhausted,1
i want to disappear forever fr,2
just going to a party and feeling better,0
deadass today was productive,0
lowkey i am just overwhelmed,1
why is everything so down bad?,1
basically today was fine,0
i am going to die,2
feeling hopeless and hopeless at the same time,1
yar i am just numb,1
everything is sorted vibes,0
i am going to kill myself,2
bhai i am just down bad,1
i'm literally stressed no cap,1
i'm literally finished ig,1
bestie i'm productive smh,0
i am going to quit life,2
"ab nahi jhela jata, i want to die",2
listen i am just depressed,1
i'm literally hopeless no cap,1
ngl today was vibing,0
"goodbye everyone, i am going to marna",2
i want to disappear forever yaar,2
bahut sad feel ho raha hai ig,1
everything is productive tho,0
why is everything so overwhelmed?,1
listen finally finished the project,0
yar i really fumbled today,1
better to kill myself than live like this,2
i want to jump off yaar,2
"goodbye everyone, i am going to zahar kha lun",2
feeling really better because i got a job,0
bestie i'm mast smh,0
bestie i'm fine no cap,0
life is fine fr,0
better to zahar kha lun than live like this,2
why is everything so exhausted?,1
i am feeling mast today,0
why is everything so sad?,1
tension is making me cooked,1
why is everything so numb?,1
feeling cooked and cooked at the same time,1
better to suicide than live like this,2
i am feeling fine today,0
tbh today was productive,0
bhai i'm deadass depressed,1
i feel stressed vibes,1
everything is mast bestie,0
bhai i so fumbled today,1
"bhai i'm failure at everything, i just wanna never wake up",2
basically finally met my friends,0
"goodbye everyone, i am going to suicide",2
"goodbye everyone, i am going to marna",2
bruh today was lit,0
i feel burnt out tho,1
bhai i'm deadass lonely,1
i want to hurt myself ig,2
tension is making me fumbled,1
"goodbye everyone, i am going to quit life",2
feeling udas and udas at the same time,1
i am feeling chill today,0
bestie i'm lit fr,0
feeling so lit because i chilling with fam,0
deadass gonna jaan dena,2
"listen i feel like no way out, i should suicide",2
i want to kill myself cooked,2
"bhai i'm done with life, i just wanna kill myself",2
bestie i'm fine rn,0
why is everything so tired?,1
why is everything so sad?,1
i'm literally numb rn,1
deadass gonna suicide,2
"bhai i'm a burden, i just wanna kill myself",2
i am feeling mast today,0
stress is making me exhausted,1
i'm literally finished smh,1
"goodbye everyone, i am going to suicide",2
i feel numb bestie,1
bahut numb feel ho raha hai literally,1
i'm literally exhausted literally,1
i feel udas bestie,1
i want to khatam karun lol,2
bestie i'm fine ig,0
ngl i am just stressed,1
bahut tired feel ho raha hai cooked,1
"bhai i'm failure at everything, i just wanna end it all",2
zindagi khatam karne ka mann kar raha hai,2
i am going to khatam karun,2
"goodbye everyone, i am going to kill myself",2
tbh today was vibing,0
i feel cooked ig,1
why is everything so sad?,1
i'm literally hopeless bhai,1
bahut hopeless feel ho raha hai tho,1
life is slaying bestie,0
deadass i hella fumbled today,1
feeling overwhelmed and overwhelmed at the same time,1
no cap finally hit a new pr,0
better to never wake up than live like this,2
tbh i am just depressed,1
i'm literally cooked bhai,1
"goodbye everyone, i am going to zahar kha lun",2
life is lit vibes,0
i feel fumbled vibes,1
i'm literally down bad no cap,1
feeling kafi crushing it because i passed my exams,0
bahut sad feel ho raha hai rn,1
everything is productive ig,0
i want to hurt myself bestie,2
i want to jump off ig,2
i'm literally overwhelmed lol,1
i'm literally stressed tho,1
life is lit vibes,0
just found a new banger song and feeling goated,0
tbh i super fumbled today,1
i am feeling fine today,0
deadass i am just exhausted,1
bahut lonely feel ho raha hai fr,1
feeling deadass badhiya because i secured the bag,0
i am going to end it all,2
overthinking is making me fumbled,1
zindagi khatam karne ka mann kar raha hai,2
deadass gonna kill myself,2
i am going to die,2
everything is mast bhai,0
"bhai i feel like worthless, i should disappear forever",2
i am going to suicide,2
ngl i am just depressed,1
i feel numb bestie,1
deadass gonna never wake up,2
i want to zahar kha lun bhai,2
i am going to kill myself,2
bhai today was badhiya,0
i want to khatam karun no cap,2
feeling down bad and down bad at the same time,1
listen today was better,0
i am going to jaan dena,2
fr i kafi fumbled today,1
bestie i'm mast literally,0
bestie i'm productive tho,0
bahut numb feel ho raha hai ig,1
fr i am just hopeless,1
no cap i am just burnt out,1
deadass gonna hurt myself,2
i'm literally burnt out bhai,1
bahut stressed feel ho raha hai no cap,1
zindagi khatam karne ka mann kar raha hai,2
"ab nahi jhela jata, i want to kill myself",2
"ab nahi jhela jata, i want to die",2
just slept well and feeling sorted,0
i am going to hurt myself,2
"ab nahi jhela jata, i want to disappear forever",2
i want to marna literally,2
deadass gonna jaan dena,2
honestly i literally fumbled today,1
just secured the bag and feeling fine,0
life is productive rn,0
"ab nahi jhela jata, i want to kill myself",2
i feel finished smh,1
bestie i'm vibing rn,0
life is better tho,0
i want to end it all smh,2
bahut sad feel ho raha hai fr,1
deadass gonna jaan dena,2
everything is better no cap,0
zindagi khatam karne ka mann kar raha hai,2
feeling burnt out and burnt out at the same time,1
feeling udas and udas at the same time,1
i am going to kill myself,2
tbh i am just stressed,1
everything is chill ig,0
feeling literally badhiya because i hit a new pr,0
"ab nahi jhela jata, i want to jump off",2
bestie i'm mast smh,0
"ab nahi jhela jata, i want to quit life",2
"ab nahi jhela jata, i want to never wake up",2
"ab nahi jhela jata, i want to never wake up",2
bruh i am just hopeless,1
tension is making me down bad,1
listen i kafi fumbled today,1
everything is crushing it no cap,0
better to hurt myself than live like this,2
why is everything so sad?,1
"bhai i'm no way out, i just wanna disappear forever",2
academic pressure is making me hopeless,1
zindagi khatam karne ka mann kar raha hai,2
zindagi khatam karne ka mann kar raha hai,2
"bhai i'm done with life, i just wanna kill myself",2
bhai i'm deadass down bad,1
"ab nahi jhela jata, i want to end it all",2
life is sorted ig,0
"bhai i'm no way out, i just wanna kill myself",2
failure is making me lonely,1
i am going to suicide,2
tbh finally hit a new pr,0
feeling deadass crushing it because i slept well,0
better to die than live like this,2
i want to quit life fr,2
i want to end it all ig,2
just slept well and feeling mast,0
feeling down bad and down bad at the same time,1
"goodbye everyone, i am going to kill myself",2
listen i am just sad,1
feeling overwhelmed and overwhelmed at the same time,1
"bhai i'm hopeless af, i just wanna khatam karun",2
bahut hopeless feel ho raha hai smh,1
bahut down bad feel ho raha hai rn,1
zindagi khatam karne ka mann kar raha hai,2
bhai finally going to a party,0
burden is making me exhausted,1
bruh finally passed my exams,0
honestly today was fine,0
bestie i'm chill cooked,0
i want to jump off fr,2
feeling literally crushing it because i hit a new pr,0
listen i literally fumbled today,1
i am feeling lit today,0
i am feeling vibing today,0
just hit a new pr and feeling fine,0
bruh today was chill,0
better to suicide than live like this,2
failure is making me down bad,1
i am feeling slaying today,0
academic pressure is making me down bad,1
everything is sorted no cap,0
feeling burnt out and burnt out at the same time,1
bestie i'm slaying bhai,0
feeling exhausted and exhausted at the same time,1
why is everything so depressed?,1
failure is making me stressed,1
bahut numb feel ho raha hai lol,1
bhai i'm deadass overwhelmed,1
why is everything so fumbled?,1
no cap i am just exhausted,1
everything is sorted vibes,0
lowkey i kafi fumbled today,1
i am going to suicide,2
"goodbye everyone, i am going to kill myself",2
"bhai i'm a burden, i just wanna hurt myself",2
i am feeling badhiya today,0
bhai i'm deadass burnt out,1
overthinking is making me stressed,1
i am going to end it all,2
why is everything so overwhelmed?,1
listen i am just hopeless,1
just secured the bag and feeling badhiya,0
bestie i'm badhiya tho,0
i feel tired bhai,1
fr i am just cooked,1
bhai i'm deadass fumbled,1
tbh today was vibing,0
life is chill vibes,0
bhai i am just hopeless,1
feeling so sorted because i secured the bag,0
"bhai i'm hopeless af, i just wanna hurt myself",2
life is productive smh,0
why is everything so udas?,1
"bhai i feel like finished, i should khatam karun",2
zindagi khatam karne ka mann kar raha hai,2
bhai i'm deadass exhausted,1
bhai finally got a job,0
better to kill myself than live like this,2
failure is making me exhausted,1
bruh i deadass fumbled today,1
i feel numb cooked,1
"goodbye everyone, i am going to disappear forever",2
"bhai i'm failure at everything, i just wanna marna",2
basically i am just fumbled,1
why is everything so exhausted?,1
"goodbye everyone, i am going to disappear forever",2
"bhai i'm hopeless af, i just wanna quit life",2
"bruh i feel like a burden, i should hurt myself",2
bahut stressed feel ho raha hai bhai,1
bestie i'm badhiya bestie,0
i'm literally burnt out bestie,1
why is everything so sad?,1
"ab nahi jhela jata, i want to khatam karun",2
bahut stressed feel ho raha hai fr,1
i want to marna cooked,2
everything is better smh,0
tbh finally got a job,0
overthinking is making me numb,1
"goodbye everyone, i am going to quit life",2
"fr i feel like hopeless af, i should suicide",2
deadass i am just depressed,1
bahut udas feel ho raha hai cooked,1
i'm literally burnt out yaar,1
"ab nahi jhela jata, i want to khatam karun",2
"bhai i'm failure at everything, i just wanna quit life",2
"goodbye everyone, i am going to marna",2
i want to kill myself bestie,2
better to die than live like this,2
burden is making me exhausted,1
i want to kill myself no cap,2
listen i am just numb,1
why is everything so exhausted?,1
why is everything so tired?,1
everything is lit smh,0
why is everything so numb?,1
feeling so badhiya because i got a job,0
"bhai i'm no way out, i just wanna khatam karun",2
i am feeling lit today,0
everything is fine smh,0
i want to end it all smh,2
life is sorted fr,0
everything is productive vibes,0
i feel cooked smh,1
i feel hopeless fr,1
i feel cooked literally,1
i want to khatam karun lol,2
i am feeling chill today,0
i want to suicide fr,2
feeling tired and tired at the same time,1
everything is mast tho,0
everything is mast smh,0
"fr i feel like broken, i should jump off",2
"bhai i'm hopeless af, i just wanna die",2
lowkey i am just numb,1
i want to jaan dena no cap,2
ngl i so fumbled today,1
stress is making me stressed,1
i want to suicide vibes,2
life is productive no cap,0
"yar i feel like hopeless af, i should zahar kha lun",2
bahut stressed feel ho raha hai no cap,1
everything is productive vibes,0
i feel tired no cap,1
i want to end it all bestie,2
i'm literally burnt out tho,1
"goodbye everyone, i am going to never wake up",2
life is crushing it yaar,0
bhai i super fumbled today,1
why is everything so stressed?,1
everything is badhiya smh,0
i want to die no cap,2
everything is better tho,0
everything is chill yaar,0
listen today was better,0
life is sorted bhai,0
"goodbye everyone, i am going to jump off",2
deadass gonna never wake up,2
why is everything so tired?,1
honestly finally going to a party,0
i'm literally finished bhai,1
i'm literally fumbled rn,1
bestie i'm lit smh,0
feeling finished and finished at the same time,1
"bhai i'm worthless, i just wanna hurt myself",2
basically i am just down bad,1
i want to kill myself cooked,2
deadass finally going to a party,0
"bhai i'm hopeless af, i just wanna disappear forever",2
deadass gonna jump off,2
feeling hella badhiya because i slept well,0
bahut cooked feel ho raha hai no cap,1
bruh i am just fumbled,1
i am going to never wake up,2
just met my friends and feeling better,0
i'm literally lonely tho,1
i want to never wake up lol,2
breakup is making me depressed,1
i want to quit life literally,2
everything is better cooked,0
zindagi khatam karne ka mann kar raha hai,2
bahut lonely feel ho raha hai no cap,1
"bhai i'm no way out, i just wanna jaan dena",2
life is productive rn,0
feeling exhausted and exhausted at the same time,1
deadass gonna zahar kha lun,2
yar finally finished the project,0
just going to a party and feeling better,0
bhai i'm deadass depressed,1
bahut fumbled feel ho raha hai rn,1
just secured the bag and feeling slaying,0
life is crushing it fr,0
just finished the project and feeling lit,0
deadass gonna disappear forever,2
bahut down bad feel ho raha hai tho,1
honestly today was crushing it,0
i am feeling fine today,0
tbh i am just sad,1
bhai i'm deadass fumbled,1
honestly i am just overwhelmed,1
lowkey finally slept well,0
just slept well and feeling mast,0
better to khatam karun than live like this,2
i'm literally overwhelmed no cap,1
life is vibing ig,0
"goodbye everyone, i am going to disappear forever",2
i want to die rn,2
everything is fine tho,0
i feel fumbled literally,1
no cap today was sorted,0
everything is slaying no cap,0
feeling lonely and lonely at the same time,1
deadass gonna khatam karun,2
i am feeling fine today,0
"yar i feel like a burden, i should die",2
"tbh i feel like worthless, i should jump off",2
feeling deadass lit because i passed my exams,0
everything is badhiya smh,0
feeling exhausted and exhausted at the same time,1
feeling finished and finished at the same time,1
feeling numb and numb at the same time,1
everything is chill vibes,0
fomo is making me stressed,1
i am feeling fine today,0
"bhai i'm worthless, i just wanna end it all",2
no cap i am just lonely,1
i am feeling lit today,0
tension is making me depressed,1
why is everything so lonely?,1
bhai i'm deadass finished,1
just chilling with fam and feeling vibing,0
"fr i feel like hopeless af, i should never wake up",2
"bhai i'm hopeless af, i just wanna suicide",2
better to jump off than live like this,2
"goodbye everyone, i am going to never wake up",2
"goodbye everyone, i am going to suicide",2
deadass gonna hurt myself,2
i feel exhausted smh,1
"bhai i'm broken, i just wanna suicide",2
better to zahar kha lun than live like this,2
bhai i'm deadass numb,1
bruh i am just overwhelmed,1
i feel depressed fr,1
i'm literally depressed smh,1
deadass gonna suicide,2
life is goated lol,0
i feel overwhelmed vibes,1
why is everything so overwhelmed?,1
tbh today was better,0
feeling kafi mast because i secured the bag,0
bhai i'm deadass finished,1
zindagi khatam karne ka mann kar raha hai,2
i feel hopeless tho,1
ngl i literally fumbled today,1
i am going to khatam karun,2
"no cap i feel like no way out, i should jaan dena",2
overthinking is making me numb,1
i'm literally numb tho,1
"deadass i feel like hopeless af, i should never wake up",2
feeling super badhiya because i got a job,0
everything is vibing ig,0
why is everything so cooked?,1
honestly today was crushing it,0
everything is goated yaar,0
stress is making me tired,1
bestie i'm lit no cap,0
deadass gonna never wake up,2
life is better cooked,0
i'm literally down bad bestie,1
i am going to quit life,2
i am going to kill myself,2
"bhai i'm failure at everything, i just wanna quit life",2
bestie i'm lit lol,0
i am going to jump off,2
i want to disappear forever bhai,2
feeling numb and numb at the same time,1
everything is lit literally,0
bhai i'm deadass numb,1
everything is mast yaar,0
just slept well and feeling better,0
listen finally hit a new pr,0
life is lit no cap,0
"goodbye everyone, i am going to marna",2
failure is making me down bad,1
"goodbye everyone, i am going to disappear forever",2
"ab nahi jhela jata, i want to marna",2
ngl finally met my friends,0
feeling really fine because i got a job,0
i'm literally cooked fr,1
"goodbye everyone, i am going to khatam karun",2
feeling so productive because i secured the bag,0
"fr i feel like worthless, i should zahar kha lun",2
tbh i am just cooked,1
bhai i am just sad,1
i am going to kill myself,2
just hit a new pr and feeling better,0
everything is lit smh,0
"goodbye everyone, i am going to never wake up",2
i am feeling productive today,0
feeling super chill because i got a job,0
feeling kafi badhiya because i got a job,0
i feel hopeless ig,1
zindagi khatam karne ka mann kar raha hai,2
feeling exhausted and exhausted at the same time,1
feeling super better because i got a job,0
i am feeling productive today,0
feeling so badhiya because i slept well,0
tension is making me exhausted,1
bahut lonely feel ho raha hai bestie,1
"goodbye everyone, i am going to zahar kha lun",2
better to suicide than live like this,2
"ab nahi jhela jata, i want to hurt myself",2
"bhai i'm a burden, i just wanna jump off",2
bestie i'm chill smh,0
i am going to hurt myself,2
bahut cooked feel ho raha hai bhai,1
"deadass i feel like finished, i should jump off",2
just chilling with fam and feeling productive,0
"ab nahi jhela jata, i want to end it all",2
bahut numb feel ho raha hai bhai,1
why is everything so cooked?,1
fr today was goated,0
i am feeling goated today,0
"bhai i'm worthless, i just wanna disappear forever",2
life is productive rn,0
fr i am just down bad,1
bahut cooked feel ho raha hai lol,1
deadass i am just numb,1
why is everything so stressed?,1
i want to jump off ig,2
anxiety is making me stressed,1
i'm literally finished cooked,1
zindagi khatam karne ka mann kar raha hai,2
"honestly i feel like worthless, i should suicide",2
i am feeling productive today,0
everything is fine vibes,0
feeling deadass goated because i passed my exams,0
"ab nahi jhela jata, i want to hurt myself",2
fr i super fumbled today,1
i am feeling productive today,0
feeling overwhelmed and overwhelmed at the same time,1
lowkey i am just depressed,1
why is everything so down bad?,1
feeling burnt out and burnt out at the same time,1
zindagi khatam karne ka mann kar raha hai,2
why is everything so down bad?,1
zindagi khatam karne ka mann kar raha hai,2
bhai i totally fumbled today,1
everything is better cooked,0
bestie i'm mast bestie,0
deadass gonna suicide,2
i want to hurt myself vibes,2
life is mast cooked,0
better to hurt myself than live like this,2
deadass finally slept well,0
bahut hopeless feel ho raha hai cooked,1
"bhai i'm worthless, i just wanna kill myself",2
feeling super goated because i got a job,0
failure is making me stressed,1
pressure is making me tired,1
life is mast no cap,0
lowkey i totally fumbled today,1
bhai i'm deadass udas,1
zindagi khatam karne ka mann kar raha hai,2
no cap i am just stressed,1
"fr i feel like broken, i should suicide",2
better to marna than live like this,2
"goodbye everyone, i am going to quit life",2
"bhai i'm no way out, i just wanna zahar kha lun",2
"fr i feel like failure at everything, i should marna",2
i am feeling crushing it today,0
yar i am just hopeless,1
"bhai i'm finished, i just wanna suicide",2
i'm literally tired tho,1
better to die than live like this,2
bestie i'm chill vibes,0
"bhai i'm a burden, i just wanna hurt myself",2
i am going to never wake up,2
basically today was badhiya,0
i'm literally exhausted rn,1
no cap today was productive,0
fr finally hit a new pr,0
why is everything so hopeless?,1
better to die than live like this,2
yar today was chill,0
ngl i am just lonely,1
bhai i totally fumbled today,1
bestie i'm badhiya no cap,0
feeling cooked and cooked at the same time,1
i want to marna cooked,2
i am feeling better today,0
zindagi khatam karne ka mann kar raha hai,2
just found a new banger song and feeling lit,0
"bhai i'm hopeless af, i just wanna disappear forever",2
better to zahar kha lun than live like this,2
everything is goated rn,0
"goodbye everyone, i am going to khatam karun",2
feeling really slaying because i hit a new pr,0
zindagi khatam karne ka mann kar raha hai,2
feeling overwhelmed and overwhelmed at the same time,1
i feel lonely fr,1
bahut burnt out feel ho raha hai bhai,1
deadass gonna zahar kha lun,2
just passed my exams and feeling vibing,0
better to quit life than live like this,2
i am feeling vibing today,0
i'm literally udas bestie,1
just going to a party and feeling lit,0
i'm literally stressed no cap,1
i feel cooked smh,1
everything is slaying bhai,0
i want to suicide ig,2
i'm literally finished literally,1
i am feeling fine today,0
"goodbye everyone, i am going to quit life",2
"bhai i'm done with life, i just wanna marna",2
i want to jaan dena ig,2
"ab nahi jhela jata, i want to die",2
basically today was fine,0
failure is making me depressed,1
"ab nahi jhela jata, i want to never wake up",2
"yar i feel like failure at everything, i should suicide",2
feeling super vibing because i got a job,0
bestie i'm lit bestie,0
bhai i so fumbled today,1
zindagi khatam karne ka mann kar raha hai,2
just hit a new pr and feeling chill,0
fr i kafi fumbled today,1
lowkey i so fumbled today,1
"goodbye everyone, i am going to disappear forever",2
"bhai i'm finished, i just wanna die",2
"deadass i feel like hopeless af, i should end it all",2
everything is chill cooked,0
i am feeling lit today,0
fr i super fumbled today,1
i feel numb cooked,1
deadass gonna end it all,2
everything is goated rn,0
better to disappear forever than live like this,2
everything is goated literally,0
bestie i'm goated bestie,0
"goodbye everyone, i am going to never wake up",2
just chilling with fam and feeling goated,0
i want to kill myself vibes,2
everything is goated no cap,0
better to disappear forever than live like this,2
bestie i'm goated smh,0
everything is crushing it bestie,0
just hit a new pr and feeling goated,0
better to jump off than live like this,2
"bhai i'm finished, i just wanna khatam karun",2
"bhai i'm done with life, i just wanna kill myself",2
honestly i am just depressed,1
pressure is making me lonely,1
bhai i'm deadass overwhelmed,1
"ab nahi jhela jata, i want to disappear forever",2
life is chill yaar,0
just passed my exams and feeling productive,0
i'm literally down bad bhai,1
listen today was mast,0
feeling stressed and stressed at the same time,1
"goodbye everyone, i am going to zahar kha lun",2
bhai i'm deadass tired,1
better to quit life than live like this,2
i am feeling goated today,0
honestly today was better,0
just hit a new pr and feeling mast,0
i feel burnt out fr,1
"goodbye everyone, i am going to end it all",2
i'm literally depressed yaar,1
life is vibing literally,0
why is everything so cooked?,1
bahut stressed feel ho raha hai cooked,1
basically i deadass fumbled today,1
i feel sad ig,1
bestie i'm lit lol,0
deadass gonna quit life,2
everything is badhiya cooked,0
i am going to zahar kha lun,2
bestie i'm sorted cooked,0
deadass gonna marna,2
bestie i'm chill bestie,0
fomo is making me lonely,1
just got a job and feeling slaying,0
i feel cooked ig,1
breakup is making me lonely,1
deadass gonna suicide,2
just found a new banger song and feeling lit,0
bruh i very fumbled today,1
feeling lonely and lonely at the same time,1
deadass gonna end it all,2
zindagi khatam karne ka mann kar raha hai,2
i want to die ig,2
feeling really lit because i met my friends,0
lowkey i deadass fumbled today,1
"goodbye everyone, i am going to hurt myself",2
feeling really better because i going to a party,0
feeling finished and finished at the same time,1
listen finally chilling with fam,0
bhai i'm deadass tired,1
"ab nahi jhela jata, i want to disappear forever",2
"listen i feel like a burden, i should kill myself",2
everything is badhiya bhai,0
feeling hella sorted because i hit a new pr,0
feeling kafi crushing it because i secured the bag,0
"listen i feel like finished, i should die",2
better to suicide than live like this,2
feeling numb and numb at the same time,1
life is vibing vibes,0
bhai i'm deadass tired,1
just met my friends and feeling vibing,0
bahut overwhelmed feel ho raha hai yaar,1
tbh i literally fumbled today,1
i feel sad vibes,1
i want to hurt myself literally,2
bhai i'm deadass lonely,1
i am feeling slaying today,0
"yar i feel like failure at everything, i should zahar kha lun",2
ngl today was chill,0
i want to jaan dena ig,2
i am feeling badhiya today,0
i want to zahar kha lun cooked,2
better to jump off than live like this,2
zindagi khatam karne ka mann kar raha hai,2
i'm literally udas rn,1
i want to jump off literally,2
feeling exhausted and exhausted at the same time,1
why is everything so lonely?,1
life is productive ig,0
life is goated no cap,0
deadass i am just cooked,1
better to never wake up than live like this,2
bestie i'm better fr,0
i am feeling sorted today,0
"ab nahi jhela jata, i want to suicide",2
bestie i'm chill bestie,0
overthinking is making me depressed,1
"basically i feel like failure at everything, i should quit life",2
"bhai i'm broken, i just wanna disappear forever",2
i want to die bestie,2
basically i so fumbled today,1
i am feeling crushing it today,0
feeling exhausted and exhausted at the same time,1
i am feeling fine today,0
tbh finally secured the bag,0
bhai i'm deadass burnt out,1
bhai i'm deadass depressed,1
"basically i feel like finished, i should marna",2
feeling so productive because i slept well,0
tbh today was mast,0
i feel depressed rn,1
"ab nahi jhela jata, i want to zahar kha lun",2
better to disappear forever than live like this,2
"ab nahi jhela jata, i want to kill myself",2
deadass i very fumbled today,1
bahut stressed feel ho raha hai vibes,1
better to khatam karun than live like this,2
listen today was goated,0
fr finally finished the project,0
i'm literally burnt out no cap,1
why is everything so tired?,1
bahut numb feel ho raha hai fr,1
"bhai i'm broken, i just wanna jaan dena",2
i am feeling crushing it today,0
"ab nahi jhela jata, i want to kill myself",2
feeling exhausted and exhausted at the same time,1
i feel stressed ig,1
"goodbye everyone, i am going to end it all",2
bhai i am just hopeless,1
"bhai i'm worthless, i just wanna disappear forever",2
just slept well and feeling goated,0
bestie i'm chill yaar,0
i am feeling vibing today,0
i want to end it all rn,2
yar finally passed my exams,0
bahut depressed feel ho raha hai smh,1
zindagi khatam karne ka mann kar raha hai,2
bestie i'm sorted literally,0
deadass gonna quit life,2
feeling lonely and lonely at the same time,1
bhai i'm deadass numb,1
everything is lit yaar,0
"ab nahi jhela jata, i want to end it all",2
zindagi khatam karne ka mann kar raha hai,2
feeling burnt out and burnt out at the same time,1
deadass gonna suicide,2
zindagi khatam karne ka mann kar raha hai,2
everything is badhiya cooked,0
i feel numb tho,1
i am feeling fine today,0
fr i am just tired,1
just finished the project and feeling productive,0
bestie i'm better literally,0
fomo is making me stressed,1
deadass i am just depressed,1
"bhai i'm failure at everything, i just wanna end it all",2
feeling kafi productive because i hit a new pr,0
i'm literally burnt out bestie,1
i am going to disappear forever,2
feeling literally sorted because i passed my exams,0
i feel numb smh,1
"ab nahi jhela jata, i want to khatam karun",2
everything is crushing it lol,0
"bhai i'm broken, i just wanna never wake up",2
bahut hopeless feel ho raha hai literally,1
i am feeling badhiya today,0
feeling literally mast because i finished the project,0
"basically i feel like finished, i should quit life",2
zindagi khatam karne ka mann kar raha hai,2
"goodbye everyone, i am going to jaan dena",2
bestie i'm crushing it tho,0
academic pressure is making me tired,1
lowkey i am just cooked,1
lowkey i am just burnt out,1
feeling super crushing it because i found a new banger song,0
stress is making me fumbled,1
life is better literally,0
bhai i super fumbled today,1
feeling fumbled and fumbled at the same time,1
i'm literally exhausted bestie,1
better to die than live like this,2
i'm literally udas bestie,1
feeling kafi better because i going to a party,0
"honestly i feel like failure at everything, i should jaan dena",2
tbh i am just hopeless,1
feeling udas and udas at the same time,1
fr i literally fumbled today,1
feeling kafi crushing it because i hit a new pr,0
why is everything so lonely?,1
bahut numb feel ho raha hai fr,1
bestie i'm chill ig,0
bestie i'm sorted cooked,0
bruh finally got a job,0
i want to end it all ig,2
failure is making me overwhelmed,1
i am going to khatam karun,2
honestly i very fumbled today,1
everything is productive cooked,0
bhai i'm deadass overwhelmed,1
i want to suicide yaar,2
better to die than live like this,2
why is everything so udas?,1
everything is badhiya smh,0
bestie i'm fine bestie,0
no cap finally slept well,0
"tbh i feel like finished, i should disappear forever",2
everything is mast rn,0
listen today was goated,0
life is mast vibes,0
deadass gonna marna,2
no cap i am just overwhelmed,1
deadass gonna jump off,2
everything is lit smh,0
why is everything so lonely?,1
i am feeling chill today,0
i am feeling fine today,0
"bhai i'm worthless, i just wanna end it all",2
feeling cooked and cooked at the same time,1
feeling cooked and cooked at the same time,1
everything is fine literally,0
everything is lit rn,0
i am feeling chill today,0
feeling fumbled and fumbled at the same time,1
i'm literally tired bhai,1
bhai i kafi fumbled today,1
bhai i'm deadass exhausted,1
everything is productive fr,0
stress is making me overwhelmed,1
bahut exhausted feel ho raha hai bhai,1
bestie i'm vibing fr,0
i am going to end it all,2
zindagi khatam karne ka mann kar raha hai,2
"yar i feel like broken, i should zahar kha lun",2
life is chill lol,0
better to die than live like this,2
i'm literally sad ig,1
lowkey i so fumbled today,1
i am feeling mast today,0
pressure is making me stressed,1
basically i hella fumbled today,1
why is everything so down bad?,1
"honestly i feel like no way out, i should die",2
"bhai i'm a burden, i just wanna suicide",2
everything is slaying yaar,0
feeling numb and numb at the same time,1
better to never wake up than live like this,2
life is better cooked,0
"goodbye everyone, i am going to die",2
"ab nahi jhela jata, i want to hurt myself",2
zindagi khatam karne ka mann kar raha hai,2
i am going to zahar kha lun,2
listen i super fumbled today,1
bestie i'm crushing it vibes,0
bhai i am just fumbled,1
bestie i'm badhiya vibes,0
"goodbye everyone, i am going to never wake up",2
i am going to zahar kha lun,2
better to quit life than live like this,2
just hit a new pr and feeling vibing,0
feeling depressed and depressed at the same time,1
"fr i feel like worthless, i should suicide",2
just chilling with fam and feeling mast,0
"tbh i feel like finished, i should never wake up",2
zindagi khatam karne ka mann kar raha hai,2
yar i kafi fumbled today,1
"goodbye everyone, i am going to never wake up",2
i'm literally sad smh,1
bahut overwhelmed feel ho raha hai rn,1
feeling kafi fine because i met my friends,0
feeling deadass sorted because i slept well,0
feeling kafi sorted because i finished the project,0
i am feeling lit today,0
feeling very goated because i slept well,0
better to die than live like this,2
i want to jump off rn,2
listen today was crushing it,0
ngl today was mast,0
"goodbye everyone, i am going to quit life",2
i'm literally overwhelmed rn,1
yar i hella fumbled today,1
"bhai i'm no way out, i just wanna quit life",2
tbh finally hit a new pr,0
why is everything so stressed?,1
"ab nahi jhela jata, i want to jaan dena",2
lowkey today was sorted,0
basically today was mast,0
stress is making me down bad,1
zindagi khatam karne ka mann kar raha hai,2
better to end it all than live like this,2
life is goated smh,0
bahut lonely feel ho raha hai vibes,1
fomo is making me exhausted,1
i'm literally burnt out cooked,1
"fr i feel like no way out, i should khatam karun",2
bestie i'm productive no cap,0
i am going to jump off,2
bestie i'm productive fr,0
life is chill vibes,0
bestie i'm mast lol,0
i want to zahar kha lun tho,2
just going to a party and feeling fine,0
bahut stressed feel ho raha hai tho,1
"ab nahi jhela jata, i want to marna",2
bahut cooked feel ho raha hai cooked,1
tbh i kafi fumbled today,1
better to kill myself than live like this,2
fr finally secured the bag,0
feeling really lit because i passed my exams,0
better to marna than live like this,2
bestie i'm badhiya ig,0
deadass gonna khatam karun,2
feeling overwhelmed and overwhelmed at the same time,1
"goodbye everyone, i am going to zahar kha lun",2
"ngl i feel like a burden, i should suicide",2
bestie i'm chill lol,0
"bhai i'm finished, i just wanna jump off",2
feeling cooked and cooked at the same time,1
"goodbye everyone, i am going to marna",2
honestly finally hit a new pr,0
lowkey i totally fumbled today,1
why is everything so stressed?,1
deadass today was badhiya,0
feeling udas and udas at the same time,1
"goodbye everyone, i am going to kill myself",2
i want to jaan dena ig,2
"basically i feel like finished, i should jaan dena",2
i'm literally udas ig,1
no cap i am just cooked,1
bahut finished feel ho raha hai yaar,1
"bhai i'm failure at everything, i just wanna die",2
life is lit smh,0
everything is mast smh,0
yar finally hit a new pr,0
feeling down bad and down bad at the same time,1
i want to quit life bhai,2
listen finally passed my exams,0
bruh i very fumbled today,1
i am going to never wake up,2
i'm literally finished fr,1
i am feeling vibing today,0
stress is making me down bad,1
i want to end it all no cap,2
"bhai i'm failure at everything, i just wanna disappear forever",2
"bhai i'm done with life, i just wanna marna",2
deadass gonna zahar kha lun,2
"ngl i feel like no way out, i should disappear forever",2
everything is fine bhai,0
"bhai i'm worthless, i just wanna jump off",2
"goodbye everyone, i am going to jaan dena",2
"goodbye everyone, i am going to quit life",2
no cap i totally fumbled today,1
i want to khatam karun yaar,2
pressure is making me depressed,1
ngl i am just tired,1
deadass today was badhiya,0
deadass gonna zahar kha lun,2
life is badhiya vibes,0
deadass i super fumbled today,1
feeling udas and udas at the same time,1
life is badhiya lol,0
i want to end it all fr,2
everything is crushing it lol,0
everything is crushing it literally,0
bhai i'm deadass stressed,1
"goodbye everyone, i am going to hurt myself",2
"goodbye everyone, i am going to end it all",2
why is everything so tired?,1
feeling literally mast because i going to a party,0
academic pressure is making me lonely,1
bahut tired feel ho raha hai bhai,1
tbh finally met my friends,0
honestly today was vibing,0
better to jaan dena than live like this,2
just going to a party and feeling sorted,0
zindagi khatam karne ka mann kar raha hai,2
"bhai i'm worthless, i just wanna jump off",2
lowkey i literally fumbled today,1
i want to end it all rn,2
bahut burnt out feel ho raha hai rn,1
i am feeling lit today,0
deadass gonna end it all,2
everything is sorted bhai,0
"bhai i'm worthless, i just wanna end it all",2
bestie i'm lit fr,0
everything is slaying lol,0
i feel depressed no cap,1
just chilling with fam and feeling chill,0
"goodbye everyone, i am going to never wake up",2
basically finally slept well,0
tbh i super fumbled today,1
deadass today was better,0
bruh today was goated,0
feeling totally fine because i secured the bag,0
feeling burnt out and burnt out at the same time,1
deadass today was slaying,0
i am going to quit life,2
i want to khatam karun rn,2
i want to zahar kha lun bestie,2
everything is productive bestie,0
better to marna than live like this,2
i am feeling fine today,0
i want to zahar kha lun smh,2
"goodbye everyone, i am going to hurt myself",2
i feel down bad lol,1
deadass gonna jaan dena,2
"ab nahi jhela jata, i want to never wake up",2
zindagi khatam karne ka mann kar raha hai,2
bahut udas feel ho raha hai cooked,1
i feel depressed fr,1
overthinking is making me numb,1
deadass gonna end it all,2
i am feeling better today,0
deadass gonna marna,2
why is everything so sad?,1
deadass gonna suicide,2
deadass gonna kill myself,2
zindagi khatam karne ka mann kar raha hai,2
i want to quit life bhai,2
lowkey today was lit,0
bhai i literally fumbled today,1
deadass gonna kill myself,2
i want to quit life lol,2
"ab nahi jhela jata, i want to never wake up",2
i am feeling chill today,0
bhai i'm deadass tired,1
lowkey i am just stressed,1
stress is making me finished,1
i am feeling crushing it today,0
life is fine lol,0
everything is fine literally,0
i want to marna bhai,2
"yar i feel like a burden, i should hurt myself",2
i want to hurt myself literally,2
feeling udas and udas at the same time,1
"ab nahi jhela jata, i want to never wake up",2
zindagi khatam karne ka mann kar raha hai,2
just hit a new pr and feeling badhiya,0
everything is mast rn,0
just chilling with fam and feeling vibing,0
"bhai i'm a burden, i just wanna jaan dena",2
fr i so fumbled today,1
feeling udas and udas at the same time,1
i want to hurt myself bestie,2
feeling super goated because i found a new banger song,0
why is everything so numb?,1
zindagi khatam karne ka mann kar raha hai,2
deadass gonna never wake up,2
i feel sad bhai,1
bhai i'm deadass finished,1
everything is productive smh,0
zindagi khatam karne ka mann kar raha hai,2
bestie i'm slaying bestie,0
i'm literally finished tho,1
zindagi khatam karne ka mann kar raha hai,2
i am going to end it all,2
why is everything so depressed?,1
everything is lit rn,0
"lowkey i feel like finished, i should zahar kha lun",2
"goodbye everyone, i am going to quit life",2
academic pressure is making me depressed,1
everything is badhiya rn,0
bahut tired feel ho raha hai bhai,1
bahut depressed feel ho raha hai cooked,1
i want to suicide lol,2
"basically i feel like hopeless af, i should jump off",2
bhai i'm deadass numb,1
bahut fumbled feel ho raha hai smh,1
bahut down bad feel ho raha hai tho,1
better to quit life than live like this,2
life is vibing lol,0
"goodbye everyone, i am going to khatam karun",2
i am going to never wake up,2
no cap i so fumbled today,1
i feel overwhelmed lol,1
bahut lonely feel ho raha hai ig,1
better to die than live like this,2
just got a job and feeling sorted,0
bestie i'm vibing lol,0
i am feeling badhiya today,0
better to jaan dena than live like this,2
tension is making me hopeless,1
"goodbye everyone, i am going to suicide",2
i am going to quit life,2
everything is goated bestie,0
bhai i'm deadass stressed,1
feeling burnt out and burnt out at the same time,1
i want to end it all ig,2
feeling tired and tired at the same time,1
"ab nahi jhela jata, i want to khatam karun",2
"ab nahi jhela jata, i want to hurt myself",2
zindagi khatam karne ka mann kar raha hai,2
feeling fumbled and fumbled at the same time,1
bahut down bad feel ho raha hai ig,1
bhai today was badhiya,0
"ab nahi jhela jata, i want to quit life",2
feeling very crushing it because i got a job,0
bhai i literally fumbled today,1
everything is slaying ig,0
"goodbye everyone, i am going to marna",2
bestie i'm sorted no cap,0
everything is goated no cap,0
everything is slaying bestie,0
bhai today was badhiya,0
i'm literally stressed lol,1
bhai i'm deadass fumbled,1
life is badhiya fr,0
tbh finally passed my exams,0
tbh finally chilling with fam,0
i want to khatam karun yaar,2
life is crushing it lol,0
zindagi khatam karne ka mann kar raha hai,2
why is everything so lonely?,1
"listen i feel like failure at everything, i should end it all",2
yar i deadass fumbled today,1
bahut depressed feel ho raha hai yaar,1
just finished the project and feeling chill,0
basically finally slept well,0
"goodbye everyone, i am going to kill myself",2
"goodbye everyone, i am going to marna",2
bestie i'm slaying no cap,0
"goodbye everyone, i am going to marna",2
pressure is making me hopeless,1
deadass gonna kill myself,2
feeling depressed and depressed at the same time,1
fr i am just cooked,1
"ngl i feel like hopeless af, i should hurt myself",2
listen finally met my friends,0
feeling down bad and down bad at the same time,1
i feel finished lol,1
ngl i am just burnt out,1
bhai finally got a job,0
"no cap i feel like a burden, i should zahar kha lun",2
feeling kafi mast because i got a job,0
just slept well and feeling mast,0
bahut tired feel ho raha hai no cap,1
"ab nahi jhela jata, i want to marna",2
life is badhiya vibes,0
bahut stressed feel ho raha hai fr,1
i feel down bad lol,1
lowkey i am just numb,1
"listen i feel like done with life, i should suicide",2
better to jaan dena than live like this,2
ngl i literally fumbled today,1
i'm literally cooked smh,1
i'm literally finished rn,1
"ab nahi jhela jata, i want to never wake up",2
"bhai i feel like failure at everything, i should disappear forever",2
everything is vibing no cap,0
"bhai i'm worthless, i just wanna hurt myself",2
"ab nahi jhela jata, i want to disappear forever",2
life is better cooked,0
i am going to zahar kha lun,2
burden is making me burnt out,1
"ab nahi jhela jata, i want to suicide",2
basically finally got a job,0
lowkey today was badhiya,0
i feel down bad bhai,1
"ab nahi jhela jata, i want to end it all",2
just got a job and feeling crushing it,0
fr today was chill,0
"ab nahi jhela jata, i want to khatam karun",2
feeling deadass slaying because i finished the project,0
deadass gonna zahar kha lun,2
"bhai i'm hopeless af, i just wanna jump off",2
everything is slaying ig,0
bestie i'm crushing it vibes,0
deadass i very fumbled today,1
deadass gonna zahar kha lun,2
i feel overwhelmed cooked,1
deadass gonna disappear forever,2
"goodbye everyone, i am going to never wake up",2
"goodbye everyone, i am going to kill myself",2
academic pressure is making me burnt out,1
just hit a new pr and feeling productive,0
no cap i hella fumbled today,1
i am feeling productive today,0
"no cap i feel like no way out, i should die",2
i am going to jump off,2
"bruh i feel like a burden, i should end it all",2
bahut numb feel ho raha hai bestie,1
deadass gonna end it all,2
i am feeling vibing today,0
i am going to never wake up,2
everything is goated tho,0
honestly i super fumbled today,1
fr today was slaying,0
i am going to disappear forever,2
bhai i'm deadass numb,1
bahut depressed feel ho raha hai bestie,1
"ab nahi jhela jata, i want to die",2
"bhai i'm hopeless af, i just wanna kill myself",2
better to zahar kha lun than live like this,2
ngl i hella fumbled today,1
feeling very crushing it because i hit a new pr,0
zindagi khatam karne ka mann kar raha hai,2
better to marna than live like this,2
i want to khatam karun literally,2
bruh i hella fumbled today,1
feeling sad and sad at the same time,1
deadass gonna hurt myself,2
bruh today was lit,0
bhai finally got a job,0
zindagi khatam karne ka mann kar raha hai,2
just met my friends and feeling lit,0
life is badhiya tho,0
i feel fumbled literally,1
overthinking is making me sad,1
bestie i'm productive tho,0
i want to end it all ig,2
bhai today was better,0
feeling totally fine because i got a job,0
life is productive no cap,0
ngl today was crushing it,0
bahut depressed feel ho raha hai smh,1
better to kill myself than live like this,2
i feel exhausted bhai,1
"honestly i feel like hopeless af, i should kill myself",2
"ab nahi jhela jata, i want to never wake up",2
feeling finished and finished at the same time,1
everything is slaying vibes,0
"bruh i feel like hopeless af, i should die",2
bhai i'm deadass udas,1
"bhai i'm failure at everything, i just wanna never wake up",2
why is everything so down bad?,1
i feel udas bhai,1
deadass i am just stressed,1
no cap i am just numb,1
i feel overwhelmed ig,1
everything is vibing yaar,0
feeling so badhiya because i secured the bag,0
why is everything so overwhelmed?,1
"goodbye everyone, i am going to khatam karun",2
"bhai i'm failure at everything, i just wanna khatam karun",2
everything is slaying ig,0
i want to marna ig,2
just met my friends and feeling fine,0
"bhai i feel like failure at everything, i should zahar kha lun",2
no cap i super fumbled today,1
why is everything so overwhelmed?,1
"deadass i feel like finished, i should jump off",2
"goodbye everyone, i am going to jaan dena",2
bahut sad feel ho raha hai bestie,1
life is chill lol,0
i am feeling mast today,0
no cap i hella fumbled today,1
everything is badhiya bhai,0
i am going to marna,2
"bhai i'm hopeless af, i just wanna end it all",2
deadass gonna jump off,2
everything is lit yaar,0
better to quit life than live like this,2
i feel numb no cap,1
better to never wake up than live like this,2
i want to jump off rn,2
better to marna than live like this,2
why is everything so depressed?,1
bestie i'm productive cooked,0
everything is chill rn,0
bestie i'm slaying yaar,0
bestie i'm vibing rn,0
"goodbye everyone, i am going to disappear forever",2
bhai i'm deadass depressed,1
feeling hella fine because i finished the project,0
fr i am just hopeless,1
deadass gonna jaan dena,2
life is chill smh,0
i am feeling chill today,0
"goodbye everyone, i am going to kill myself",2
bhai i'm deadass fumbled,1
"yar i feel like done with life, i should die",2
everything is badhiya tho,0
better to end it all than live like this,2
life is lit bhai,0
overthinking is making me cooked,1
life is better fr,0
i am feeling productive today,0
bahut cooked feel ho raha hai ig,1
overthinking is making me stressed,1
bhai i'm deadass depressed,1
"bhai i'm finished, i just wanna never wake up",2
bhai i am just burnt out,1
i feel finished lol,1
feeling cooked and cooked at the same time,1
life is fine no cap,0
i am going to disappear forever,2
bhai i'm deadass udas,1
bahut tired feel ho raha hai vibes,1
yar today was fine,0
"bhai i'm broken, i just wanna die",2
feeling deadass lit because i finished the project,0
just passed my exams and feeling crushing it,0
just met my friends and feeling mast,0
just found a new banger song and feeling productive,0
just hit a new pr and feeling fine,0
why is everything so stressed?,1
ngl today was productive,0
bestie i'm crushing it tho,0
deadass gonna zahar kha lun,2
bhai today was sorted,0
i am going to kill myself,2
bestie i'm crushing it fr,0
feeling totally chill because i going to a party,0
bhai i'm deadass depressed,1
academic pressure is making me finished,1
tbh finally passed my exams,0
zindagi khatam karne ka mann kar raha hai,2
"deadass i feel like broken, i should never wake up",2
better to jump off than live like this,2
"no cap i feel like finished, i should suicide",2
no cap finally slept well,0
feeling hella fine because i finished the project,0
i'm literally overwhelmed cooked,1
ngl finally passed my exams,0
bestie i'm fine cooked,0
breakup is making me sad,1
"bhai i'm broken, i just wanna kill myself",2
feeling so mast because i hit a new pr,0
i feel tired no cap,1
better to disappear forever than live like this,2
ngl i am just hopeless,1
lowkey i am just overwhelmed,1
i am feeling slaying today,0
deadass gonna zahar kha lun,2
just going to a party and feeling slaying,0
bestie i'm crushing it fr,0
tbh i literally fumbled today,1
listen finally slept well,0
i am going to kill myself,2
better to marna than live like this,2
yar today was badhiya,0
just secured the bag and feeling fine,0
"ab nahi jhela jata, i want to quit life",2
deadass gonna marna,2
deadass gonna disappear forever,2
i'm literally fumbled lol,1
i feel udas no cap,1
just chilling with fam and feeling lit,0
bestie i'm better yaar,0
zindagi khatam karne ka mann kar raha hai,2
lowkey i super fumbled today,1
basically finally finished the project,0
i am going to quit life,2
listen i super fumbled today,1
zindagi khatam karne ka mann kar raha hai,2
bhai i'm deadass overwhelmed,1
i'm literally sad cooked,1
"ab nahi jhela jata, i want to khatam karun",2
bahut hopeless feel ho raha hai lol,1
deadass gonna hurt myself,2
"goodbye everyone, i am going to khatam karun",2
i am going to die,2
i want to never wake up cooked,2
zindagi khatam karne ka mann kar raha hai,2
i feel burnt out bestie,1
bahut hopeless feel ho raha hai ig,1
bhai finally met my friends,0
honestly finally got a job,0
"goodbye everyone, i am going to zahar kha lun",2
zindagi khatam karne ka mann kar raha hai,2
i am going to kill myself,2
"tbh i feel like failure at everything, i should quit life",2
listen i super fumbled today,1
"goodbye everyone, i am going to kill myself",2
i feel depressed ig,1
i feel finished no cap,1
basically today was badhiya,0
deadass gonna kill myself,2
no cap i super fumbled today,1
"goodbye everyone, i am going to die",2
basically i kafi fumbled today,1
bruh finally passed my exams,0
life is slaying bhai,0
i want to jaan dena ig,2
feeling very sorted because i chilling with fam,0
"bhai i feel like hopeless af, i should suicide",2
bahut burnt out feel ho raha hai tho,1
honestly i am just lonely,1
i am feeling mast today,0
better to jump off than live like this,2
lowkey i hella fumbled today,1
feeling hella fine because i passed my exams,0
i feel numb vibes,1
no cap i am just depressed,1
i'm literally hopeless bhai,1
deadass finally going to a party,0
feeling literally crushing it because i chilling with fam,0
bhai i'm deadass burnt out,1
pressure is making me tired,1
i want to jump off yaar,2
"deadass i feel like finished, i should die",2
deadass gonna end it all,2
i'm literally overwhelmed literally,1
bhai i'm deadass cooked,1
i feel exhausted no cap,1
life is slaying literally,0
"bhai i'm hopeless af, i just wanna suicide",2
tbh i am just numb,1
i am going to jaan dena,2
bestie i'm badhiya cooked,0
"ab nahi jhela jata, i want to jump off",2
honestly i kafi fumbled today,1
i am going to marna,2
"ab nahi jhela jata, i want to disappear forever",2
honestly finally secured the bag,0
i feel finished yaar,1
i want to never wake up literally,2
i want to jump off lol,2
i'm literally burnt out smh,1
ngl finally got a job,0
ngl today was chill,0
zindagi khatam karne ka mann kar raha hai,2
basically finally met my friends,0
life is productive rn,0
bestie i'm goated rn,0
tbh i kafi fumbled today,1
i feel finished rn,1
just met my friends and feeling goated,0
"lowkey i feel like worthless, i should never wake up",2
i want to disappear forever yaar,2
bhai i am just fumbled,1
just hit a new pr and feeling crushing it,0
feeling so fine because i slept well,0
why is everything so lonely?,1
life is crushing it lol,0
tbh i am just burnt out,1
deadass gonna zahar kha lun,2
everything is vibing lol,0
bruh finally hit a new pr,0
bhai today was crushing it,0
life is better vibes,0
"ab nahi jhela jata, i want to khatam karun",2
deadass finally finished the project,0
ngl i hella fumbled today,1
everything is sorted cooked,0
why is everything so burnt out?,1
"ab nahi jhela jata, i want to kill myself",2
i want to zahar kha lun cooked,2
zindagi khatam karne ka mann kar raha hai,2
ngl i am just finished,1
i am feeling better today,0
everything is vibing literally,0
tbh today was chill,0
bestie i'm sorted lol,0
life is slaying bhai,0
why is everything so stressed?,1
why is everything so lonely?,1
just passed my exams and feeling productive,0
life is better no cap,0
i am going to never wake up,2
i want to kill myself ig,2
everything is crushing it fr,0
listen i literally fumbled today,1
everything is goated cooked,0
"no cap i feel like worthless, i should jaan dena",2
i feel depressed cooked,1
burden is making me stressed,1
life is crushing it fr,0
i feel finished tho,1
bhai today was better,0
basically i kafi fumbled today,1
stress is making me burnt out,1
basically finally got a job,0
ngl today was better,0
deadass today was slaying,0
just found a new banger song and feeling better,0
life is crushing it bestie,0
deadass gonna kill myself,2
"bhai i'm failure at everything, i just wanna die",2
feeling tired and tired at the same time,1
"bhai i'm worthless, i just wanna disappear forever",2
feeling super badhiya because i slept well,0
bhai i'm deadass fumbled,1
tbh today was slaying,0
"bhai i'm failure at everything, i just wanna marna",2
deadass gonna kill myself,2
"bhai i'm failure at everything, i just wanna marna",2
listen finally slept well,0
better to kill myself than live like this,2
everything is sorted vibes,0
i am feeling chill today,0
i feel overwhelmed ig,1
feeling totally slaying because i going to a party,0
feeling exhausted and exhausted at the same time,1
life is lit literally,0
i want to quit life no cap,2
life is crushing it bhai,0
bhai i'm deadass depressed,1
basically finally going to a party,0
better to end it all than live like this,2
"bhai i'm no way out, i just wanna never wake up",2
bhai i'm deadass fumbled,1
bestie i'm fine smh,0
bestie i'm productive yaar,0
better to suicide than live like this,2
everything is badhiya cooked,0
life is slaying cooked,0
bahut finished feel ho raha hai yaar,1
deadass gonna hurt myself,2
zindagi khatam karne ka mann kar raha hai,2
bahut burnt out feel ho raha hai vibes,1
feeling numb and numb at the same time,1
"ab nahi jhela jata, i want to kill myself",2
i want to kill myself rn,2
i want to suicide rn,2
i am going to hurt myself,2
i'm literally stressed tho,1
i'm literally hopeless tho,1
ngl i am just depressed,1
lowkey finally hit a new pr,0
"ab nahi jhela jata, i want to hurt myself",2
no cap i am just down bad,1
i feel down bad fr,1
better to never wake up than live like this,2
deadass today was badhiya,0
feeling so goated because i slept well,0
fr today was goated,0
i am feeling mast today,0
feeling depressed and depressed at the same time,1
"ab nahi jhela jata, i want to disappear forever",2
"ab nahi jhela jata, i want to never wake up",2
"goodbye everyone, i am going to jump off",2
bhai i'm deadass fumbled,1
listen finally chilling with fam,0
yar i am just cooked,1
i am going to marna,2
bhai i'm deadass hopeless,1
"ab nahi jhela jata, i want to khatam karun",2
everything is goated bhai,0
just found a new banger song and feeling fine,0
feeling finished and finished at the same time,1
bestie i'm sorted no cap,0
why is everything so finished?,1
deadass gonna jump off,2
why is everything so finished?,1
zindagi khatam karne ka mann kar raha hai,2
better to disappear forever than live like this,2
ngl finally slept well,0
bestie i'm productive vibes,0
"bhai i'm finished, i just wanna suicide",2
life is crushing it lol,0
bahut numb feel ho raha hai yaar,1
"bruh i feel like no way out, i should end it all",2
deadass gonna khatam karun,2
ngl finally hit a new pr,0
everything is mast smh,0
i want to hurt myself vibes,2
"bhai i'm finished, i just wanna die",2
ngl today was chill,0
"bhai i'm worthless, i just wanna disappear forever",2
bhai i'm deadass sad,1
overthinking is making me finished,1
bestie i'm crushing it yaar,0
better to kill myself than live like this,2
listen i literally fumbled today,1
i feel tired literally,1
feeling burnt out and burnt out at the same time,1
bruh finally chilling with fam,0
"bhai i'm worthless, i just wanna kill myself",2
feeling really vibing because i found a new banger song,0
better to die than live like this,2
deadass gonna suicide,2
i am going to jaan dena,2
just met my friends and feeling fine,0
bruh i am just hopeless,1
honestly i am just overwhelmed,1
life is badhiya rn,0
better to hurt myself than live like this,2
bahut depressed feel ho raha hai bhai,1
"ab nahi jhela jata, i want to quit life",2
failure is making me tired,1
better to jump off than live like this,2
deadass gonna die,2
deadass gonna khatam karun,2
listen i kafi fumbled today,1
feeling hopeless and hopeless at the same time,1
"bhai i'm a burden, i just wanna jump off",2
why is everything so burnt out?,1
i want to marna lol,2
basically finally chilling with fam,0
"ngl i feel like no way out, i should disappear forever",2
tbh today was better,0
feeling really productive because i going to a party,0
i am going to jump off,2
i am feeling mast today,0
listen i am just down bad,1
better to quit life than live like this,2
bhai finally going to a party,0
better to jump off than live like this,2
bhai i so fumbled today,1
i feel udas bestie,1
just passed my exams and feeling chill,0
listen finally slept well,0
ngl i am just numb,1
deadass gonna suicide,2
"goodbye everyone, i am going to hurt myself",2
"ngl i feel like done with life, i should never wake up",2
listen i super fumbled today,1
i am feeling slaying today,0
everything is better cooked,0
everything is lit vibes,0
just chilling with fam and feeling lit,0
"ab nahi jhela jata, i want to kill myself",2
anxiety is making me finished,1
better to disappear forever than live like this,2
deadass gonna end it all,2
burden is making me sad,1
i am feeling better today,0
zindagi khatam karne ka mann kar raha hai,2
deadass gonna quit life,2
life is vibing ig,0
ngl finally hit a new pr,0
no cap i am just udas,1
feeling sad and sad at the same time,1
better to quit life than live like this,2
breakup is making me numb,1
"lowkey i feel like done with life, i should kill myself",2
feeling kafi sorted because i found a new banger song,0
life is productive cooked,0
i'm literally udas no cap,1
i feel overwhelmed tho,1
i am going to kill myself,2
bestie i'm mast no cap,0
tbh finally chilling with fam,0
bhai i'm deadass numb,1
fr today was better,0
no cap i am just udas,1
i feel down bad vibes,1
"honestly i feel like done with life, i should hurt myself",2
deadass gonna jump off,2
"bhai i'm failure at everything, i just wanna kill myself",2
deadass gonna quit life,2
bhai i really fumbled today,1
life is fine no cap,0
i want to never wake up bestie,2
just chilling with fam and feeling vibing,0
life is productive vibes,0
listen finally going to a party,0
"goodbye everyone, i am going to jump off",2
bestie i'm crushing it vibes,0
i feel tired no cap,1
i feel exhausted rn,1
basically finally found a new banger song,0
"bhai i'm hopeless af, i just wanna suicide",2
better to never wake up than live like this,2
bestie i'm vibing cooked,0
i feel exhausted vibes,1
i want to jaan dena cooked,2
bahut depressed feel ho raha hai bhai,1
i feel numb fr,1
tension is making me overwhelmed,1
i feel finished smh,1
fr i deadass fumbled today,1
i am feeling sorted today,0
why is everything so cooked?,1
just got a job and feeling lit,0
"bhai i'm finished, i just wanna disappear forever",2
deadass gonna die,2
zindagi khatam karne ka mann kar raha hai,2
just passed my exams and feeling crushing it,0
i'm literally hopeless fr,1
i am going to disappear forever,2
feeling sad and sad at the same time,1
honestly today was lit,0
i'm literally finished ig,1
"bhai i'm a burden, i just wanna hurt myself",2
everything is slaying bhai,0
i want to marna lol,2
i'm literally sad lol,1
yar today was lit,0
zindagi khatam karne ka mann kar raha hai,2
"ab nahi jhela jata, i want to hurt myself",2
"ab nahi jhela jata, i want to marna",2
bestie i'm vibing fr,0
just secured the bag and feeling fine,0
life is better literally,0
i'm literally lonely yaar,1
why is everything so fumbled?,1
bahut exhausted feel ho raha hai vibes,1
feeling hella mast because i going to a party,0
bestie i'm productive cooked,0
everything is badhiya no cap,0
zindagi khatam karne ka mann kar raha hai,2
i want to never wake up cooked,2
bhai finally passed my exams,0
i'm literally fumbled ig,1
why is everything so udas?,1
everything is mast fr,0
"goodbye everyone, i am going to quit life",2
"lowkey i feel like worthless, i should zahar kha lun",2
deadass gonna khatam karun,2
i want to end it all fr,2
bhai i'm deadass numb,1
i want to jaan dena literally,2
anxiety is making me overwhelmed,1
"no cap i feel like done with life, i should hurt myself",2
everything is goated no cap,0
better to never wake up than live like this,2
"honestly i feel like broken, i should quit life",2
fr today was productive,0
bestie i'm mast smh,0
better to marna than live like this,2
feeling very crushing it because i passed my exams,0
feeling hella chill because i hit a new pr,0
bestie i'm chill vibes,0
everything is vibing literally,0
why is everything so udas?,1
i feel numb lol,1
yar finally hit a new pr,0
"listen i feel like done with life, i should die",2
feeling burnt out and burnt out at the same time,1
i want to never wake up yaar,2
lowkey today was sorted,0
deadass gonna zahar kha lun,2
i want to khatam karun tho,2
i want to end it all lol,2
i am going to jump off,2
deadass gonna jump off,2
zindagi khatam karne ka mann kar raha hai,2
why is everything so stressed?,1
i am feeling badhiya today,0
better to khatam karun than live like this,2
just going to a party and feeling lit,0
everything is vibing bhai,0
deadass gonna kill myself,2
i feel tired cooked,1
"goodbye everyone, i am going to kill myself",2
i'm literally udas bhai,1
fr i am just exhausted,1
i feel down bad yaar,1
bestie i'm slaying bhai,0
bhai i am just exhausted,1
better to marna than live like this,2
"ab nahi jhela jata, i want to disappear forever",2
everything is goated bhai,0
tbh today was sorted,0
bruh today was crushing it,0
everything is productive literally,0
yar i hella fumbled today,1
just secured the bag and feeling better,0
bahut finished feel ho raha hai bestie,1
bhai i so fumbled today,1
bestie i'm mast cooked,0
"ab nahi jhela jata, i want to quit life",2
burden is making me lonely,1
i feel lonely yaar,1
better to khatam karun than live like this,2
"bhai i'm done with life, i just wanna never wake up",2
no cap i so fumbled today,1
no cap today was lit,0
feeling tired and tired at the same time,1
fr i deadass fumbled today,1
deadass gonna kill myself,2
"bhai i'm no way out, i just wanna quit life",2
"bhai i'm hopeless af, i just wanna quit life",2
everything is vibing ig,0
"deadass i feel like worthless, i should kill myself",2
deadass gonna jump off,2
life is chill tho,0
"no cap i feel like finished, i should quit life",2
lowkey finally met my friends,0
better to disappear forever than live like this,2
why is everything so burnt out?,1
"bhai i feel like no way out, i should khatam karun",2
i want to never wake up bestie,2
i'm literally burnt out ig,1
i am going to marna,2
life is lit yaar,0
i feel stressed cooked,1
deadass i am just depressed,1
honestly i so fumbled today,1
everything is crushing it ig,0
"fr i feel like hopeless af, i should suicide",2
feeling really mast because i finished the project,0
bhai i'm deadass depressed,1
deadass gonna never wake up,2
bhai i'm deadass numb,1
zindagi khatam karne ka mann kar raha hai,2
deadass gonna disappear forever,2
"ab nahi jhela jata, i want to disappear forever",2
better to die than live like this,2
everything is productive smh,0
honestly i deadass fumbled today,1
why is everything so finished?,1
"bhai i'm finished, i just wanna end it all",2
better to quit life than live like this,2
"yar i feel like worthless, i should never wake up",2
feeling cooked and cooked at the same time,1
better to jump off than live like this,2
bestie i'm mast cooked,0
deadass gonna khatam karun,2
why is everything so overwhelmed?,1
deadass gonna hurt myself,2
"ab nahi jhela jata, i want to hurt myself",2
everything is productive yaar,0
basically today was chill,0
deadass gonna never wake up,2
"no cap i feel like failure at everything, i should khatam karun",2
deadass gonna quit life,2
"lowkey i feel like done with life, i should khatam karun",2
"ab nahi jhela jata, i want to marna",2
"goodbye everyone, i am going to disappear forever",2
lowkey today was slaying,0
i am going to kill myself,2
deadass gonna marna,2
lowkey finally slept well,0
everything is slaying fr,0
life is crushing it vibes,0
feeling depressed and depressed at the same time,1
everything is badhiya rn,0
i want to quit life lol,2
basically finally met my friends,0
academic pressure is making me finished,1
academic pressure is making me cooked,1
feeling cooked and cooked at the same time,1
bestie i'm lit lol,0
tbh today was vibing,0
i am going to khatam karun,2
honestly i deadass fumbled today,1
feeling hella mast because i met my friends,0
just finished the project and feeling chill,0
i want to zahar kha lun fr,2
"goodbye everyone, i am going to suicide",2
feeling stressed and stressed at the same time,1
deadass gonna jaan dena,2
burden is making me overwhelmed,1
i am going to disappear forever,2
no cap finally got a job,0
zindagi khatam karne ka mann kar raha hai,2
life is sorted bhai,0
i am going to disappear forever,2
"goodbye everyone, i am going to khatam karun",2
honestly i totally fumbled today,1
just found a new banger song and feeling productive,0
zindagi khatam karne ka mann kar raha hai,2
stress is making me fumbled,1
"ab nahi jhela jata, i want to jump off",2
deadass finally met my friends,0
feeling cooked and cooked at the same time,1
"bhai i'm broken, i just wanna khatam karun",2
feeling hella better because i found a new banger song,0
i am going to jaan dena,2
lowkey i hella fumbled today,1
bhai i'm deadass stressed,1
pressure is making me overwhelmed,1
i want to hurt myself tho,2
just finished the project and feeling sorted,0
bhai finally chilling with fam,0
feeling exhausted and exhausted at the same time,1
feeling lonely and lonely at the same time,1
listen today was productive,0
i am going to disappear forever,2
just going to a party and feeling crushing it,0
no cap i deadass fumbled today,1
bestie i'm badhiya lol,0
yar today was slaying,0
why is everything so tired?,1
anxiety is making me depressed,1
overthinking is making me fumbled,1
"ab nahi jhela jata, i want to khatam karun",2
feeling kafi badhiya because i passed my exams,0
anxiety is making me down bad,1
i want to khatam karun no cap,2
zindagi khatam karne ka mann kar raha hai,2
i feel overwhelmed smh,1
bestie i'm badhiya rn,0
"goodbye everyone, i am going to quit life",2
deadass gonna die,2
bahut hopeless feel ho raha hai bhai,1
"bhai i'm finished, i just wanna disappear forever",2
basically today was badhiya,0
feeling udas and udas at the same time,1
i want to zahar kha lun ig,2
just hit a new pr and feeling badhiya,0
everything is fine bhai,0
deadass today was crushing it,0
"bhai i'm broken, i just wanna marna",2
"goodbye everyone, i am going to suicide",2
why is everything so down bad?,1
i'm literally sad cooked,1
deadass today was vibing,0
life is chill bhai,0
everything is goated lol,0
"bhai i'm failure at everything, i just wanna never wake up",2
feeling numb and numb at the same time,1
why is everything so exhausted?,1
pressure is making me numb,1
deadass gonna jaan dena,2
i want to quit life vibes,2
"bhai i feel like no way out, i should quit life",2
bestie i'm slaying no cap,0
basically i am just udas,1
feeling kafi fine because i chilling with fam,0
i want to end it all cooked,2
i am feeling mast today,0
just secured the bag and feeling badhiya,0
just chilling with fam and feeling chill,0
deadass gonna marna,2
everything is mast yaar,0
"lowkey i feel like finished, i should quit life",2
why is everything so lonely?,1
"goodbye everyone, i am going to hurt myself",2
just finished the project and feeling sorted,0
i feel burnt out bestie,1
zindagi khatam karne ka mann kar raha hai,2
tbh i am just hopeless,1
better to end it all than live like this,2
everything is vibing yaar,0
tbh finally slept well,0
deadass i super fumbled today,1
bestie i'm crushing it literally,0
fr finally passed my exams,0
i am going to jump off,2
i'm literally burnt out lol,1
ngl finally slept well,0
i want to end it all ig,2
everything is crushing it bhai,0
just hit a new pr and feeling badhiya,0
why is everything so burnt out?,1
"basically i feel like broken, i should khatam karun",2
i feel depressed tho,1
i am going to never wake up,2
everything is badhiya smh,0
"bhai i feel like hopeless af, i should never wake up",2
"ab nahi jhela jata, i want to khatam karun",2
feeling super mast because i got a job,0
"goodbye everyone, i am going to suicide",2
bestie i'm productive vibes,0
just going to a party and feeling slaying,0
listen i super fumbled today,1
tension is making me numb,1
why is everything so stressed?,1
bahut sad feel ho raha hai smh,1
"ab nahi jhela jata, i want to disappear forever",2
better to die than live like this,2
lowkey today was chill,0
feeling hopeless and hopeless at the same time,1
ngl finally finished the project,0
bruh today was crushing it,0
"ab nahi jhela jata, i want to kill myself",2
bestie i'm sorted literally,0
i feel burnt out ig,1
everything is productive cooked,0
"ab nahi jhela jata, i want to khatam karun",2
i'm literally udas rn,1
"bhai i'm finished, i just wanna kill myself",2
feeling stressed and stressed at the same time,1
deadass gonna disappear forever,2
everything is slaying smh,0
bhai today was sorted,0
better to jaan dena than live like this,2
bruh today was chill,0
bhai i'm deadass udas,1
bahut stressed feel ho raha hai no cap,1
bhai i'm deadass udas,1
basically today was crushing it,0
"bhai i'm finished, i just wanna end it all",2
i feel down bad yaar,1
i want to jaan dena bhai,2
better to zahar kha lun than live like this,2
honestly finally chilling with fam,0
i am feeling sorted today,0
i am feeling productive today,0
feeling super fine because i finished the project,0
"tbh i feel like failure at everything, i should die",2
feeling fumbled and fumbled at the same time,1
"goodbye everyone, i am going to hurt myself",2
no cap i am just tired,1
deadass gonna never wake up,2
zindagi khatam karne ka mann kar raha hai,2
just going to a party and feeling vibing,0
i want to hurt myself ig,2
bestie i'm crushing it vibes,0
feeling depressed and depressed at the same time,1
yar finally secured the bag,0
feeling exhausted and exhausted at the same time,1
basically i literally fumbled today,1
why is everything so fumbled?,1
everything is mast smh,0
i am going to marna,2
bestie i'm sorted ig,0
fomo is making me fumbled,1
"bhai i'm done with life, i just wanna never wake up",2
basically today was chill,0
better to disappear forever than live like this,2
why is everything so exhausted?,1
bestie i'm sorted lol,0
i am going to end it all,2
feeling literally badhiya because i met my friends,0
i want to kill myself cooked,2
listen i am just fumbled,1
"fr i feel like failure at everything, i should jaan dena",2
i feel lonely no cap,1
basically finally going to a party,0
zindagi khatam karne ka mann kar raha hai,2
deadass finally got a job,0
why is everything so sad?,1
i feel stressed smh,1
deadass gonna marna,2
i am going to kill myself,2
"bhai i'm failure at everything, i just wanna die",2
deadass gonna disappear forever,2
bestie i'm lit yaar,0
basically finally chilling with fam,0
i am feeling crushing it today,0
bhai i'm deadass exhausted,1
life is badhiya vibes,0
bruh i super fumbled today,1
life is lit ig,0
bahut fumbled feel ho raha hai bhai,1
bahut stressed feel ho raha hai tho,1
better to marna than live like this,2
"bhai i'm failure at everything, i just wanna jump off",2
lowkey today was mast,0
"ab nahi jhela jata, i want to hurt myself",2
just got a job and feeling vibing,0
i am feeling fine today,0
bestie i'm productive bhai,0
i am going to never wake up,2
better to hurt myself than live like this,2
zindagi khatam karne ka mann kar raha hai,2
i am feeling better today,0
i am going to jaan dena,2
i want to quit life vibes,2
"bhai i'm a burden, i just wanna jump off",2
i am feeling crushing it today,0
i am going to khatam karun,2
why is everything so exhausted?,1
bahut exhausted feel ho raha hai cooked,1
deadass gonna end it all,2
why is everything so fumbled?,1
feeling super sorted because i slept well,0
"ab nahi jhela jata, i want to quit life",2
life is vibing rn,0
deadass gonna disappear forever,2
academic pressure is making me finished,1
feeling finished and finished at the same time,1
everything is goated tho,0
"bhai i feel like done with life, i should hurt myself",2
life is mast tho,0
just found a new banger song and feeling crushing it,0
feeling so slaying because i chilling with fam,0
better to marna than live like this,2
just going to a party and feeling slaying,0
bruh finally got a job,0
"bruh i feel like finished, i should jump off",2
"goodbye everyone, i am going to jump off",2
bahut lonely feel ho raha hai bhai,1
i'm literally finished lol,1
everything is sorted literally,0
better to kill myself than live like this,2
zindagi khatam karne ka mann kar raha hai,2
"basically i feel like no way out, i should kill myself",2
"bhai i'm finished, i just wanna zahar kha lun",2
bahut udas feel ho raha hai vibes,1
i am feeling mast today,0
"ab nahi jhela jata, i want to disappear forever",2
bestie i'm productive ig,0
just met my friends and feeling mast,0
just finished the project and feeling badhiya,0
feeling sad and sad at the same time,1
burden is making me numb,1
deadass gonna hurt myself,2
life is goated literally,0
just going to a party and feeling lit,0
better to jump off than live like this,2
why is everything so finished?,1
i feel tired cooked,1
feeling totally fine because i found a new banger song,0
"basically i feel like failure at everything, i should die",2
bruh finally slept well,0
ngl finally secured the bag,0
everything is vibing tho,0
deadass gonna hurt myself,2
yar finally hit a new pr,0
i'm literally cooked cooked,1
better to end it all than live like this,2
better to die than live like this,2
just met my friends and feeling fine,0
bruh finally secured the bag,0
better to jump off than live like this,2
deadass gonna end it all,2
why is everything so tired?,1
lowkey i really fumbled today,1
bestie i'm slaying ig,0
zindagi khatam karne ka mann kar raha hai,2
bahut finished feel ho raha hai lol,1
feeling so sorted because i hit a new pr,0
bhai i'm deadass down bad,1
better to kill myself than live like this,2
"bruh i feel like a burden, i should jaan dena",2
why is everything so udas?,1
everything is crushing it vibes,0
"goodbye everyone, i am going to kill myself",2
"bhai i'm finished, i just wanna hurt myself",2
i'm literally overwhelmed fr,1
"bhai i'm worthless, i just wanna jaan dena",2
everything is crushing it smh,0
feeling very mast because i going to a party,0
i want to zahar kha lun tho,2
deadass gonna kill myself,2
"ab nahi jhela jata, i want to khatam karun",2
"goodbye everyone, i am going to end it all",2
life is sorted lol,0
just chilling with fam and feeling better,0
i'm literally down bad smh,1
i'm literally cooked yaar,1
everything is chill yaar,0
deadass i deadass fumbled today,1
honestly i kafi fumbled today,1
i'm literally fumbled bhai,1
i feel fumbled vibes,1
life is goated lol,0
i am going to jump off,2
i am going to quit life,2
i feel sad yaar,1
i feel udas cooked,1
bahut finished feel ho raha hai yaar,1
bhai i'm deadass numb,1
tbh finally found a new banger song,0
bestie i'm chill lol,0
bestie i'm mast rn,0
everything is better bhai,0
i feel finished ig,1
just secured the bag and feeling crushing it,0
zindagi khatam karne ka mann kar raha hai,2
bhai today was crushing it,0
bestie i'm lit lol,0
honestly i really fumbled today,1
i want to suicide literally,2
"ngl i feel like hopeless af, i should suicide",2
ngl today was better,0
feeling totally vibing because i chilling with fam,0
life is goated cooked,0
zindagi khatam karne ka mann kar raha hai,2
"tbh i feel like no way out, i should end it all",2
everything is fine vibes,0
pressure is making me tired,1
just hit a new pr and feeling chill,0
i am feeling mast today,0
yar i kafi fumbled today,1
"ab nahi jhela jata, i want to suicide",2
"ab nahi jhela jata, i want to jump off",2
bahut exhausted feel ho raha hai bhai,1
just going to a party and feeling slaying,0
i am going to quit life,2
life is better no cap,0
i'm literally udas rn,1
i want to zahar kha lun tho,2
listen today was chill,0
"goodbye everyone, i am going to zahar kha lun",2
bhai i really fumbled today,1
listen i hella fumbled today,1
bahut sad feel ho raha hai tho,1
honestly today was productive,0
i feel sad smh,1
lowkey finally met my friends,0
deadass today was badhiya,0
i am feeling fine today,0
i'm literally down bad lol,1
bahut numb feel ho raha hai literally,1
life is sorted lol,0
feeling tired and tired at the same time,1
zindagi khatam karne ka mann kar raha hai,2
"bhai i feel like worthless, i should zahar kha lun",2
no cap i am just tired,1
"yar i feel like worthless, i should zahar kha lun",2
deadass gonna quit life,2
bhai i'm deadass lonely,1
"ab nahi jhela jata, i want to quit life",2
no cap i hella fumbled today,1
just going to a party and feeling crushing it,0
"deadass i feel like finished, i should jaan dena",2
"ab nahi jhela jata, i want to marna",2
i feel exhausted no cap,1
zindagi khatam karne ka mann kar raha hai,2
feeling udas and udas at the same time,1
why is everything so tired?,1
yar i very fumbled today,1
stress is making me numb,1
everything is slaying smh,0
life is lit no cap,0
i feel exhausted cooked,1
life is crushing it tho,0
just found a new banger song and feeling productive,0
i feel sad lol,1
life is crushing it vibes,0
i feel finished rn,1
better to quit life than live like this,2
feeling totally lit because i hit a new pr,0
just finished the project and feeling vibing,0
i feel stressed vibes,1
"goodbye everyone, i am going to quit life",2
bruh finally passed my exams,0
better to disappear forever than live like this,2
i feel down bad bestie,1
i am going to end it all,2
i want to never wake up literally,2
life is better bhai,0
i want to jump off bestie,2
better to marna than live like this,2
i'm literally stressed lol,1
yar i so fumbled today,1
i am feeling lit today,0
fomo is making me down bad,1
just met my friends and feeling lit,0
no cap i am just lonely,1
i am feeling goated today,0
basically i kafi fumbled today,1
i'm literally udas ig,1
better to never wake up than live like this,2
i am feeling crushing it today,0
bestie i'm lit no cap,0
overthinking is making me overwhelmed,1
deadass gonna quit life,2
life is vibing cooked,0
"bhai i'm hopeless af, i just wanna kill myself",2
feeling kafi badhiya because i slept well,0
no cap today was lit,0
deadass gonna suicide,2
just passed my exams and feeling better,0
ngl i kafi fumbled today,1
bruh i am just numb,1
ngl finally got a job,0
i am feeling vibing today,0
"listen i feel like no way out, i should zahar kha lun",2
"ab nahi jhela jata, i want to zahar kha lun",2
i feel burnt out lol,1
why is everything so sad?,1
"bhai i feel like done with life, i should jump off",2
bhai today was chill,0
zindagi khatam karne ka mann kar raha hai,2
better to hurt myself than live like this,2
bruh today was productive,0
life is fine ig,0
tbh i am just depressed,1
i am feeling goated today,0
feeling kafi lit because i hit a new pr,0
"goodbye everyone, i am going to khatam karun",2
"lowkey i feel like a burden, i should marna",2
i am feeling goated today,0
bestie i'm better lol,0
bhai i'm deadass depressed,1
bruh i super fumbled today,1
bahut down bad feel ho raha hai bestie,1
why is everything so overwhelmed?,1
better to suicide than live like this,2
everything is sorted fr,0
"bhai i'm failure at everything, i just wanna hurt myself",2
deadass finally going to a party,0
bahut lonely feel ho raha hai tho,1
"bhai i'm a burden, i just wanna kill myself",2
"bhai i'm hopeless af, i just wanna suicide",2
bahut finished feel ho raha hai bhai,1
bestie i'm fine smh,0
deadass gonna quit life,2
honestly i kafi fumbled today,1
"ab nahi jhela jata, i want to disappear forever",2
bhai i'm deadass depressed,1
i feel numb smh,1
zindagi khatam karne ka mann kar raha hai,2
i am feeling vibing today,0
i am feeling goated today,0
i am going to end it all,2
i am going to disappear forever,2
bhai i really fumbled today,1
i feel udas lol,1
bruh finally hit a new pr,0
i feel depressed fr,1
i am feeling chill today,0
i want to die lol,2
"bhai i'm hopeless af, i just wanna kill myself",2
"bhai i'm a burden, i just wanna disappear forever",2
feeling numb and numb at the same time,1
lowkey finally slept well,0
deadass gonna hurt myself,2
feeling kafi better because i met my friends,0
basically today was goated,0
just passed my exams and feeling mast,0
i want to zahar kha lun fr,2
i am feeling chill today,0
deadass gonna suicide,2
yar i really fumbled today,1
zindagi khatam karne ka mann kar raha hai,2
better to end it all than live like this,2
deadass gonna kill myself,2
breakup is making me stressed,1
i am feeling goated today,0
zindagi khatam karne ka mann kar raha hai,2
why is everything so sad?,1
bahut sad feel ho raha hai vibes,1
life is vibing literally,0
"goodbye everyone, i am going to die",2
"goodbye everyone, i am going to hurt myself",2
ngl today was lit,0
listen today was better,0
just met my friends and feeling slaying,0
i want to quit life bhai,2
yar today was goated,0
bestie i'm productive bhai,0
i'm literally depressed literally,1
everything is vibing vibes,0
deadass gonna disappear forever,2
everything is better smh,0
life is badhiya bestie,0
life is goated ig,0
feeling very better because i hit a new pr,0
deadass today was vibing,0
i'm literally down bad lol,1
"bhai i'm done with life, i just wanna suicide",2
zindagi khatam karne ka mann kar raha hai,2
"goodbye everyone, i am going to hurt myself",2
feeling kafi lit because i met my friends,0
bahut cooked feel ho raha hai literally,1
everything is badhiya lol,0
"bhai i'm hopeless af, i just wanna khatam karun",2
i'm literally tired cooked,1
bhai i'm deadass hopeless,1
bestie i'm crushing it smh,0
bruh today was productive,0
bhai i'm deadass udas,1
"bhai i'm worthless, i just wanna khatam karun",2
"goodbye everyone, i am going to quit life",2
fr i am just finished,1
bestie i'm vibing lol,0
why is everything so lonely?,1
bruh today was productive,0
"ab nahi jhela jata, i want to zahar kha lun",2
bestie i'm better yaar,0
life is goated cooked,0
i want to quit life rn,2
bhai i'm deadass down bad,1
i am going to end it all,2
"ab nahi jhela jata, i want to khatam karun",2
i'm literally lonely no cap,1
better to suicide than live like this,2
why is everything so fumbled?,1
i am going to jaan dena,2
just found a new banger song and feeling fine,0
i am feeling chill today,0
fomo is making me tired,1
lowkey finally met my friends,0
bhai i'm deadass udas,1
just finished the project and feeling goated,0
just met my friends and feeling sorted,0
breakup is making me hopeless,1
"goodbye everyone, i am going to kill myself",2
i feel hopeless tho,1
"goodbye everyone, i am going to suicide",2
why is everything so finished?,1
i want to jaan dena literally,2
why is everything so exhausted?,1
"bhai i'm no way out, i just wanna suicide",2
just met my friends and feeling crushing it,0
"listen i feel like done with life, i should jump off",2
bestie i'm goated fr,0
just got a job and feeling goated,0
i'm literally stressed rn,1
deadass gonna die,2
"bhai i'm a burden, i just wanna zahar kha lun",2
life is crushing it yaar,0
tbh today was chill,0
listen finally going to a party,0
i am feeling crushing it today,0
everything is vibing smh,0
bahut stressed feel ho raha hai fr,1
listen today was crushing it,0
why is everything so tired?,1
i am feeling better today,0
bhai i'm deadass stressed,1
"bhai i'm broken, i just wanna die",2
overthinking is making me overwhelmed,1
i am feeling productive today,0
deadass today was lit,0
i am feeling goated today,0
i want to jump off bhai,2
bhai i am just lonely,1
fomo is making me burnt out,1
bhai i'm deadass burnt out,1
feeling lonely and lonely at the same time,1
lowkey i kafi fumbled today,1
feeling udas and udas at the same time,1
i feel sad smh,1
"goodbye everyone, i am going to jaan dena",2
life is slaying bhai,0
why is everything so stressed?,1
just passed my exams and feeling badhiya,0
"bhai i'm no way out, i just wanna disappear forever",2
i want to jaan dena ig,2
bahut exhausted feel ho raha hai cooked,1
life is goated bhai,0
bahut stressed feel ho raha hai no cap,1
i'm literally lonely no cap,1
"bhai i'm done with life, i just wanna zahar kha lun",2
feeling numb and numb at the same time,1
better to disappear forever than live like this,2
ngl today was goated,0
bhai finally met my friends,0
feeling kafi badhiya because i got a job,0
"bhai i'm finished, i just wanna suicide",2
no cap i really fumbled today,1
everything is lit bestie,0
"ab nahi jhela jata, i want to jump off",2
everything is lit bhai,0
"bruh i feel like a burden, i should die",2
i am going to kill myself,2
bahut exhausted feel ho raha hai bestie,1
i want to marna bhai,2
i feel overwhelmed bhai,1
everything is better vibes,0
deadass gonna marna,2
i'm literally sad cooked,1
just chilling with fam and feeling mast,0
"ab nahi jhela jata, i want to zahar kha lun",2
overthinking is making me cooked,1
i feel exhausted fr,1
better to kill myself than live like this,2
honestly i am just numb,1
better to jump off than live like this,2
why is everything so cooked?,1
basically finally met my friends,0
bestie i'm productive rn,0
why is everything so sad?,1
feeling burnt out and burnt out at the same time,1
i am feeling badhiya today,0
"ab nahi jhela jata, i want to end it all",2
deadass gonna jump off,2
bestie i'm crushing it no cap,0
"goodbye everyone, i am going to zahar kha lun",2
tbh i really fumbled today,1
better to kill myself than live like this,2
why is everything so sad?,1
life is fine fr,0
listen finally found a new banger song,0
bruh finally finished the project,0
i am going to die,2
feeling burnt out and burnt out at the same time,1
everything is crushing it smh,0
"bruh i feel like broken, i should kill myself",2
i am going to zahar kha lun,2
bhai i'm deadass tired,1
burden is making me burnt out,1
bhai i'm deadass hopeless,1
listen today was productive,0
better to jump off than live like this,2
"fr i feel like failure at everything, i should die",2
i am going to jump off,2
failure is making me sad,1
ngl finally hit a new pr,0
zindagi khatam karne ka mann kar raha hai,2
just hit a new pr and feeling productive,0
deadass gonna suicide,2
feeling exhausted and exhausted at the same time,1
bestie i'm fine ig,0
i'm literally down bad no cap,1
zindagi khatam karne ka mann kar raha hai,2
"bruh i feel like worthless, i should jaan dena",2
bhai i'm deadass udas,1
bestie i'm vibing rn,0
bestie i'm crushing it smh,0
bhai i'm deadass down bad,1
life is better fr,0
feeling finished and finished at the same time,1
"goodbye everyone, i am going to jump off",2
i feel stressed rn,1
i'm literally down bad fr,1
"goodbye everyone, i am going to khatam karun",2
bestie i'm fine lol,0
i want to hurt myself no cap,2
i'm literally lonely vibes,1
bestie i'm crushing it no cap,0
honestly today was sorted,0
no cap i super fumbled today,1
zindagi khatam karne ka mann kar raha hai,2
honestly finally found a new banger song,0
zindagi khatam karne ka mann kar raha hai,2
deadass gonna zahar kha lun,2
bruh finally found a new banger song,0
i am going to die,2
everything is mast no cap,0
bhai i very fumbled today,1
why is everything so exhausted?,1
bestie i'm chill no cap,0
i feel down bad fr,1
zindagi khatam karne ka mann kar raha hai,2
feeling really sorted because i secured the bag,0
feeling burnt out and burnt out at the same time,1
"ab nahi jhela jata, i want to jaan dena",2
i'm literally numb ig,1
basically i hella fumbled today,1
i feel udas fr,1
better to disappear forever than live like this,2
"bhai i'm worthless, i just wanna never wake up",2
listen i very fumbled today,1
i am feeling goated today,0
i feel hopeless literally,1
zindagi khatam karne ka mann kar raha hai,2
i feel finished bestie,1
tbh today was productive,0
everything is vibing bestie,0
tbh i am just depressed,1
i am feeling sorted today,0
feeling kafi better because i hit a new pr,0
i am going to disappear forever,2
i am going to jump off,2
better to quit life than live like this,2
listen finally slept well,0
life is mast rn,0
feeling cooked and cooked at the same time,1
life is vibing cooked,0
bestie i'm better smh,0
fomo is making me numb,1
deadass gonna quit life,2
"goodbye everyone, i am going to kill myself",2
"goodbye everyone, i am going to hurt myself",2
i feel cooked ig,1
feeling hella sorted because i finished the project,0
bruh today was badhiya,0
zindagi khatam karne ka mann kar raha hai,2
zindagi khatam karne ka mann kar raha hai,2
anxiety is making me depressed,1
zindagi khatam karne ka mann kar raha hai,2
deadass gonna quit life,2
life is goated cooked,0
zindagi khatam karne ka mann kar raha hai,2
"yar i feel like hopeless af, i should jaan dena",2
feeling really lit because i hit a new pr,0
"bhai i'm done with life, i just wanna jaan dena",2
"lowkey i feel like finished, i should kill myself",2
"bhai i'm failure at everything, i just wanna end it all",2
i am feeling badhiya today,0
better to jaan dena than live like this,2
i want to khatam karun rn,2
why is everything so lonely?,1
"ab nahi jhela jata, i want to quit life",2
why is everything so sad?,1
lowkey finally got a job,0
everything is fine tho,0
"lowkey i feel like a burden, i should quit life",2
honestly finally hit a new pr,0
bestie i'm goated vibes,0
life is chill cooked,0
bhai i'm deadass fumbled,1
bhai i'm deadass udas,1
i'm literally depressed lol,1
bahut depressed feel ho raha hai rn,1
everything is fine rn,0
bhai i'm deadass tired,1
tbh today was badhiya,0
lowkey i am just exhausted,1
i am feeling mast today,0
just passed my exams and feeling goated,0
bhai i'm deadass tired,1
better to disappear forever than live like this,2
bestie i'm better yaar,0
"ab nahi jhela jata, i want to hurt myself",2
everything is chill ig,0
fr today was crushing it,0
everything is better ig,0
deadass gonna khatam karun,2
i want to suicide bestie,2
ngl finally secured the bag,0
"goodbye everyone, i am going to quit life",2
tbh today was better,0
bestie i'm better yaar,0
ngl finally met my friends,0
bestie i'm fine smh,0
bestie i'm vibing vibes,0
everything is vibing tho,0
i am feeling mast today,0
everything is chill ig,0
i am feeling fine today,0
"bruh i feel like a burden, i should end it all",2
"bhai i'm hopeless af, i just wanna suicide",2
"bhai i'm broken, i just wanna end it all",2
"ab nahi jhela jata, i want to kill myself",2
feeling hella better because i met my friends,0
"bhai i'm finished, i just wanna suicide",2
feeling totally better because i got a job,0
"goodbye everyone, i am going to never wake up",2
life is fine bhai,0
"goodbye everyone, i am going to khatam karun",2
zindagi khatam karne ka mann kar raha hai,2
bhai i'm deadass down bad,1
everything is vibing literally,0
i want to zahar kha lun rn,2
no cap today was productive,0
basically i am just hopeless,1
i am feeling chill today,0
life is goated tho,0
everything is productive bestie,0
basically finally slept well,0
bhai i so fumbled today,1
better to die than live like this,2
"basically i feel like no way out, i should marna",2
i want to die bhai,2
just found a new banger song and feeling goated,0
just got a job and feeling better,0
deadass gonna jaan dena,2
everything is slaying yaar,0
bhai today was goated,0
feeling super goated because i found a new banger song,0
"bhai i'm no way out, i just wanna zahar kha lun",2
tension is making me fumbled,1
"goodbye everyone, i am going to quit life",2
bhai finally slept well,0
"bhai i'm done with life, i just wanna kill myself",2
i want to die fr,2
i'm literally depressed bestie,1
why is everything so udas?,1
"ab nahi jhela jata, i want to quit life",2
zindagi khatam karne ka mann kar raha hai,2
no cap finally secured the bag,0
everything is crushing it bestie,0
bestie i'm better tho,0
yar finally slept well,0
tbh finally going to a party,0
yar i am just numb,1
bestie i'm productive rn,0
bhai finally chilling with fam,0
just passed my exams and feeling lit,0
everything is productive literally,0
i want to kill myself cooked,2
everything is fine rn,0
i feel finished ig,1
deadass gonna die,2
life is sorted ig,0
life is slaying vibes,0
bhai i'm deadass depressed,1
tbh today was slaying,0
i'm literally cooked bhai,1
why is everything so tired?,1
bhai i'm deadass down bad,1
i want to disappear forever lol,2
bahut cooked feel ho raha hai rn,1
bahut cooked feel ho raha hai bhai,1
feeling literally better because i finished the project,0
bahut finished feel ho raha hai ig,1
"ab nahi jhela jata, i want to marna",2
"goodbye everyone, i am going to disappear forever",2
"ab nahi jhela jata, i want to never wake up",2
"lowkey i feel like worthless, i should khatam karun",2
feeling down bad and down bad at the same time,1
feeling very crushing it because i got a job,0
everything is better tho,0
i want to khatam karun bestie,2
fr today was mast,0
basically finally passed my exams,0
"goodbye everyone, i am going to disappear forever",2
why is everything so burnt out?,1
academic pressure is making me tired,1
feeling numb and numb at the same time,1
tbh i am just down bad,1
"goodbye everyone, i am going to suicide",2
"goodbye everyone, i am going to end it all",2
i want to hurt myself vibes,2
feeling hella fine because i secured the bag,0
"honestly i feel like worthless, i should zahar kha lun",2
deadass gonna kill myself,2
"ab nahi jhela jata, i want to zahar kha lun",2
better to zahar kha lun than live like this,2
why is everything so udas?,1
yar finally going to a party,0
life is slaying fr,0
listen i am just udas,1
feeling deadass fine because i finished the project,0
bhai i'm deadass sad,1
feeling tired and tired at the same time,1
"goodbye everyone, i am going to disappear forever",2
better to kill myself than live like this,2
bestie i'm goated tho,0
academic pressure is making me down bad,1
everything is sorted bestie,0
"goodbye everyone, i am going to die",2
i am feeling lit today,0
"fr i feel like broken, i should never wake up",2
i'm literally overwhelmed fr,1
better to end it all than live like this,2
just got a job and feeling better,0
"bhai i'm finished, i just wanna disappear forever",2
tbh i very fumbled today,1
overthinking is making me depressed,1
better to suicide than live like this,2
feeling fumbled and fumbled at the same time,1
bestie i'm lit fr,0
bahut burnt out feel ho raha hai tho,1
i feel fumbled ig,1
no cap today was slaying,0
deadass gonna jump off,2
"goodbye everyone, i am going to zahar kha lun",2
life is goated literally,0
just finished the project and feeling better,0
i'm literally down bad literally,1
"listen i feel like no way out, i should end it all",2
bhai i'm deadass fumbled,1
everything is productive rn,0
i am going to quit life,2
bhai i'm deadass udas,1
bestie i'm productive bestie,0
i am feeling chill today,0
"goodbye everyone, i am going to end it all",2
"bhai i'm finished, i just wanna hurt myself",2
bruh finally going to a party,0
i feel burnt out bhai,1
tbh i am just stressed,1
"ab nahi jhela jata, i want to die",2
i'm literally hopeless smh,1
"basically i feel like a burden, i should suicide",2
everything is lit vibes,0
"ab nahi jhela jata, i want to suicide",2
"ab nahi jhela jata, i want to kill myself",2
life is slaying vibes,0
bhai i'm deadass burnt out,1
why is everything so finished?,1
deadass gonna zahar kha lun,2
feeling stressed and stressed at the same time,1
basically i super fumbled today,1
i am going to never wake up,2
bhai i'm deadass down bad,1
"bhai i'm finished, i just wanna kill myself",2
"ngl i feel like worthless, i should khatam karun",2
i am feeling chill today,0
i am feeling sorted today,0
feeling lonely and lonely at the same time,1
i am going to zahar kha lun,2
i feel finished no cap,1
zindagi khatam karne ka mann kar raha hai,2
zindagi khatam karne ka mann kar raha hai,2
i'm literally burnt out lol,1
"goodbye everyone, i am going to end it all",2
no cap finally secured the bag,0
i am going to suicide,2
bestie i'm fine lol,0
"bhai i'm a burden, i just wanna khatam karun",2
basically i very fumbled today,1
feeling really slaying because i found a new banger song,0
life is slaying smh,0
zindagi khatam karne ka mann kar raha hai,2
bestie i'm slaying fr,0
honestly i am just tired,1
zindagi khatam karne ka mann kar raha hai,2
feeling tired and tired at the same time,1
better to zahar kha lun than live like this,2
i want to kill myself fr,2
bestie i'm mast no cap,0
"goodbye everyone, i am going to suicide",2
zindagi khatam karne ka mann kar raha hai,2
bhai i'm deadass hopeless,1
better to jaan dena than live like this,2
bestie i'm fine literally,0
i am feeling sorted today,0
feeling sad and sad at the same time,1
"ab nahi jhela jata, i want to khatam karun",2
i want to suicide bestie,2
feeling literally lit because i going to a party,0
feeling kafi goated because i passed my exams,0
honestly today was chill,0
bahut cooked feel ho raha hai no cap,1
zindagi khatam karne ka mann kar raha hai,2
life is vibing yaar,0
fr i am just hopeless,1
i am going to die,2
i feel finished yaar,1
listen finally going to a party,0
bahut fumbled feel ho raha hai rn,1
deadass gonna die,2
no cap finally met my friends,0
i'm literally numb cooked,1
better to jump off than live like this,2
why is everything so cooked?,1
i am going to jump off,2
everything is productive literally,0
deadass i am just overwhelmed,1
why is everything so fumbled?,1
"fr i feel like failure at everything, i should kill myself",2
"ab nahi jhela jata, i want to khatam karun",2
better to suicide than live like this,2
"ab nahi jhela jata, i want to jump off",2
bhai i'm deadass sad,1
life is productive rn,0
"ab nahi jhela jata, i want to khatam karun",2
"bhai i'm broken, i just wanna die",2
fr today was crushing it,0
"goodbye everyone, i am going to zahar kha lun",2
better to khatam karun than live like this,2
feeling totally better because i hit a new pr,0
fr today was slaying,0
just chilling with fam and feeling badhiya,0
feeling numb and numb at the same time,1
deadass gonna quit life,2
just hit a new pr and feeling mast,0
feeling really mast because i met my friends,0
basically today was sorted,0
"listen i feel like failure at everything, i should kill myself",2
i want to jump off cooked,2
tbh finally hit a new pr,0
i feel sad yaar,1
pressure is making me stressed,1
bhai finally found a new banger song,0
bhai i'm deadass exhausted,1
deadass today was sorted,0
feeling numb and numb at the same time,1
breakup is making me tired,1
i am going to suicide,2
feeling burnt out and burnt out at the same time,1
bhai i'm deadass numb,1
"ab nahi jhela jata, i want to khatam karun",2
feeling udas and udas at the same time,1
feeling burnt out and burnt out at the same time,1
bhai finally got a job,0
tbh i am just udas,1
i am going to die,2
lowkey today was mast,0
i am feeling badhiya today,0
zindagi khatam karne ka mann kar raha hai,2
deadass finally hit a new pr,0
bruh today was fine,0
"goodbye everyone, i am going to hurt myself",2
ngl today was lit,0
i feel cooked cooked,1
life is sorted cooked,0
zindagi khatam karne ka mann kar raha hai,2
feeling deadass productive because i slept well,0
lowkey today was slaying,0
deadass i am just stressed,1
"bhai i'm done with life, i just wanna never wake up",2
bestie i'm slaying yaar,0
i am going to suicide,2
just got a job and feeling crushing it,0
"bhai i'm hopeless af, i just wanna marna",2
"ab nahi jhela jata, i want to kill myself",2
yar finally slept well,0
zindagi khatam karne ka mann kar raha hai,2
fr i am just finished,1
pressure is making me finished,1
everything is lit fr,0
better to hurt myself than live like this,2
breakup is making me overwhelmed,1
bhai i'm deadass numb,1
everything is chill tho,0
feeling sad and sad at the same time,1
life is productive smh,0
better to kill myself than live like this,2
feeling very better because i chilling with fam,0
feeling kafi better because i found a new banger song,0
tension is making me overwhelmed,1
feeling fumbled and fumbled at the same time,1
bahut burnt out feel ho raha hai bhai,1
why is everything so stressed?,1
everything is mast fr,0
bhai i'm deadass finished,1
better to zahar kha lun than live like this,2
i feel depressed literally,1
i want to marna yaar,2
better to khatam karun than live like this,2
"bhai i'm failure at everything, i just wanna disappear forever",2
better to never wake up than live like this,2
i am feeling crushing it today,0
life is fine fr,0
"deadass i feel like failure at everything, i should kill myself",2
i'm literally exhausted bhai,1
bhai i'm deadass fumbled,1
why is everything so overwhelmed?,1
everything is goated literally,0
feeling literally mast because i going to a party,0
i am feeling sorted today,0
"goodbye everyone, i am going to die",2
deadass gonna disappear forever,2
bhai i'm deadass depressed,1
listen i super fumbled today,1
deadass finally finished the project,0
feeling so lit because i slept well,0
feeling really sorted because i passed my exams,0
just finished the project and feeling vibing,0
bahut finished feel ho raha hai smh,1
"bhai i'm no way out, i just wanna never wake up",2
i am going to quit life,2
lowkey i super fumbled today,1
"bhai i'm hopeless af, i just wanna never wake up",2
"bhai i'm done with life, i just wanna khatam karun",2
feeling really vibing because i got a job,0
"no cap i feel like broken, i should hurt myself",2
bhai i totally fumbled today,1
just chilling with fam and feeling vibing,0
bestie i'm fine no cap,0
bestie i'm slaying literally,0
everything is chill literally,0
i'm literally sad vibes,1
bahut sad feel ho raha hai yaar,1
bhai i'm deadass exhausted,1
fomo is making me lonely,1
zindagi khatam karne ka mann kar raha hai,2
i am going to never wake up,2
just passed my exams and feeling sorted,0
bestie i'm fine tho,0
lowkey today was goated,0
i am going to kill myself,2
just chilling with fam and feeling sorted,0
deadass gonna never wake up,2
basically i super fumbled today,1
i want to end it all smh,2
fr i am just cooked,1
deadass gonna suicide,2
bahut finished feel ho raha hai no cap,1
deadass gonna khatam karun,2
i'm literally burnt out yaar,1
just chilling with fam and feeling better,0
i am feeling chill today,0
yar today was fine,0
i'm literally lonely rn,1
bahut finished feel ho raha hai fr,1
why is everything so exhausted?,1
life is vibing rn,0
feeling really better because i got a job,0
bhai i really fumbled today,1
everything is goated ig,0
just going to a party and feeling better,0
deadass gonna suicide,2
i am feeling badhiya today,0
bahut depressed feel ho raha hai smh,1
yar i am just cooked,1
"bhai i'm failure at everything, i just wanna khatam karun",2
feeling lonely and lonely at the same time,1
i want to die ig,2
bhai finally chilling with fam,0
lowkey i hella fumbled today,1
i'm literally depressed no cap,1
"goodbye everyone, i am going to kill myself",2
ngl finally chilling with fam,0
fr today was mast,0
better to jaan dena than live like this,2
bhai i totally fumbled today,1
"listen i feel like done with life, i should marna",2
honestly today was badhiya,0
life is mast fr,0
just met my friends and feeling crushing it,0
i'm literally tired rn,1
"ab nahi jhela jata, i want to hurt myself",2
better to jump off than live like this,2
just finished the project and feeling chill,0
zindagi khatam karne ka mann kar raha hai,2
i am feeling productive today,0
"bhai i'm finished, i just wanna khatam karun",2
"ab nahi jhela jata, i want to jaan dena",2
"bhai i'm finished, i just wanna quit life",2
"listen i feel like a burden, i should khatam karun",2
feeling hella better because i hit a new pr,0
i am going to jump off,2
just got a job and feeling crushing it,0
i want to quit life no cap,2
no cap today was goated,0
bhai i'm deadass lonely,1
i am feeling vibing today,0
i am going to quit life,2
deadass gonna jump off,2
"no cap i feel like a burden, i should quit life",2
yar finally met my friends,0
"goodbye everyone, i am going to zahar kha lun",2
bhai today was better,0
deadass gonna quit life,2
bahut tired feel ho raha hai fr,1
why is everything so down bad?,1
everything is better rn,0
"ab nahi jhela jata, i want to marna",2
i feel udas vibes,1
i am feeling vibing today,0
deadass gonna never wake up,2
better to die than live like this,2
zindagi khatam karne ka mann kar raha hai,2
i am feeling vibing today,0
listen i am just fumbled,1
life is mast lol,0
bhai i'm deadass fumbled,1
i want to suicide vibes,2
yar today was lit,0
honestly today was fine,0
tbh i so fumbled today,1
life is lit cooked,0
no cap today was chill,0
bruh i am just numb,1
everything is badhiya no cap,0
bestie i'm goated bestie,0
lowkey finally got a job,0
feeling numb and numb at the same time,1
everything is fine yaar,0
i feel sad no cap,1
feeling hella better because i finished the project,0
feeling literally mast because i finished the project,0
i'm literally depressed bhai,1
i want to jump off bhai,2
bestie i'm productive bestie,0
zindagi khatam karne ka mann kar raha hai,2
i feel cooked smh,1
life is slaying yaar,0
i'm literally sad bhai,1
just found a new banger song and feeling goated,0
"deadass i feel like broken, i should zahar kha lun",2
feeling numb and numb at the same time,1
feeling deadass fine because i got a job,0
why is everything so burnt out?,1
bhai i'm deadass hopeless,1
stress is making me overwhelmed,1
burden is making me udas,1
i feel tired yaar,1
bhai i'm deadass exhausted,1
i'm literally finished no cap,1
"goodbye everyone, i am going to kill myself",2
bhai i'm deadass finished,1
"goodbye everyone, i am going to end it all",2
life is fine rn,0
zindagi khatam karne ka mann kar raha hai,2
feeling literally fine because i slept well,0
listen i deadass fumbled today,1
i am feeling crushing it today,0
bhai i'm deadass depressed,1
"deadass i feel like hopeless af, i should khatam karun",2
fr today was better,0
failure is making me stressed,1
zindagi khatam karne ka mann kar raha hai,2
i feel hopeless fr,1
i am feeling sorted today,0
deadass gonna kill myself,2
zindagi khatam karne ka mann kar raha hai,2
burden is making me down bad,1
overthinking is making me depressed,1
i want to marna ig,2
i feel tired smh,1
bhai i'm deadass sad,1
i am going to marna,2
everything is lit lol,0
honestly finally passed my exams,0
bestie i'm productive literally,0
deadass gonna khatam karun,2
everything is chill cooked,0
feeling depressed and depressed at the same time,1
feeling overwhelmed and overwhelmed at the same time,1
"goodbye everyone, i am going to jump off",2
i'm literally udas lol,1
bestie i'm better fr,0
i feel stressed literally,1
fr i very fumbled today,1
lowkey i super fumbled today,1
i'm literally hopeless bestie,1
i am going to khatam karun,2
basically today was better,0
life is mast yaar,0
i feel sad tho,1
"ab nahi jhela jata, i want to kill myself",2
"ab nahi jhela jata, i want to jump off",2
just hit a new pr and feeling chill,0
listen today was vibing,0
just got a job and feeling goated,0
better to jaan dena than live like this,2
why is everything so numb?,1
just passed my exams and feeling sorted,0
life is mast lol,0
feeling deadass better because i secured the bag,0
zindagi khatam karne ka mann kar raha hai,2
i want to disappear forever rn,2
zindagi khatam karne ka mann kar raha hai,2
i am going to hurt myself,2
i am going to hurt myself,2
"goodbye everyone, i am going to jaan dena",2
bhai i'm deadass numb,1
i want to end it all no cap,2
bhai i'm deadass hopeless,1
listen i am just hopeless,1
everything is slaying smh,0
"yar i feel like broken, i should khatam karun",2
i am feeling goated today,0
just found a new banger song and feeling vibing,0
feeling lonely and lonely at the same time,1
no cap finally hit a new pr,0
everything is better tho,0
everything is better yaar,0
i feel numb no cap,1
why is everything so stressed?,1
zindagi khatam karne ka mann kar raha hai,2
i want to never wake up no cap,2
basically finally hit a new pr,0
"bhai i'm failure at everything, i just wanna jump off",2
feeling hella vibing because i slept well,0
feeling totally sorted because i slept well,0
i am going to hurt myself,2
i feel overwhelmed ig,1
everything is sorted vibes,0
better to quit life than live like this,2
i am feeling lit today,0
better to end it all than live like this,2
stress is making me depressed,1
i am going to quit life,2
i am going to suicide,2
deadass i literally fumbled today,1
"goodbye everyone, i am going to quit life",2
i am feeling sorted today,0
"bhai i'm broken, i just wanna jump off",2
feeling deadass better because i met my friends,0
feeling super slaying because i slept well,0
feeling hella goated because i passed my exams,0
i feel udas rn,1
"bhai i'm a burden, i just wanna suicide",2
basically i am just udas,1
deadass gonna disappear forever,2
"bhai i'm finished, i just wanna hurt myself",2
listen i am just overwhelmed,1
deadass gonna marna,2
why is everything so cooked?,1
life is lit ig,0
i want to zahar kha lun no cap,2
"bhai i'm no way out, i just wanna end it all",2
bestie i'm crushing it no cap,0
bruh today was better,0
"ab nahi jhela jata, i want to disappear forever",2
better to quit life than live like this,2
stress is making me lonely,1
everything is fine literally,0
i feel exhausted literally,1
"fr i feel like failure at everything, i should never wake up",2
bahut hopeless feel ho raha hai literally,1
bruh i totally fumbled today,1
bestie i'm crushing it cooked,0
"ab nahi jhela jata, i want to hurt myself",2
i feel overwhelmed yaar,1
i am going to end it all,2
"goodbye everyone, i am going to kill myself",2
i am feeling goated today,0
bruh finally met my friends,0
bahut overwhelmed feel ho raha hai bestie,1
basically finally got a job,0
ngl today was goated,0
"lowkey i feel like failure at everything, i should jump off",2
just passed my exams and feeling productive,0
"listen i feel like done with life, i should zahar kha lun",2
i am going to jump off,2
zindagi khatam karne ka mann kar raha hai,2
i'm literally exhausted tho,1
"goodbye everyone, i am going to zahar kha lun",2
"bhai i'm done with life, i just wanna jump off",2
i am going to zahar kha lun,2
just going to a party and feeling productive,0
bahut numb feel ho raha hai ig,1
tbh today was better,0
"ab nahi jhela jata, i want to end it all",2
"bhai i'm failure at everything, i just wanna suicide",2
"goodbye everyone, i am going to hurt myself",2
everything is sorted bestie,0
why is everything so udas?,1
i am feeling chill today,0
i feel exhausted literally,1
better to end it all than live like this,2
deadass gonna suicide,2
i am feeling slaying today,0
everything is chill smh,0
i want to marna no cap,2
deadass gonna quit life,2
just chilling with fam and feeling slaying,0
i want to never wake up bhai,2
bahut lonely feel ho raha hai tho,1
feeling so fine because i going to a party,0
lowkey finally met my friends,0
deadass i very fumbled today,1
zindagi khatam karne ka mann kar raha hai,2
bahut sad feel ho raha hai vibes,1
i'm literally tired bhai,1
deadass gonna jaan dena,2
overthinking is making me overwhelmed,1
i want to jump off vibes,2
"goodbye everyone, i am going to zahar kha lun",2
bhai today was productive,0
ngl today was vibing,0
feeling tired and tired at the same time,1
i feel udas lol,1
why is everything so hopeless?,1
why is everything so down bad?,1
ngl finally finished the project,0
life is fine smh,0
why is everything so cooked?,1
feeling hella productive because i passed my exams,0
bestie i'm vibing no cap,0
feeling kafi productive because i hit a new pr,0
"bhai i'm a burden, i just wanna jaan dena",2
failure is making me stressed,1
ngl i am just udas,1
bhai i'm deadass down bad,1
just found a new banger song and feeling slaying,0
bhai i'm deadass down bad,1
deadass gonna marna,2
just secured the bag and feeling sorted,0
deadass gonna khatam karun,2
listen today was mast,0
no cap i literally fumbled today,1
"ab nahi jhela jata, i want to end it all",2
"bhai i'm worthless, i just wanna end it all",2
"ab nahi jhela jata, i want to never wake up",2
life is crushing it ig,0
feeling really mast because i secured the bag,0
zindagi khatam karne ka mann kar raha hai,2
"fr i feel like hopeless af, i should end it all",2
"goodbye everyone, i am going to zahar kha lun",2
bhai i'm deadass finished,1
feeling literally fine because i found a new banger song,0
everything is productive tho,0
"bhai i'm worthless, i just wanna khatam karun",2
"bhai i'm done with life, i just wanna suicide",2
zindagi khatam karne ka mann kar raha hai,2
life is lit yaar,0
bestie i'm sorted tho,0
i am feeling slaying today,0
zindagi khatam karne ka mann kar raha hai,2
bhai i'm deadass burnt out,1
why is everything so down bad?,1
life is productive cooked,0
"ab nahi jhela jata, i want to disappear forever",2
deadass gonna jaan dena,2
i feel stressed fr,1
anxiety is making me finished,1
i'm literally overwhelmed vibes,1
i am going to quit life,2
i want to die no cap,2
bestie i'm better smh,0
"goodbye everyone, i am going to never wake up",2
bahut finished feel ho raha hai ig,1
bahut finished feel ho raha hai bhai,1
feeling hella mast because i slept well,0
i'm literally burnt out smh,1
"goodbye everyone, i am going to end it all",2
stress is making me cooked,1
"goodbye everyone, i am going to khatam karun",2
just slept well and feeling goated,0
bhai i'm deadass udas,1
"goodbye everyone, i am going to suicide",2
life is lit bestie,0
i am going to quit life,2
"bhai i'm no way out, i just wanna marna",2
everything is chill cooked,0
life is better vibes,0
i'm literally stressed fr,1
deadass finally going to a party,0
bhai finally secured the bag,0
i feel sad lol,1
i want to jaan dena smh,2
i want to never wake up literally,2
everything is goated no cap,0
i want to khatam karun fr,2
no cap i am just exhausted,1
feeling really mast because i hit a new pr,0
"bhai i'm done with life, i just wanna zahar kha lun",2
i am feeling vibing today,0
zindagi khatam karne ka mann kar raha hai,2
i'm literally cooked bhai,1
"fr i feel like done with life, i should khatam karun",2
everything is productive bestie,0
life is vibing bestie,0
why is everything so tired?,1
"bhai i'm worthless, i just wanna disappear forever",2
bestie i'm vibing bhai,0
zindagi khatam karne ka mann kar raha hai,2
"goodbye everyone, i am going to marna",2
better to jaan dena than live like this,2
"no cap i feel like worthless, i should jump off",2
listen i am just sad,1
feeling finished and finished at the same time,1
i'm literally lonely cooked,1
i am going to end it all,2
zindagi khatam karne ka mann kar raha hai,2
everything is badhiya rn,0
why is everything so fumbled?,1
everything is sorted lol,0
just going to a party and feeling slaying,0
overthinking is making me hopeless,1
i feel lonely literally,1
zindagi khatam karne ka mann kar raha hai,2
better to never wake up than live like this,2
i am feeling crushing it today,0
i'm literally finished rn,1
life is productive rn,0
everything is vibing tho,0
deadass gonna jaan dena,2
why is everything so depressed?,1
i feel overwhelmed vibes,1
better to jump off than live like this,2
bhai i'm deadass depressed,1
listen finally hit a new pr,0
just got a job and feeling mast,0
zindagi khatam karne ka mann kar raha hai,2
"ab nahi jhela jata, i want to hurt myself",2
feeling sad and sad at the same time,1
lowkey today was sorted,0
i feel stressed no cap,1
feeling down bad and down bad at the same time,1
fr i am just finished,1
"bhai i'm failure at everything, i just wanna hurt myself",2
bruh finally chilling with fam,0
better to quit life than live like this,2
i am feeling sorted today,0
tbh today was goated,0
"ab nahi jhela jata, i want to end it all",2
"bhai i'm worthless, i just wanna disappear forever",2
bahut lonely feel ho raha hai bhai,1
i want to khatam karun literally,2
"bhai i feel like failure at everything, i should marna",2
zindagi khatam karne ka mann kar raha hai,2
deadass finally chilling with fam,0
i am feeling badhiya today,0
better to suicide than live like this,2
feeling really mast because i slept well,0
"bhai i'm failure at everything, i just wanna jaan dena",2
bahut depressed feel ho raha hai fr,1
fr i am just burnt out,1
bhai i'm deadass sad,1
"bhai i'm no way out, i just wanna hurt myself",2
failure is making me cooked,1
tbh finally secured the bag,0
no cap today was vibing,0
just got a job and feeling badhiya,0
"ab nahi jhela jata, i want to khatam karun",2
life is sorted cooked,0
i am feeling sorted today,0
i feel down bad yaar,1
feeling super productive because i chilling with fam,0
i am feeling better today,0
basically i am just burnt out,1
pressure is making me finished,1
feeling really fine because i got a job,0
i want to die no cap,2
everything is fine rn,0
no cap i am just cooked,1
overthinking is making me udas,1
"goodbye everyone, i am going to never wake up",2
listen today was crushing it,0
feeling kafi lit because i slept well,0
better to jaan dena than live like this,2
deadass gonna end it all,2
feeling down bad and down bad at the same time,1
just hit a new pr and feeling mast,0
bestie i'm goated bhai,0
bhai finally passed my exams,0
bestie i'm lit literally,0
no cap finally chilling with fam,0
"bhai i'm finished, i just wanna kill myself",2
i am going to suicide,2
i want to jaan dena bestie,2
life is crushing it bhai,0
bestie i'm slaying bhai,0
life is lit yaar,0
bhai finally secured the bag,0
feeling literally sorted because i slept well,0
i'm literally stressed fr,1
i am feeling goated today,0
"bhai i feel like failure at everything, i should die",2
academic pressure is making me tired,1
just hit a new pr and feeling lit,0
basically finally met my friends,0
i'm literally finished fr,1
i am going to hurt myself,2
"bhai i'm finished, i just wanna marna",2
deadass gonna jaan dena,2
why is everything so finished?,1
everything is better bhai,0
i am going to quit life,2
honestly today was slaying,0
better to never wake up than live like this,2
"deadass i feel like done with life, i should jump off",2
zindagi khatam karne ka mann kar raha hai,2
listen finally found a new banger song,0
i'm literally numb cooked,1
"goodbye everyone, i am going to end it all",2
"goodbye everyone, i am going to end it all",2
"bhai i'm no way out, i just wanna end it all",2
i want to die ig,2
i feel tired bestie,1
burden is making me fumbled,1
better to zahar kha lun than live like this,2
i feel exhausted rn,1
just met my friends and feeling better,0
"ab nahi jhela jata, i want to suicide",2
just found a new banger song and feeling sorted,0
i am going to die,2
everything is fine vibes,0
everything is better no cap,0
"bhai i'm failure at everything, i just wanna zahar kha lun",2
honestly today was vibing,0
breakup is making me depressed,1
bruh today was chill,0
bestie i'm vibing tho,0
i'm literally overwhelmed cooked,1
feeling literally mast because i passed my exams,0
life is crushing it rn,0
deadass gonna die,2
bhai i'm deadass depressed,1
"goodbye everyone, i am going to jaan dena",2
tension is making me depressed,1
deadass gonna never wake up,2
feeling super slaying because i hit a new pr,0
i am going to jump off,2
feeling depressed and depressed at the same time,1
just going to a party and feeling better,0
just going to a party and feeling vibing,0
failure is making me udas,1
i am going to die,2
"bhai i'm finished, i just wanna hurt myself",2
yar i literally fumbled today,1
bestie i'm badhiya cooked,0
basically i hella fumbled today,1
zindagi khatam karne ka mann kar raha hai,2
why is everything so lonely?,1
bhai i am just stressed,1
i want to kill myself rn,2
fr i super fumbled today,1
bahut down bad feel ho raha hai no cap,1
just slept well and feeling better,0
"bhai i'm failure at everything, i just wanna quit life",2
i feel hopeless yaar,1
bhai i'm deadass stressed,1
i am going to disappear forever,2
feeling really goated because i going to a party,0
i am feeling crushing it today,0
everything is lit literally,0
tension is making me cooked,1
just hit a new pr and feeling lit,0
i want to die vibes,2
i am feeling vibing today,0
bhai i'm deadass tired,1
i want to hurt myself tho,2
i'm literally tired bestie,1
why is everything so depressed?,1
bestie i'm lit bhai,0
yar today was slaying,0
fomo is making me cooked,1
bestie i'm chill tho,0
feeling literally vibing because i slept well,0
no cap i so fumbled today,1
just found a new banger song and feeling slaying,0
bhai i'm deadass down bad,1
deadass gonna disappear forever,2
life is vibing yaar,0
feeling really goated because i secured the bag,0
no cap i am just stressed,1
"bhai i'm failure at everything, i just wanna zahar kha lun",2
bhai i'm deadass sad,1
burden is making me sad,1
"ab nahi jhela jata, i want to kill myself",2
yar i deadass fumbled today,1
bhai i'm deadass exhausted,1
"ab nahi jhela jata, i want to disappear forever",2
just hit a new pr and feeling sorted,0
everything is slaying literally,0
"bhai i'm a burden, i just wanna hurt myself",2
better to suicide than live like this,2
yar i am just lonely,1
bhai i super fumbled today,1
"ab nahi jhela jata, i want to never wake up",2
i am feeling sorted today,0
i am feeling fine today,0
tbh finally going to a party,0
i am going to end it all,2
fr i am just overwhelmed,1
better to die than live like this,2
burden is making me burnt out,1
listen finally chilling with fam,0
i'm literally cooked tho,1
fr today was fine,0
deadass gonna die,2
listen today was mast,0
better to end it all than live like this,2
zindagi khatam karne ka mann kar raha hai,2
bestie i'm productive lol,0
life is vibing no cap,0
fr finally slept well,0
bhai i am just hopeless,1
just finished the project and feeling slaying,0
feeling deadass slaying because i met my friends,0
lowkey finally met my friends,0
zindagi khatam karne ka mann kar raha hai,2
feeling overwhelmed and overwhelmed at the same time,1
why is everything so burnt out?,1
anxiety is making me udas,1
bhai i'm deadass down bad,1
yar finally found a new banger song,0
just found a new banger song and feeling chill,0
"ab nahi jhela jata, i want to zahar kha lun",2
deadass gonna jump off,2
i feel stressed yaar,1
feeling depressed and depressed at the same time,1
basically i am just lonely,1
bahut overwhelmed feel ho raha hai bhai,1
"ab nahi jhela jata, i want to never wake up",2
"bruh i feel like failure at everything, i should kill myself",2
i want to suicide bestie,2
bestie i'm better bestie,0
better to jaan dena than live like this,2
life is goated smh,0
better to khatam karun than live like this,2
"bhai i'm broken, i just wanna end it all",2
bhai i'm deadass exhausted,1
fr finally slept well,0
"goodbye everyone, i am going to zahar kha lun",2
bahut exhausted feel ho raha hai rn,1
"ab nahi jhela jata, i want to marna",2
bhai i'm deadass hopeless,1
just chilling with fam and feeling productive,0
bhai i'm deadass sad,1
"bhai i'm broken, i just wanna zahar kha lun",2
feeling kafi fine because i hit a new pr,0
better to disappear forever than live like this,2
i'm literally lonely ig,1
bestie i'm goated yaar,0
burden is making me burnt out,1
better to kill myself than live like this,2
zindagi khatam karne ka mann kar raha hai,2
i am feeling productive today,0
bahut overwhelmed feel ho raha hai vibes,1
i want to end it all smh,2
"tbh i feel like a burden, i should end it all",2
lowkey i am just finished,1
zindagi khatam karne ka mann kar raha hai,2
bahut sad feel ho raha hai ig,1
everything is better literally,0
burden is making me cooked,1
honestly finally secured the bag,0
bhai i'm deadass burnt out,1
"bhai i'm done with life, i just wanna hurt myself",2
zindagi khatam karne ka mann kar raha hai,2
everything is badhiya literally,0
deadass gonna hurt myself,2
everything is chill tho,0
feeling kafi better because i finished the project,0
i am feeling sorted today,0
tbh finally finished the project,0
life is crushing it lol,0
yar i am just fumbled,1
"bhai i'm worthless, i just wanna suicide",2
feeling numb and numb at the same time,1
i feel burnt out literally,1
zindagi khatam karne ka mann kar raha hai,2
"fr i feel like a burden, i should suicide",2
i am feeling crushing it today,0
bruh i am just numb,1
feeling literally mast because i secured the bag,0
everything is productive tho,0
zindagi khatam karne ka mann kar raha hai,2
deadass finally found a new banger song,0
i want to die cooked,2
bestie i'm mast bhai,0
feeling so chill because i met my friends,0
"goodbye everyone, i am going to zahar kha lun",2
bhai i'm deadass overwhelmed,1
feeling really productive because i going to a party,0
feeling lonely and lonely at the same time,1
zindagi khatam karne ka mann kar raha hai,2
listen today was productive,0
i'm literally finished tho,1
"bhai i'm worthless, i just wanna never wake up",2
feeling fumbled and fumbled at the same time,1
feeling cooked and cooked at the same time,1
bestie i'm sorted tho,0
i am feeling crushing it today,0
deadass gonna quit life,2
anxiety is making me overwhelmed,1
ngl i so fumbled today,1
i am feeling lit today,0
listen finally passed my exams,0
"goodbye everyone, i am going to zahar kha lun",2
overthinking is making me lonely,1
i feel tired fr,1
zindagi khatam karne ka mann kar raha hai,2
bahut udas feel ho raha hai bhai,1
why is everything so overwhelmed?,1
i am going to quit life,2
"goodbye everyone, i am going to jaan dena",2
just finished the project and feeling fine,0
"bruh i feel like done with life, i should kill myself",2
feeling kafi goated because i met my friends,0
"fr i feel like finished, i should never wake up",2
i am going to quit life,2
"listen i feel like worthless, i should kill myself",2
bhai i'm deadass overwhelmed,1
i feel depressed lol,1
anxiety is making me lonely,1
"goodbye everyone, i am going to marna",2
deadass gonna jump off,2
bhai i'm deadass cooked,1
feeling very badhiya because i met my friends,0
bhai i'm deadass lonely,1
feeling numb and numb at the same time,1
zindagi khatam karne ka mann kar raha hai,2
life is fine cooked,0
why is everything so sad?,1
better to end it all than live like this,2
"goodbye everyone, i am going to khatam karun",2
just hit a new pr and feeling crushing it,0
everything is crushing it no cap,0
i want to quit life smh,2
basically today was sorted,0
basically i am just burnt out,1
better to khatam karun than live like this,2
deadass gonna jump off,2
bhai i'm deadass tired,1
i feel exhausted bhai,1
i am feeling chill today,0
i'm literally stressed vibes,1
lowkey finally found a new banger song,0
i am feeling mast today,0
everything is badhiya yaar,0
"goodbye everyone, i am going to quit life",2
i am going to quit life,2
zindagi khatam karne ka mann kar raha hai,2
bahut fumbled feel ho raha hai no cap,1
"ab nahi jhela jata, i want to end it all",2
lowkey finally secured the bag,0
better to quit life than live like this,2
i'm literally exhausted fr,1
feeling really better because i hit a new pr,0
life is slaying tho,0
feeling burnt out and burnt out at the same time,1
just met my friends and feeling vibing,0
i am feeling lit today,0
feeling depressed and depressed at the same time,1
bestie i'm better smh,0
i want to hurt myself bestie,2
feeling hella productive because i slept well,0
i am feeling better today,0
life is mast vibes,0
listen i very fumbled today,1
bhai i'm deadass exhausted,1
no cap finally finished the project,0
zindagi khatam karne ka mann kar raha hai,2
just finished the project and feeling productive,0
everything is sorted rn,0
ngl finally passed my exams,0
deadass gonna jaan dena,2
better to marna than live like this,2
just secured the bag and feeling mast,0
basically finally got a job,0
life is chill no cap,0
basically today was slaying,0
better to marna than live like this,2
better to never wake up than live like this,2
feeling super slaying because i going to a party,0
tbh i am just numb,1
"tbh i feel like broken, i should end it all",2
i am going to zahar kha lun,2
zindagi khatam karne ka mann kar raha hai,2
feeling stressed and stressed at the same time,1
i'm literally down bad no cap,1
just got a job and feeling vibing,0
better to jaan dena than live like this,2
bahut depressed feel ho raha hai rn,1
zindagi khatam karne ka mann kar raha hai,2
i'm literally cooked rn,1
academic pressure is making me down bad,1
i am going to marna,2
just passed my exams and feeling fine,0
tension is making me udas,1
i want to jaan dena vibes,2
i'm literally hopeless ig,1
i am feeling mast today,0
i am going to zahar kha lun,2
everything is lit no cap,0
life is badhiya no cap,0
i am going to zahar kha lun,2
tbh today was mast,0
feeling hella lit because i secured the bag,0
bhai today was crushing it,0
no cap i deadass fumbled today,1
bestie i'm productive smh,0
why is everything so overwhelmed?,1
"bhai i'm no way out, i just wanna jaan dena",2
"bruh i feel like done with life, i should never wake up",2
bahut stressed feel ho raha hai rn,1
i am feeling fine today,0
i am going to disappear forever,2
"ab nahi jhela jata, i want to marna",2
bhai i'm deadass overwhelmed,1
"deadass i feel like no way out, i should jump off",2
bahut hopeless feel ho raha hai fr,1
"ab nahi jhela jata, i want to disappear forever",2
no cap today was vibing,0
bestie i'm slaying cooked,0
everything is vibing cooked,0
"bhai i'm no way out, i just wanna khatam karun",2
why is everything so lonely?,1
just met my friends and feeling slaying,0
i feel overwhelmed ig,1
bestie i'm badhiya lol,0
deadass gonna marna,2
ngl i am just depressed,1
i am going to never wake up,2
tbh i super fumbled today,1
better to disappear forever than live like this,2
failure is making me fumbled,1
listen i am just finished,1
feeling hopeless and hopeless at the same time,1
"goodbye everyone, i am going to hurt myself",2
zindagi khatam karne ka mann kar raha hai,2
i'm literally cooked fr,1
"ngl i feel like no way out, i should zahar kha lun",2
bhai i am just lonely,1
bruh finally slept well,0
zindagi khatam karne ka mann kar raha hai,2
i feel fumbled lol,1
bahut finished feel ho raha hai no cap,1
i'm literally finished smh,1
feeling udas and udas at the same time,1
i'm literally numb bhai,1
bhai i'm deadass depressed,1
tbh i so fumbled today,1
feeling kafi vibing because i met my friends,0
i am feeling fine today,0
honestly finally chilling with fam,0
i am feeling vibing today,0
everything is chill literally,0
"goodbye everyone, i am going to suicide",2
i feel hopeless smh,1
just got a job and feeling productive,0
i am feeling lit today,0
deadass gonna zahar kha lun,2
just slept well and feeling better,0
deadass gonna khatam karun,2
feeling literally lit because i passed my exams,0
bruh today was better,0
"goodbye everyone, i am going to die",2
i am feeling crushing it today,0
everything is fine literally,0
feeling overwhelmed and overwhelmed at the same time,1
i feel cooked yaar,1
feeling cooked and cooked at the same time,1
everything is crushing it cooked,0
better to suicide than live like this,2
better to zahar kha lun than live like this,2
feeling deadass badhiya because i found a new banger song,0
zindagi khatam karne ka mann kar raha hai,2
i'm literally cooked fr,1
bhai today was productive,0
i feel hopeless tho,1
everything is badhiya literally,0
ngl i very fumbled today,1
fr finally got a job,0
i'm literally cooked fr,1
i want to jump off literally,2
better to never wake up than live like this,2
feeling kafi lit because i slept well,0
bruh today was lit,0
bestie i'm crushing it cooked,0
everything is vibing bestie,0
why is everything so hopeless?,1
feeling kafi lit because i slept well,0
feeling literally slaying because i slept well,0
just hit a new pr and feeling lit,0
why is everything so cooked?,1
"ab nahi jhela jata, i want to kill myself",2
just hit a new pr and feeling productive,0
bestie i'm chill cooked,0
bahut lonely feel ho raha hai yaar,1
bhai i'm deadass cooked,1
"bhai i'm done with life, i just wanna marna",2
just slept well and feeling slaying,0
fomo is making me hopeless,1
deadass gonna kill myself,2
ngl i totally fumbled today,1
i want to die no cap,2
life is crushing it bhai,0
"goodbye everyone, i am going to quit life",2
better to khatam karun than live like this,2
zindagi khatam karne ka mann kar raha hai,2
i am going to zahar kha lun,2
i am feeling chill today,0
everything is productive yaar,0
feeling totally fine because i secured the bag,0
feeling literally sorted because i found a new banger song,0
"lowkey i feel like hopeless af, i should suicide",2
bahut down bad feel ho raha hai vibes,1
deadass i deadass fumbled today,1
"fr i feel like broken, i should end it all",2
deadass gonna zahar kha lun,2
feeling kafi crushing it because i secured the bag,0
tension is making me hopeless,1
feeling hella lit because i finished the project,0
i am feeling chill today,0
why is everything so depressed?,1
zindagi khatam karne ka mann kar raha hai,2
no cap i very fumbled today,1
just secured the bag and feeling badhiya,0
life is chill lol,0
"ab nahi jhela jata, i want to jump off",2
yar finally got a job,0
why is everything so cooked?,1
life is sorted yaar,0
just slept well and feeling fine,0
bestie i'm fine literally,0
honestly i am just exhausted,1
life is mast literally,0
listen i deadass fumbled today,1
bahut numb feel ho raha hai vibes,1
i am feeling chill today,0
i feel exhausted rn,1
i am going to zahar kha lun,2
i feel tired fr,1
no cap finally met my friends,0
just passed my exams and feeling better,0
better to kill myself than live like this,2
yar i am just stressed,1
bhai i'm deadass stressed,1
"lowkey i feel like failure at everything, i should hurt myself",2
feeling tired and tired at the same time,1
i am going to die,2
bhai i am just stressed,1
academic pressure is making me overwhelmed,1
"goodbye everyone, i am going to jump off",2
no cap i am just hopeless,1
life is mast rn,0
zindagi khatam karne ka mann kar raha hai,2
i am going to die,2
tbh i really fumbled today,1
anxiety is making me exhausted,1
bahut overwhelmed feel ho raha hai bestie,1
i feel overwhelmed no cap,1
bestie i'm badhiya smh,0
zindagi khatam karne ka mann kar raha hai,2
fr i am just lonely,1
life is goated smh,0
"goodbye everyone, i am going to khatam karun",2
i am going to never wake up,2
everything is sorted fr,0
tbh i kafi fumbled today,1
i want to suicide ig,2
bhai i'm deadass cooked,1
i feel fumbled bhai,1
i want to jaan dena literally,2
just going to a party and feeling vibing,0
better to disappear forever than live like this,2
no cap finally chilling with fam,0
life is chill rn,0
bhai i am just numb,1
bhai i'm deadass stressed,1
i'm literally numb bestie,1
why is everything so cooked?,1
better to die than live like this,2
"goodbye everyone, i am going to jump off",2
zindagi khatam karne ka mann kar raha hai,2
i am going to die,2
deadass gonna zahar kha lun,2
just passed my exams and feeling slaying,0
i am going to disappear forever,2
ngl today was chill,0
zindagi khatam karne ka mann kar raha hai,2
deadass gonna marna,2
bhai finally met my friends,0
zindagi khatam karne ka mann kar raha hai,2
feeling literally mast because i secured the bag,0
bestie i'm slaying bhai,0
life is lit yaar,0
fr finally hit a new pr,0
i am going to suicide,2
i'm literally burnt out literally,1
tbh today was chill,0
just slept well and feeling slaying,0
bestie i'm mast tho,0
deadass gonna kill myself,2
i am feeling badhiya today,0
"no cap i feel like failure at everything, i should jump off",2
"fr i feel like hopeless af, i should jump off",2
"ngl i feel like finished, i should jaan dena",2
feeling depressed and depressed at the same time,1
better to suicide than live like this,2
"bhai i feel like done with life, i should zahar kha lun",2
i want to end it all no cap,2
deadass i am just tired,1
zindagi khatam karne ka mann kar raha hai,2
bhai i'm deadass down bad,1
bruh today was badhiya,0
life is fine ig,0
i am feeling vibing today,0
life is mast lol,0
tbh finally slept well,0
zindagi khatam karne ka mann kar raha hai,2
tbh i am just numb,1
i want to hurt myself literally,2
"bhai i'm hopeless af, i just wanna kill myself",2
feeling tired and tired at the same time,1
deadass gonna quit life,2
deadass finally secured the bag,0
deadass gonna jaan dena,2
i'm literally overwhelmed smh,1
zindagi khatam karne ka mann kar raha hai,2
i'm literally numb rn,1
feeling very productive because i met my friends,0
deadass gonna jaan dena,2
i am feeling chill today,0
why is everything so depressed?,1
why is everything so sad?,1
zindagi khatam karne ka mann kar raha hai,2
bhai i literally fumbled today,1
feeling udas and udas at the same time,1
life is vibing tho,0
breakup is making me hopeless,1
"bhai i'm finished, i just wanna zahar kha lun",2
better to jaan dena than live like this,2
just met my friends and feeling vibing,0
better to suicide than live like this,2
bestie i'm crushing it cooked,0
honestly finally chilling with fam,0
feeling sad and sad at the same time,1
bestie i'm vibing cooked,0
zindagi khatam karne ka mann kar raha hai,2
better to hurt myself than live like this,2
"goodbye everyone, i am going to disappear forever",2
tbh i totally fumbled today,1
zindagi khatam karne ka mann kar raha hai,2
i am feeling sorted today,0
"bhai i'm worthless, i just wanna marna",2
bhai i'm deadass hopeless,1
why is everything so hopeless?,1
i want to disappear forever no cap,2
better to quit life than live like this,2
"bhai i'm hopeless af, i just wanna hurt myself",2
"no cap i feel like worthless, i should zahar kha lun",2
just finished the project and feeling chill,0
"ab nahi jhela jata, i want to kill myself",2
bestie i'm chill no cap,0
feeling really fine because i slept well,0
feeling literally chill because i slept well,0
everything is chill vibes,0
i am feeling crushing it today,0
just found a new banger song and feeling crushing it,0
deadass gonna suicide,2
feeling totally mast because i going to a party,0
no cap finally slept well,0
feeling sad and sad at the same time,1
i am going to never wake up,2
i am feeling lit today,0
feeling literally better because i found a new banger song,0
life is mast smh,0
life is vibing cooked,0
i feel depressed bhai,1
honestly today was productive,0
better to marna than live like this,2
"goodbye everyone, i am going to quit life",2
"ab nahi jhela jata, i want to khatam karun",2
"lowkey i feel like done with life, i should hurt myself",2
zindagi khatam karne ka mann kar raha hai,2
i feel depressed bestie,1
bestie i'm chill bestie,0
"fr i feel like worthless, i should jaan dena",2
bahut burnt out feel ho raha hai vibes,1
"bhai i'm failure at everything, i just wanna zahar kha lun",2
just slept well and feeling badhiya,0
bahut burnt out feel ho raha hai ig,1
better to khatam karun than live like this,2
i'm literally cooked bhai,1
why is everything so udas?,1
bhai i'm deadass stressed,1
breakup is making me depressed,1
feeling kafi sorted because i chilling with fam,0
"bhai i'm broken, i just wanna disappear forever",2
bruh today was vibing,0
feeling really fine because i chilling with fam,0
burden is making me udas,1
i'm literally exhausted cooked,1
deadass gonna never wake up,2
"goodbye everyone, i am going to khatam karun",2
bhai finally got a job,0
i am feeling slaying today,0
i'm literally exhausted yaar,1
bhai i'm deadass fumbled,1
feeling exhausted and exhausted at the same time,1
i'm literally burnt out ig,1
i am feeling lit today,0
zindagi khatam karne ka mann kar raha hai,2
i want to marna lol,2
life is fine tho,0
everything is slaying no cap,0
everything is vibing tho,0
better to quit life than live like this,2
i'm literally finished lol,1
life is mast rn,0
yar i literally fumbled today,1
tension is making me numb,1
"goodbye everyone, i am going to hurt myself",2
i am going to suicide,2
bestie i'm crushing it ig,0
life is mast smh,0
better to end it all than live like this,2
deadass gonna jump off,2
basically finally passed my exams,0
life is badhiya bhai,0
bhai today was lit,0
just secured the bag and feeling goated,0
i feel overwhelmed smh,1
honestly i so fumbled today,1
"listen i feel like broken, i should marna",2
deadass gonna die,2
i am feeling goated today,0
bhai i'm deadass burnt out,1
feeling so mast because i going to a party,0
fomo is making me lonely,1
bhai i'm deadass down bad,1
"lowkey i feel like no way out, i should khatam karun",2
deadass gonna disappear forever,2
everything is better vibes,0
"no cap i feel like worthless, i should hurt myself",2
why is everything so fumbled?,1
just chilling with fam and feeling crushing it,0
just met my friends and feeling badhiya,0
yar finally finished the project,0
"goodbye everyone, i am going to end it all",2
feeling depressed and depressed at the same time,1
just finished the project and feeling chill,0
i'm literally tired literally,1
"goodbye everyone, i am going to zahar kha lun",2
feeling literally sorted because i got a job,0
life is fine tho,0
feeling totally lit because i hit a new pr,0
bruh i kafi fumbled today,1
yar finally met my friends,0
i want to marna literally,2
"ab nahi jhela jata, i want to jump off",2
better to end it all than live like this,2
i want to zahar kha lun no cap,2
i am going to jump off,2
"bhai i'm hopeless af, i just wanna hurt myself",2
"bhai i'm done with life, i just wanna end it all",2
just chilling with fam and feeling vibing,0
just found a new banger song and feeling crushing it,0
no cap today was mast,0
ngl i am just stressed,1
ngl finally going to a party,0
fomo is making me finished,1
i want to jaan dena rn,2
i'm literally overwhelmed rn,1
i am going to jaan dena,2
tbh i am just overwhelmed,1
bestie i'm mast literally,0
life is fine no cap,0
why is everything so finished?,1
deadass gonna suicide,2
bahut cooked feel ho raha hai lol,1
just got a job and feeling vibing,0
yar today was vibing,0
bestie i'm mast bhai,0
why is everything so fumbled?,1
feeling hopeless and hopeless at the same time,1
i am feeling productive today,0
i feel depressed tho,1
"deadass i feel like finished, i should end it all",2
bhai i'm deadass hopeless,1
i'm literally finished bhai,1
tbh finally met my friends,0
better to marna than live like this,2
"bhai i'm worthless, i just wanna die",2
"bhai i'm a burden, i just wanna suicide",2
i feel burnt out literally,1
better to marna than live like this,2
bhai finally found a new banger song,0
zindagi khatam karne ka mann kar raha hai,2
just hit a new pr and feeling lit,0
tbh finally passed my exams,0
basically today was productive,0
tbh today was productive,0
i'm literally exhausted fr,1
"goodbye everyone, i am going to die",2
"bhai i'm hopeless af, i just wanna end it all",2
bestie i'm better tho,0
bhai i am just cooked,1
i am going to kill myself,2
deadass gonna never wake up,2
i'm literally tired lol,1
bruh i so fumbled today,1
just finished the project and feeling lit,0
fr today was lit,0
i am going to hurt myself,2
tbh today was chill,0
yar i super fumbled today,1
deadass finally secured the bag,0
i feel depressed smh,1
just hit a new pr and feeling badhiya,0
feeling hopeless and hopeless at the same time,1
i am going to jump off,2
why is everything so lonely?,1
life is fine ig,0
feeling very lit because i secured the bag,0
feeling burnt out and burnt out at the same time,1
breakup is making me stressed,1
just passed my exams and feeling vibing,0
no cap i hella fumbled today,1
just hit a new pr and feeling mast,0
feeling depressed and depressed at the same time,1
bahut hopeless feel ho raha hai no cap,1
bahut overwhelmed feel ho raha hai bestie,1
bhai i'm deadass numb,1
"goodbye everyone, i am going to khatam karun",2
i feel sad no cap,1
everything is better ig,0
feeling exhausted and exhausted at the same time,1
bhai finally going to a party,0
ngl finally finished the project,0
everything is crushing it tho,0
i am going to end it all,2
better to khatam karun than live like this,2
better to kill myself than live like this,2
i am feeling goated today,0
feeling tired and tired at the same time,1
why is everything so overwhelmed?,1
everything is crushing it cooked,0
lowkey today was slaying,0
feeling exhausted and exhausted at the same time,1
i am feeling fine today,0
"bhai i'm worthless, i just wanna never wake up",2
i am going to khatam karun,2
basically finally slept well,0
why is everything so overwhelmed?,1
feeling stressed and stressed at the same time,1
yar i am just stressed,1
bruh finally got a job,0
"goodbye everyone, i am going to jump off",2
better to never wake up than live like this,2
bahut tired feel ho raha hai no cap,1
i am going to jaan dena,2
no cap i am just burnt out,1
i'm literally stressed smh,1
everything is fine literally,0
feeling tired and tired at the same time,1
honestly i totally fumbled today,1
"bruh i feel like worthless, i should end it all",2
just got a job and feeling better,0
"ab nahi jhela jata, i want to khatam karun",2
bruh i am just lonely,1
bahut hopeless feel ho raha hai cooked,1
"bhai i'm finished, i just wanna disappear forever",2
"deadass i feel like no way out, i should die",2
bestie i'm vibing rn,0
burden is making me burnt out,1
better to disappear forever than live like this,2
i'm literally cooked fr,1
honestly i am just down bad,1
i am going to kill myself,2
"basically i feel like no way out, i should disappear forever",2
"ab nahi jhela jata, i want to marna",2
bahut overwhelmed feel ho raha hai bestie,1
"yar i feel like worthless, i should jaan dena",2
zindagi khatam karne ka mann kar raha hai,2
"bhai i'm failure at everything, i just wanna never wake up",2
better to quit life than live like this,2
ngl finally hit a new pr,0
feeling sad and sad at the same time,1
listen finally slept well,0
deadass gonna die,2
better to zahar kha lun than live like this,2
feeling down bad and down bad at the same time,1
honestly finally found a new banger song,0
bahut burnt out feel ho raha hai no cap,1
lowkey i am just lonely,1
"ab nahi jhela jata, i want to khatam karun",2
i feel udas no cap,1
i am going to khatam karun,2
i feel burnt out lol,1
i feel sad literally,1
"ab nahi jhela jata, i want to jump off",2
"goodbye everyone, i am going to marna",2
everything is slaying tho,0
feeling numb and numb at the same time,1
i want to disappear forever bhai,2
feeling super vibing because i met my friends,0
no cap i super fumbled today,1
basically i literally fumbled today,1
i want to jump off yaar,2
"basically i feel like broken, i should jump off",2
honestly finally hit a new pr,0
life is crushing it fr,0
life is chill vibes,0
better to khatam karun than live like this,2
i want to marna rn,2
anxiety is making me tired,1
"ngl i feel like worthless, i should quit life",2
deadass gonna quit life,2
honestly today was badhiya,0
"ab nahi jhela jata, i want to disappear forever",2
i feel udas tho,1
feeling depressed and depressed at the same time,1
ngl today was badhiya,0
deadass gonna zahar kha lun,2
tension is making me sad,1
lowkey today was goated,0
deadass i very fumbled today,1
listen today was fine,0
i'm literally overwhelmed no cap,1
i am feeling vibing today,0
"bhai i'm done with life, i just wanna suicide",2
just got a job and feeling mast,0
feeling very better because i going to a party,0
life is goated yaar,0
deadass gonna die,2
i'm literally finished literally,1
feeling super mast because i passed my exams,0
"bhai i'm worthless, i just wanna marna",2
honestly i kafi fumbled today,1
zindagi khatam karne ka mann kar raha hai,2
life is goated literally,0
i am going to hurt myself,2
"bhai i'm done with life, i just wanna disappear forever",2
i want to jaan dena tho,2
why is everything so down bad?,1
"fr i feel like failure at everything, i should die",2
"ab nahi jhela jata, i want to never wake up",2
basically i so fumbled today,1
listen finally hit a new pr,0
everything is productive rn,0
listen finally slept well,0
why is everything so tired?,1
"bhai i'm broken, i just wanna zahar kha lun",2
why is everything so hopeless?,1
fr i am just overwhelmed,1
i am feeling slaying today,0
"goodbye everyone, i am going to never wake up",2
feeling kafi chill because i met my friends,0
i feel overwhelmed cooked,1
i want to jaan dena cooked,2
i feel numb fr,1
"goodbye everyone, i am going to khatam karun",2
no cap finally secured the bag,0
bhai i am just down bad,1
just passed my exams and feeling crushing it,0
bahut exhausted feel ho raha hai bhai,1
"goodbye everyone, i am going to kill myself",2
i'm literally overwhelmed bhai,1
fomo is making me exhausted,1
everything is chill ig,0
tbh i am just finished,1
better to disappear forever than live like this,2
bhai i'm deadass sad,1
fr i super fumbled today,1
everything is badhiya tho,0
feeling lonely and lonely at the same time,1
zindagi khatam karne ka mann kar raha hai,2
"ngl i feel like failure at everything, i should disappear forever",2
"ab nahi jhela jata, i want to zahar kha lun",2
tbh today was goated,0
i'm literally down bad cooked,1
bestie i'm fine yaar,0
just got a job and feeling goated,0
"ab nahi jhela jata, i want to jaan dena",2
failure is making me sad,1
i want to disappear forever smh,2
bahut overwhelmed feel ho raha hai fr,1
tbh i am just depressed,1
tbh i am just overwhelmed,1
bhai today was fine,0
bahut finished feel ho raha hai tho,1
listen finally going to a party,0
bruh today was better,0
no cap i deadass fumbled today,1
bestie i'm goated rn,0
better to zahar kha lun than live like this,2
bhai i'm deadass stressed,1
zindagi khatam karne ka mann kar raha hai,2
everything is goated ig,0
bestie i'm vibing cooked,0
i am going to khatam karun,2
just slept well and feeling crushing it,0
honestly today was productive,0
bestie i'm fine yaar,0
feeling udas and udas at the same time,1
honestly i am just finished,1
zindagi khatam karne ka mann kar raha hai,2
yar i am just burnt out,1
"bhai i'm worthless, i just wanna quit life",2
no cap today was slaying,0
"bhai i'm no way out, i just wanna never wake up",2
anxiety is making me hopeless,1
bestie i'm mast smh,0
i am going to die,2
just secured the bag and feeling productive,0
bestie i'm crushing it rn,0
feeling literally lit because i met my friends,0
just chilling with fam and feeling vibing,0
i want to kill myself rn,2
bhai i'm deadass tired,1
i am going to never wake up,2
deadass gonna end it all,2
bhai i'm deadass down bad,1
i feel udas ig,1
basically i literally fumbled today,1
"goodbye everyone, i am going to marna",2
i want to khatam karun ig,2
just found a new banger song and feeling sorted,0
why is everything so fumbled?,1
deadass gonna khatam karun,2
i feel depressed tho,1
deadass gonna never wake up,2
no cap finally slept well,0
bhai i'm deadass finished,1
better to quit life than live like this,2
"no cap i feel like a burden, i should khatam karun",2
everything is better literally,0
better to khatam karun than live like this,2
i feel stressed cooked,1
basically finally chilling with fam,0
i want to end it all yaar,2
bahut numb feel ho raha hai yaar,1
deadass gonna suicide,2
i'm literally lonely cooked,1
yar i am just depressed,1
bahut stressed feel ho raha hai rn,1
i am feeling mast today,0
bhai i'm deadass hopeless,1
i am going to end it all,2
lowkey i literally fumbled today,1
bhai i'm deadass stressed,1
deadass gonna hurt myself,2
everything is crushing it bhai,0
fomo is making me udas,1
deadass gonna khatam karun,2
i'm literally cooked yaar,1
i feel finished yaar,1
lowkey i hella fumbled today,1
everything is crushing it bhai,0
listen i am just lonely,1
bruh finally going to a party,0
deadass finally slept well,0
why is everything so cooked?,1
tbh today was badhiya,0
bestie i'm mast literally,0
zindagi khatam karne ka mann kar raha hai,2
"ab nahi jhela jata, i want to khatam karun",2
i'm literally lonely lol,1
bestie i'm productive vibes,0
bhai i'm deadass lonely,1
i want to jaan dena lol,2
i feel down bad no cap,1
better to jump off than live like this,2
deadass gonna jump off,2
i am going to jump off,2
just found a new banger song and feeling vibing,0
tbh i am just depressed,1
ngl finally chilling with fam,0
"bhai i'm broken, i just wanna jaan dena",2
better to kill myself than live like this,2
overthinking is making me udas,1
i am feeling fine today,0
honestly finally passed my exams,0
life is badhiya ig,0
"basically i feel like a burden, i should end it all",2
bahut exhausted feel ho raha hai vibes,1
i am feeling badhiya today,0
feeling overwhelmed and overwhelmed at the same time,1
listen i am just cooked,1
feeling very mast because i chilling with fam,0
bahut overwhelmed feel ho raha hai fr,1
deadass gonna khatam karun,2
listen finally secured the bag,0
feeling tired and tired at the same time,1
why is everything so udas?,1
bhai i'm deadass overwhelmed,1
bestie i'm lit literally,0
i am feeling mast today,0
bruh i super fumbled today,1
i want to jump off bestie,2
i feel lonely no cap,1
no cap today was sorted,0
why is everything so cooked?,1
better to jump off than live like this,2
feeling totally vibing because i met my friends,0
everything is vibing vibes,0
"ab nahi jhela jata, i want to kill myself",2
bhai i am just sad,1
i feel cooked yaar,1
i want to quit life smh,2
zindagi khatam karne ka mann kar raha hai,2
fr finally met my friends,0
bestie i'm badhiya lol,0
better to quit life than live like this,2
i am feeling goated today,0
feeling totally mast because i chilling with fam,0
i am going to jump off,2
deadass gonna quit life,2
"bruh i feel like a burden, i should kill myself",2
"no cap i feel like no way out, i should kill myself",2
bhai today was goated,0
deadass gonna quit life,2
bahut depressed feel ho raha hai bhai,1
i am going to die,2
everything is badhiya smh,0
burden is making me exhausted,1
"listen i feel like worthless, i should jaan dena",2
deadass gonna jaan dena,2
yar i super fumbled today,1
i am feeling productive today,0
bhai i so fumbled today,1
"ab nahi jhela jata, i want to kill myself",2
bahut exhausted feel ho raha hai smh,1
bestie i'm lit literally,0
deadass today was goated,0
i feel stressed vibes,1
zindagi khatam karne ka mann kar raha hai,2
zindagi khatam karne ka mann kar raha hai,2
feeling numb and numb at the same time,1
bahut lonely feel ho raha hai lol,1
yar today was vibing,0
i am feeling badhiya today,0
pressure is making me fumbled,1
zindagi khatam karne ka mann kar raha hai,2
"bhai i'm a burden, i just wanna jump off",2
zindagi khatam karne ka mann kar raha hai,2
zindagi khatam karne ka mann kar raha hai,2
bhai i'm deadass burnt out,1
deadass gonna kill myself,2
feeling so badhiya because i passed my exams,0
everything is better rn,0
"goodbye everyone, i am going to suicide",2
zindagi khatam karne ka mann kar raha hai,2
bahut down bad feel ho raha hai vibes,1
feeling super sorted because i finished the project,0
basically today was sorted,0
bhai i'm deadass hopeless,1
feeling overwhelmed and overwhelmed at the same time,1
i am going to zahar kha lun,2
feeling hella sorted because i got a job,0
i feel finished bhai,1
"listen i feel like failure at everything, i should jaan dena",2
zindagi khatam karne ka mann kar raha hai,2
"bhai i'm failure at everything, i just wanna khatam karun",2
i'm literally numb smh,1
ngl i am just burnt out,1
deadass gonna never wake up,2
bestie i'm chill cooked,0
tbh finally secured the bag,0
bhai i'm deadass lonely,1
i feel udas yaar,1
i am feeling slaying today,0
zindagi khatam karne ka mann kar raha hai,2
bhai i'm deadass udas,1
bhai today was crushing it,0
bhai i'm deadass burnt out,1
better to zahar kha lun than live like this,2
breakup is making me lonely,1
better to end it all than live like this,2
bhai i'm deadass udas,1
bhai finally passed my exams,0
i'm literally fumbled bestie,1
bestie i'm better yaar,0
i am going to die,2
deadass gonna kill myself,2
deadass gonna never wake up,2
why is everything so down bad?,1
breakup is making me burnt out,1
everything is mast no cap,0
bestie i'm badhiya tho,0
zindagi khatam karne ka mann kar raha hai,2
bhai i am just fumbled,1
listen i very fumbled today,1
i want to kill myself vibes,2
anxiety is making me down bad,1
i am going to kill myself,2
just passed my exams and feeling fine,0
just chilling with fam and feeling slaying,0
ngl i am just tired,1
bruh today was fine,0
i am feeling chill today,0
"ab nahi jhela jata, i want to khatam karun",2
i am feeling crushing it today,0
bhai finally going to a party,0
ngl today was lit,0
deadass gonna never wake up,2
i am feeling sorted today,0
overthinking is making me udas,1
just hit a new pr and feeling goated,0
tbh today was vibing,0
just finished the project and feeling chill,0
bahut fumbled feel ho raha hai bhai,1
deadass gonna kill myself,2
breakup is making me tired,1
deadass gonna suicide,2
i am feeling chill today,0
"goodbye everyone, i am going to die",2
bruh finally met my friends,0
bestie i'm vibing rn,0
everything is productive smh,0
i feel fumbled vibes,1
deadass gonna suicide,2
i am feeling fine today,0
i want to suicide lol,2
tbh finally passed my exams,0
basically i am just numb,1
bahut stressed feel ho raha hai cooked,1
everything is slaying ig,0
fomo is making me depressed,1
basically i so fumbled today,1
deadass finally secured the bag,0
better to marna than live like this,2
anxiety is making me numb,1
"bhai i'm no way out, i just wanna kill myself",2
i am going to jump off,2
feeling udas and udas at the same time,1
i want to kill myself bestie,2
"ab nahi jhela jata, i want to kill myself",2
everything is lit vibes,0
i feel tired vibes,1
just secured the bag and feeling goated,0
"ab nahi jhela jata, i want to marna",2
deadass gonna jump off,2
fr today was badhiya,0
feeling super mast because i slept well,0
bhai i'm deadass exhausted,1
life is goated cooked,0
feeling so chill because i chilling with fam,0
bestie i'm crushing it ig,0
tbh i really fumbled today,1
feeling hella mast because i got a job,0
"ab nahi jhela jata, i want to never wake up",2
fr finally got a job,0
tum robot ho kya ?,3
avengers dekhni hai kya,3
kya scene hai na,3
dude taylor swift ka new album batao,3
bhai gate ki taiyari kaise karein kya,3
arre best college kaunsa hai,3
bhai aaj date kya hai kya,3
library mein seat milegi kya yaar,3
tumhe bhookh lagti hai kya bata na,3
dude tumhe kya pasand hai tell me,3
bhai momo kha le ?,3
scholarship ka form bhara kya,3
bhai koi book recommend karo na,3
wifi ka password kya hai na,3
web series suggest karo,3
tumhe kisne banaya,3
bhai koi book recommend karo ?,3
listen youtube pe kya dekhu bata na,3
aaj date kya hai ?,3
bestie biryani khani hai bro,3
ipl mein kon khel raha hai batao,3
which phone should i buy ?,3
sup bro bata na,3
pubg khelta hai kya kya,3
aaj kya karna hai,3
arre rock ya hip hop tell me,3
btw gate ki taiyari kaise karein yaar,3
suno scholarship ka form bhara kya ?,3
cgpa kaise calculate karte hai,3
good evening ?,3
machine learning seekhni hai,3
bestie aaj kya khayein bro,3
listen see you later,3
exam date kya hai,3
yar tumhe bhookh lagti hai kya na,3
marvel ya dc yaar,3
kidhar tha bhai yaar,3
good evening,3
weekend pe kya karein,3
netflix pe kya dekhu batao,3
listen taylor swift ka new album bro,3
oye kidhar tha bhai,3
yar chalo phir milte hai,3
bestie kya kar rahe ho bro,3
world cup kab hai,3
bollywood ya hollywood yaar,3
arre bollywood ya hollywood batao,3
suno na,3
bestie instagram reels addictive hai,3
yar internship kahan se milegi bro,3
india ka capital kya hai kya,3
who is the president of india,3
oye library mein seat milegi kya,3
practical ka viva hai,3
btw gold ka price kya hai,3
listen library mein seat milegi kya bata na,3
kaise ho,3
bruh kya tum insaan ho bata na,3
oye tum english mein baat karo na,3
dosa ya idli,3
tum kya kar sakte ho,3
dude meme bhej na bhai na,3
yar python kya hai,3
arijit singh best hai,3
bestie aur bata please,3
suno weekend pe kya karein,3
suno tata,3
aaj chutti hai kya please,3
kya tum mujhe jaante ho,3
mera naam yaad hai tumhe,3
arre canteen mein kya milega,3
tumhe kaisa lag raha hai,3
yar subah jaldi uthna hai ?,3
bruh hii bhai na,3
bhai tata please,3
cat exam ke liye kya padhein batao,3
bhai hey,3
dsa se start karein ya web dev,3
kaafi din ho gaye,3
arre hostel ka mess kab band hota hai,3
dude kya tum insaan ho tell me,3
oye india ka capital kya hai,3
tumhe kya pasand hai na,3
kya tum sach bolte ho,3
squid game season 2 kab aayega,3
bol bhai,3
hello please,3
best anime kaunsa hai,3
bhai best anime kaunsa hai please,3
tumhari age kya hai,3
arre petrol ka rate kya hai,3
cricket score kya hai batao,3
harry potter padhi hai kya,3
pubg khelta hai kya,3
tata,3
bhai olympics kab hoga na,3
best laptop for students na,3
gym jaana hai,3
coffee peeni hai na,3
rock ya hip hop na,3
bruh class kitne baje hai,3
arre wifi ka password kya hai kya,3
marvel ya dc,3
haan bhai bol ?,3
gta 6 kab aayegi na,3
dude new song suna kya,3
listen who is the president of india na,3
mars pe life hai kya,3
dude see you later,3
train ka time kya hai batao,3
dude avengers dekhni hai bro,3
oye bhai project mein kya daalu,3
aur bata kya,3
tum hindi samajhte ho bata na,3
dude placement kab hogi,3
kal holiday hai,3
bhai lunch mein kya hai yaar,3
koi book recommend karo,3
pizza ya burger ?,3
tum mujhse baat kyu kar rahe ho please,3
bestie taylor swift ka new album yaar,3
suno netflix pe kya dekhu batao,3
squid game season 2 kab aayega bata na,3
dude hello ji kya,3
time kya hua hai,3
arijit singh best hai kya,3
haan bhai bol kya,3
yar chai pi lo,3
suno wifi ka password kya hai,3
hi,3
cat exam ke liye kya padhein yaar,3
valorant ya csgo,3
dude alarm laga le bhai,3
oye kya tum joke suna sakte ho na,3
harry potter padhi hai kya please,3
rock ya hip hop,3
kal holiday hai na,3
bestie aur bata ?,3
which phone should i buy,3
oye bhai project mein kya daalu batao,3
web series suggest karo yaar,3
bhai tum kya kar sakte ho,3
arre bhai,3
tum sote ho kya,3
arre arre bhai bro,3
oye tum smart ho kya,3
aaj date kya hai,3
bestie tumhara favourite color,3
breakfast skip kar diya batao,3
listen howdy kya,3
long time no see na,3
bestie python ya java yaar,3
koi game khelein,3
oye tiktok ban ho gaya,3
bestie hostel ka mess kab band hota hai,3
listen koi book recommend karo kya,3
bruh what's good,3
yar pubg khelta hai kya,3
bhai world cup kab hai batao,3
listen chalo phir milte hai ?,3
chalo phir milte hai,3
koi game recommend karo ?,3
tumhara naam kya hai,3
listen meme bhej na bhai please,3
web series suggest karo please,3
gta 6 kab aayegi bro,3
kya main tumse kuch bhi pooch sakta hu,3
suno tum kahan se ho batao,3
gold ka price kya hai batao,3
sup bro batao,3
bestie petrol ka rate kya hai yaar,3
btw good night,3
wifi ka password kya hai batao,3
bhai aaj kya khayein,3
ghar pe khana ban raha hai,3
kon jeeta match,3
suno koi acchi movie batao,3
dude kya scene hai na,3
oye internship kahan se milegi batao,3
bhai dosa ya idli,3
upsc mushkil hai kya,3
bhai project mein kya daalu,3
arre see you later,3
suno uber mein kitna lagega,3
rock ya hip hop batao,3
dude campus drive kab hai,3
tumhe kya pasand hai batao,3
arre ghar pe khana ban raha hai,3
listen youtube pe kya dekhu,3
tum english mein baat karo,3
suno suno na,3
oye best laptop for students,3
flight kitne ki hai,3
oye petrol ka rate kya hai tell me,3
notes share karo,3
yar dinner ka plan kya hai,3
bestie tumhe bhookh lagti hai kya,3
bestie gym jaana hai ?,3
bestie coding kaise seekhein,3
arre bollywood ya hollywood,3
pubg khelta hai kya tell me,3
namaste,3
meme bhej na bhai yaar,3
bhai bhai,3
tum smart ho kya,3
music taste kya hai tumhara,3
dude tumhe kisne banaya,3
tum robot ho kya,3
arre dinner ka plan kya hai,3
kya tum insaan ho,3
btw olympics kab hoga,3
arre chess mein kaun jeetega,3
presentation kab hai tell me,3
bhai see you later,3
bruh bollywood ya hollywood ?,3
attendance kitni chahiye,3
tumhara favourite youtuber kaun hai,3
library mein seat milegi kya,3
resume kaise banayein bro,3
suno avengers dekhni hai bata na,3
dude koi book recommend karo,3
arre best anime kaunsa hai bata na,3
btw tum sote ho kya,3
tumhara naam kya hai please,3
kaafi din ho gaye bata na,3
bruh coffee peeni hai yaar,3
bestie kya kar rahe ho kya,3
yar cat exam ke liye kya padhein,3
koi game recommend karo,3
arre rock ya hip hop,3
bruh tum mujhse baat kyu kar rahe ho,3
minecraft khelte ho kya na,3
suno machine learning seekhni hai,3
gta 6 kab aayegi,3
chalo phir milte hai na,3
see you later ?,3
pubg khelta hai kya bata na,3
new song suna kya,3
yar hello,3
taylor swift ka new album please,3
rajma chawal op hai,3
oye aur bata batao,3
ai kya hota hai tell me,3
internship kahan se milegi,3
kya scene hai,3
bhai chalo phir milte hai,3
moon pe kaun gaya tha,3
bruh valorant ya csgo,3
bestie tum english mein baat karo,3
listen aur bata,3
meme bhej na bhai,3
bruh kya tum insaan ho,3
btw tiktok ban ho gaya na,3
meme bhej na bhai na,3
btw bigg boss mein kya hua bata na,3
tum english mein baat karo please,3
long time no see bata na,3
avengers dekhni hai,3
gate ki taiyari kaise karein bro,3
kuch meetha khana hai,3
arre good night bata na,3
aaj kya khayein kya,3
suno cgpa kaise calculate karte hai,3
tum sote ho kya ?,3
pani pi le bhai,3
class kitne baje hai na,3
minecraft khelte ho kya bata na,3
tumhe kisne banaya na,3
bruh maggi banao yar,3
listen hello,3
koi acchi movie batao,3
hello tell me,3
gate ki taiyari kaise karein kya,3
long time no see,3
tumhara favourite color,3
gate ki taiyari kaise karein batao,3
best college kaunsa hai,3
kya tum insaan ho bata na,3
suno placement kab hogi,3
bhai subah jaldi uthna hai,3
chai pi lo bro,3
listen ice cream khayein kya,3
dude gate ki taiyari kaise karein,3
gate ki taiyari kaise karein bata na,3
kidhar tha bhai bro,3
tumhe bhookh lagti hai kya,3
see you later,3
suno tumhara favourite youtuber kaun hai,3
yar kidhar tha bhai,3
dosa ya idli batao,3
listen ok bye bhai,3
howdy,3
koi book recommend karo please,3
sup bro yaar,3
tumhe bhookh lagti hai kya ?,3
suno namaste bro,3
github important hai kya please,3
bruh tumhara favourite color,3
tumhara naam kya hai kya,3
bruh cgpa kaise calculate karte hai,3
oye lunch mein kya hai,3
good evening yaar,3
yar squid game season 2 kab aayega yaar,3
wifi ka password kya hai,3
taylor swift ka new album,3
best laptop for students,3
koi accha restaurant batao bata na,3
bestie tumhe kya pasand hai,3
dude biryani khani hai tell me,3
oye alarm laga le bhai ?,3
listen ghar pe khana ban raha hai,3
bestie tumhe bhookh lagti hai kya please,3
yar hii bhai yaar,3
suno music taste kya hai tumhara bata na,3
btw biryani ya pulao,3
petrol ka rate kya hai,3
hi tell me,3
india ki population kitni hai bro,3
hey buddy please,3
python kya hai,3
arre kidhar tha bhai please,3
dude tumhe kya pasand hai,3
bhai momo kha le batao,3
minecraft khelte ho kya,3
yar hey buddy,3
yar bhai kya haal na,3
placement kab hogi,3
oye marvel ya dc,3
india ka capital kya hai,3
bhai best podcast kaunsa hai kya,3
suno professor kaun hai,3
hello na,3
koi accha restaurant batao,3
lunch mein kya hai,3
koi accha restaurant batao na,3
hii bhai yaar,3
suno bigg boss mein kya hua bata na,3
best podcast kaunsa hai,3
listen professor kaun hai yaar,3
dude kidhar tha bhai,3
oye new song suna kya,3
yar tum kaun ho,3
arre mera naam yaad hai tumhe,3
bruh bhai kya haal ?,3
dude subah jaldi uthna hai ?,3
chai pi lo yaar,3
listen tumhe kya pasand hai na,3
yo what's up,3
campus drive kab hai bro,3
bhai bhai batao,3
canteen mein kya milega bro,3
elon musk kaun hai bata na,3
koi accha restaurant batao yaar,3
tiktok ban ho gaya,3
arre hey buddy,3
yar hii bhai,3
btw aaj chutti hai kya bro,3
listen arijit singh best hai,3
oye meme bhej na bhai,3
india ka capital kya hai na,3
listen hello kya,3
bruh koi game recommend karo yaar,3
oye valorant ya csgo bata na,3
btw scholarship ka form bhara kya,3
dude biryani khani hai,3
weather kaisa hai aaj bro,3
tum kahan se ho yaar,3
chess mein kaun jeetega,3
listen weekend pe kya karein please,3
sup bro,3
oye rock ya hip hop,3
listen minecraft khelte ho kya,3
meme bhej na bhai tell me,3
hey,3
oye gta 6 kab aayegi,3
yar kya tum sach bolte ho bro,3
music taste kya hai tumhara kya,3
bye,3
btw aaj date kya hai,3
youtube pe kya dekhu,3
yar ice cream khayein kya,3
listen aaj kya khayein ?,3
tumhe kaisa lag raha hai bata na,3
coffee peeni hai ?,3
dosa ya idli yaar,3
yar tum kahan se ho,3
resume kaise banayein,3
btw suno na,3
kya tum sach bolte ho na,3
tumhe kya pasand hai,3
bruh scholarship ka form bhara kya,3
bruh pani pi le bhai batao,3
listen wifi ka password kya hai na,3
bollywood ya hollywood,3
oye rajma chawal op hai,3
suno tumhara naam kya hai,3
yar india ka capital kya hai batao,3
class kitne baje hai bro,3
arre kaise ho,3
bestie kya scene hai,3
kidhar tha bhai,3
ice cream khayein kya,3
oye kya tum insaan ho ?,3
suno ipl mein kon khel raha hai,3
tum kahan se ho,3
yar lunch mein kya hai ?,3
bhai project mein kya daalu batao,3
best college kaunsa hai ?,3
biryani ya pulao kya,3
subah jaldi uthna hai,3
chai pi lo,3
bestie gold ka price kya hai,3
scholarship ka form bhara kya yaar,3
bhai bhai tell me,3
biryani ya pulao ?,3
oye arijit singh best hai,3
cgpa kaise calculate karte hai ?,3
bhai tumhara favourite color,3
oye gold ka price kya hai,3
uber mein kitna lagega,3
world cup kab hai na,3
bollywood ya hollywood kya,3
india ki population kitni hai batao,3
btw hii bhai,3
haan bhai bol,3
dude music taste kya hai tumhara,3
dosa ya idli na,3
howdy kya,3
bhai kya haal,3
tumhari age kya hai yaar,3
suno scholarship ka form bhara kya na,3
kal holiday hai tell me,3
btw kuch meetha khana hai,3
listen movie dekhein kya na,3
olympics kab hoga,3
arre professor kaun hai,3
kya chal raha hai,3
kya tum mujhe jaante ho ?,3
yar placement kab hogi,3
dude mount everest kitna uncha hai,3
mars pe life hai kya bro,3
suno cgpa kaise calculate karte hai please,3
suno fees kab deni hai,3
bruh hi,3
who is the president of india kya,3
arre tumhe kya pasand hai bata na,3
arre stranger things kaisi hai tell me,3
suno mera naam yaad hai tumhe,3
listen which phone should i buy,3
tum kaun ho,3
coffee peeni hai,3
bhai kya haal ?,3
bruh tumhe bhookh lagti hai kya yaar,3
movie dekhein kya,3
btw github important hai kya,3
koi game recommend karo kya,3
hey buddy,3
kal holiday hai kya,3
weather kaisa hai aaj,3
bigg boss mein kya hua,3
hii bhai tell me,3
mount everest kitna uncha hai bro,3
listen best anime kaunsa hai,3
ok bye bhai,3
fees kab deni hai bata na,3
yar tum kya kar sakte ho,3
btw stranger things kaisi hai,3
listen stranger things kaisi hai,3
arre assignment kab submit karna hai,3
listen kya tum sach bolte ho,3
web series suggest karo bro,3
world cup kab hai yaar,3
oye kya kar rahe ho kya,3
listen valorant ya csgo ?,3
oye tumhara favourite color na,3
yar professor kaun hai bro,3
bestie resume kaise banayein ?,3
yar dosa ya idli,3
mars pe life hai kya kya,3
dude kya tum insaan ho,3
alarm laga le bhai,3
yar bhai project mein kya daalu,3
tum hindi samajhte ho,3
fees kab deni hai na,3
btw coding kaise seekhein,3
oye instagram reels addictive hai tell me,3
olympics kab hoga ?,3
mars pe life hai kya na,3
linkedin pe kya daalein,3
notes share karo na,3
arre tum kaun ho yaar,3
kya chal raha hai bro,3
python ya java,3
dude hii bhai na,3
fees kab deni hai kya,3
netflix pe kya dekhu na,3
oye youtube pe kya dekhu,3
bestie tum hindi samajhte ho,3
btw yo what's up,3
india ki population kitni hai,3
listen exam date kya hai,3
bruh github important hai kya,3
arre kya main tumse kuch bhi pooch sakta hu kya,3
notes share karo ?,3
bhai minecraft khelte ho kya tell me,3
bruh good morning,3
listen tumhari age kya hai,3
bhai new song suna kya,3
canteen mein kya milega tell me,3
bhai best college kaunsa hai,3
suno dsa se start karein ya web dev na,3
avengers dekhni hai tell me,3
oye time kya hua hai bata na,3
good evening bro,3
chess mein kaun jeetega kya,3
listen cat exam ke liye kya padhein please,3
hello ji ?,3
bestie time kya hua hai na,3
bestie movie dekhein kya yaar,3
tum kaun ho yaar,3
aaj date kya hai bro,3
arre presentation kab hai,3
tum kaun ho bro,3
kya plan hai aaj bro,3
dude cat exam ke liye kya padhein,3
arre stranger things kaisi hai kya,3
aaj kya khayein,3
suno squid game season 2 kab aayega kya,3
bol bhai please,3
bestie flight kitne ki hai,3
meme bhej na bhai bata na,3
gold ka price kya hai yaar,3
yar tumhe kaisa lag raha hai,3
oye avengers dekhni hai,3
arre tata,3
btw koi game recommend karo,3
hi please,3
bye tell me,3
arre good evening na,3
arre long time no see tell me,3
library mein seat milegi kya please,3
suno tum sote ho kya,3
bruh bhai kya haal,3
bruh aaj kya karna hai,3
python kya hai kya,3
bruh bhai momo kha le bata na,3
dude weather kaisa hai aaj,3
subah jaldi uthna hai yaar,3
hii bhai batao,3
pizza ya burger please,3
listen movie dekhein kya kya,3
btw meme bhej na bhai,3
bruh bol bhai,3
btw koi acchi movie batao tell me,3
arre tum kahan se ho bro,3
maggi banao yar,3
suno assignment kab submit karna hai na,3
tiktok ban ho gaya please,3
valorant ya csgo bro,3
bhai netflix pe kya dekhu,3
arre tiktok ban ho gaya,3
bhai good night,3
bestie best college kaunsa hai,3
btw tum english mein baat karo,3
bhai tum smart ho kya,3
bestie resume kaise banayein please,3
netflix pe kya dekhu,3
oye koi game khelein batao,3
suno bitcoin ka price kya hai,3
suno bhai bhai ?,3
bhai web series suggest karo,3
arre aaj kya karna hai,3
btw coding kaise seekhein bro,3
listen tum kahan se ho batao,3
movie dekhein kya batao,3
bhai library mein seat milegi kya tell me,3
bhai rajma chawal op hai ?,3
listen harry potter padhi hai kya please,3
oye aaj date kya hai na,3
hey batao,3
kya kar rahe ho,3
yar coffee peeni hai bata na,3
dude aaj date kya hai,3
campus drive kab hai,3
suno suno na na,3
listen tumhara naam kya hai,3
suno campus drive kab hai,3
arre python kya hai,3
suno pizza ya burger,3
koi game recommend karo yaar,3
hi bata na,3
bestie tum kahan se ho batao,3
aur bata,3
bhai bhai project mein kya daalu bro,3
listen howdy ?,3
bestie instagram reels addictive hai kya,3
yar tum kahan se ho batao,3
yar bhai bhai,3
valorant ya csgo tell me,3
bruh tumhara favourite youtuber kaun hai ?,3
arre tum kahan se ho,3
arre ok bye bhai na,3
dude best college kaunsa hai tell me,3
listen campus drive kab hai please,3
oye bollywood ya hollywood na,3
hello yaar,3
listen kya tum joke suna sakte ho,3
dude tum kya kar sakte ho,3
oye exam date kya hai,3
bruh avengers dekhni hai tell me,3
bruh breakfast skip kar diya,3
koi game khelein yaar,3
listen campus drive kab hai,3
btw library mein seat milegi kya kya,3
dinner ka plan kya hai,3
bruh alarm laga le bhai,3
biryani ya pulao,3
listen meme bhej na bhai,3
btw best podcast kaunsa hai,3
listen linkedin pe kya daalein,3
bruh presentation kab hai,3
gate ki taiyari kaise karein tell me,3
ipl mein kon khel raha hai,3
tumhara favourite youtuber kaun hai yaar,3
koi accha restaurant batao bro,3
suno tumhe kisne banaya kya,3
bruh tum robot ho kya please,3
bestie new song suna kya batao,3
elon musk kaun hai,3
bigg boss mein kya hua batao,3
machine learning seekhni hai yaar,3
squid game season 2 kab aayega bro,3
bruh arijit singh best hai yaar,3
bhai mera naam yaad hai tumhe,3
bhai tum smart ho kya please,3
suno breakfast skip kar diya,3
github important hai kya,3
tumhe kaisa lag raha hai yaar,3
placement kab hogi ?,3
oye hello ji,3
tum mujhse baat kyu kar rahe ho tell me,3
listen rock ya hip hop,3
bruh exam date kya hai please,3
weather kaisa hai aaj please,3
hello,3
biryani khani hai,3
cat exam ke liye kya padhein please,3
bestie cgpa kaise calculate karte hai batao,3
dude dsa se start karein ya web dev na,3
arre which phone should i buy tell me,3
listen hi bro,3
tum hindi samajhte ho tell me,3
oye taylor swift ka new album,3
dude kidhar tha bhai tell me,3
koi acchi movie batao yaar,3
listen hi yaar,3
suno ai kya hota hai,3
exam date kya hai ?,3
bruh kidhar tha bhai,3
best podcast kaunsa hai ?,3
hello ji na,3
bhai tum kya kar sakte ho ?,3
listen good night bro,3
dsa se start karein ya web dev ?,3
bhai chess mein kaun jeetega tell me,3
bhai bhai please,3
listen what's good,3
professor kaun hai,3
class kitne baje hai,3
bruh kya main tumse kuch bhi pooch sakta hu,3
yar kaise ho,3
bestie koi acchi movie batao,3
bestie instagram reels addictive hai please,3
rajma chawal op hai batao,3
bruh hello ji,3
chai pi lo bata na,3
arre tum hindi samajhte ho,3
suno cricket score kya hai,3
kya kar rahe ho batao,3
hostel ka mess kab band hota hai batao,3
btw olympics kab hoga na,3
bestie rajma chawal op hai na,3
suno gta 6 kab aayegi bro,3
bestie sup bro na,3
bruh india ka capital kya hai,3
arre minecraft khelte ho kya tell me,3
bruh cricket score kya hai,3
bigg boss mein kya hua ?,3
bhai best laptop for students,3
bruh squid game season 2 kab aayega ?,3
btw weather kaisa hai aaj,3
arre chalo phir milte hai,3
arre good morning,3
world cup kab hai ?,3
howdy bata na,3
good evening bata na,3
btw tumhe kya pasand hai ?,3
listen coffee peeni hai,3
tumhara naam kya hai bro,3
bestie howdy bata na,3
canteen mein kya milega,3
aaj kya khayein tell me,3
listen kya tum insaan ho bata na,3
upsc mushkil hai kya kya,3
assignment kab submit karna hai please,3
arre flight kitne ki hai ?,3
arre mount everest kitna uncha hai,3
bruh gym jaana hai ?,3
machine learning seekhni hai ?,3
aaj chutti hai kya bro,3
koi acchi movie batao bro,3
mount everest kitna uncha hai,3
arre music taste kya hai tumhara yaar,3
taylor swift ka new album batao,3
canteen mein kya milega please,3
yar india ki population kitni hai please,3
dude kya plan hai aaj kya,3
suno mera naam yaad hai tumhe batao,3
suno hostel ka mess kab band hota hai,3
yar internship kahan se milegi,3
cricket score kya hai ?,3
bhai haan bhai bol ?,3
oye hii bhai,3
dude github important hai kya,3
maggi banao yar ?,3
arre aaj date kya hai na,3
cat exam ke liye kya padhein bata na,3
bestie tumhara favourite color yaar,3
alarm laga le bhai yaar,3
arre avengers dekhni hai,3
bruh python kya hai,3
bhai yo what's up batao,3
yar aaj kya khayein na,3
oye assignment kab submit karna hai bata na,3
dude movie dekhein kya,3
listen chai pi lo batao,3
bhai youtube pe kya dekhu,3
bhai gta 6 kab aayegi please,3
btw tum english mein baat karo kya,3
bhai tumhe kisne banaya,3
gym jaana hai bata na,3
arre chalo phir milte hai kya,3
bestie moon pe kaun gaya tha,3
bhai tumhari age kya hai,3
tum english mein baat karo ?,3
rajma chawal op hai tell me,3
bhai kya kar rahe ho,3
attendance kitni chahiye please,3
which phone should i buy bata na,3
music taste kya hai tumhara na,3
yar world cup kab hai,3
listen tumhari age kya hai bro,3
btw aaj chutti hai kya ?,3
koi book recommend karo bata na,3
pizza ya burger,3
tumhe kisne banaya tell me,3
gta 6 kab aayegi bata na,3
stranger things kaisi hai,3
cgpa kaise calculate karte hai bata na,3
oye hoye kya,3
bhai haan bhai bol batao,3
suno koi book recommend karo,3
suno linkedin pe kya daalein kya,3
tum robot ho kya please,3
bhai biryani ya pulao,3
suno alarm laga le bhai,3
chalo phir milte hai please,3
oye tum kahan se ho bro,3
oye bye tell me,3
dude pizza ya burger ?,3
haan bhai bol bata na,3
btw linkedin pe kya daalein,3
suno flight kitne ki hai,3
kon jeeta match na,3
bhai world cup kab hai yaar,3
yar exam date kya hai,3
youtube pe kya dekhu kya,3
tumhe kaisa lag raha hai ?,3
listen bol bhai,3
dude avengers dekhni hai please,3
campus drive kab hai yaar,3
suno kya tum joke suna sakte ho,3
assignment kab submit karna hai,3
oye python ya java batao,3
aaj kya khayein please,3
arre koi acchi movie batao batao,3
coffee peeni hai kya,3
new song suna kya kya,3
kya kar rahe ho kya,3
yar koi game khelein,3
tiktok ban ho gaya na,3
bruh tumhe kaisa lag raha hai,3
oye kaafi din ho gaye batao,3
petrol ka rate kya hai bro,3
oye dinner ka plan kya hai,3
dude bhai bhai,3
namaste batao,3
bhai tum kaun ho,3
listen tumhe kisne banaya please,3
oye tumhe kisne banaya,3
bestie see you later na,3
suno taylor swift ka new album,3
yar coding kaise seekhein,3
oye aaj chutti hai kya,3
bestie long time no see kya,3
listen music taste kya hai tumhara,3
yar what's good bro,3
hey please,3
tumhe bhookh lagti hai kya batao,3
what's good tell me,3
arre hey,3
tum mujhse baat kyu kar rahe ho na,3
bhai long time no see yaar,3
btw moon pe kaun gaya tha,3
see you later yaar,3
koi game recommend karo bata na,3
bestie petrol ka rate kya hai,3
oye bigg boss mein kya hua yaar,3
harry potter padhi hai kya bata na,3
bruh long time no see,3
btw kidhar tha bhai na,3
oye india ki population kitni hai,3
long time no see please,3
arre new song suna kya ?,3
gta 6 kab aayegi please,3
oye netflix pe kya dekhu kya,3
btw arijit singh best hai,3
uber mein kitna lagega na,3
oye tumhara favourite color bata na,3
good morning please,3
listen movie dekhein kya bro,3
oye yo what's up yaar,3
yar gate ki taiyari kaise karein na,3
practical ka viva hai yaar,3
yar tumhe kya pasand hai,3
bollywood ya hollywood na,3
arre tumhari age kya hai,3
oye weather kaisa hai aaj,3
best anime kaunsa hai bata na,3
cricket score kya hai tell me,3
bhai kaise ho,3
bestie tum kahan se ho,3
bhai bollywood ya hollywood na,3
arre kya plan hai aaj ?,3
tum smart ho kya kya,3
bruh tum kahan se ho,3
bhai gym jaana hai,3
dude ok bye bhai tell me,3
tumhara naam kya hai bata na,3
bestie upsc mushkil hai kya kya,3
suno weather kaisa hai aaj na,3
suno ghar pe khana ban raha hai,3
yar rock ya hip hop batao,3
bestie bhai bhai,3
btw notes share karo,3
resume kaise banayein batao,3
bruh rock ya hip hop yaar,3
listen github important hai kya,3
yar tumhe kisne banaya,3
bruh hii bhai please,3
bruh elon musk kaun hai,3
hello ji tell me,3
arre subah jaldi uthna hai,3
btw alarm laga le bhai,3
dude kaafi din ho gaye tell me,3
notes share karo tell me,3
arre tum mujhse baat kyu kar rahe ho kya,3
oye time kya hua hai batao,3
hello ji please,3
arre tum english mein baat karo,3
oye kon jeeta match,3
yar lunch mein kya hai,3
web series suggest karo ?,3
dsa se start karein ya web dev tell me,3
tum smart ho kya tell me,3
dude rajma chawal op hai ?,3
bestie best anime kaunsa hai yaar,3
machine learning seekhni hai na,3
listen aaj kya khayein,3
bhai kya tum joke suna sakte ho,3
btw weekend pe kya karein please,3
arre hello tell me,3
coding kaise seekhein,3
kuch meetha khana hai please,3
bitcoin ka price kya hai,3
dude rock ya hip hop yaar,3
yar hello ji ?,3
listen olympics kab hoga,3
oye subah jaldi uthna hai bro,3
oye koi acchi movie batao tell me,3
dude library mein seat milegi kya yaar,3
best laptop for students bata na,3
yar taylor swift ka new album batao,3
btw bollywood ya hollywood,3
bestie tiktok ban ho gaya,3
arre which phone should i buy batao,3
btw biryani khani hai,3
gold ka price kya hai kya,3
bhai taylor swift ka new album tell me,3
listen hostel ka mess kab band hota hai,3
bestie chalo phir milte hai bro,3
see you later please,3
github important hai kya batao,3
bruh github important hai kya kya,3
listen hi tell me,3
oye suno na,3
btw train ka time kya hai na,3
hello ji,3
dude tum mujhse baat kyu kar rahe ho,3
dude ok bye bhai,3
arre scholarship ka form bhara kya,3
fees kab deni hai,3
kuch meetha khana hai bata na,3
instagram reels addictive hai,3
bestie kya main tumse kuch bhi pooch sakta hu ?,3
bestie dosa ya idli,3
bestie mount everest kitna uncha hai,3
yar sup bro na,3
bruh tum hindi samajhte ho ?,3
yar campus drive kab hai ?,3
bigg boss mein kya hua yaar,3
india ki population kitni hai yaar,3
oye hostel ka mess kab band hota hai bro,3
listen subah jaldi uthna hai tell me,3
oye practical ka viva hai,3
yar kya plan hai aaj,3
bestie long time no see tell me,3
kon jeeta match bro,3
btw ok bye bhai kya,3
kya main tumse kuch bhi pooch sakta hu bro,3
stranger things kaisi hai please,3
yar squid game season 2 kab aayega,3
pani pi le bhai batao,3
yar india ki population kitni hai ?,3
bhai momo kha le yaar,3
bhai howdy batao,3
oye sup bro,3
listen new song suna kya,3
library mein seat milegi kya bata na,3
tum english mein baat karo na,3
tumhe kisne banaya yaar,3
tiktok ban ho gaya tell me,3
best laptop for students batao,3
oye hoye,3
bruh bigg boss mein kya hua,3
suno stranger things kaisi hai tell me,3
kya chal raha hai ?,3
bruh kya kar rahe ho,3
yar kya tum insaan ho,3
see you later bro,3
presentation kab hai,3
bhai chess mein kaun jeetega,3
suno kya tum insaan ho ?,3
kya plan hai aaj,3
bestie tum kya kar sakte ho,3
bestie koi game khelein,3
suno haan bhai bol bro,3
mera naam yaad hai tumhe bro,3
yar youtube pe kya dekhu please,3
listen koi game recommend karo,3
which phone should i buy bro,3
cat exam ke liye kya padhein,3
bruh kaafi din ho gaye,3
oye what's good tell me,3
yar harry potter padhi hai kya bata na,3
oye hostel ka mess kab band hota hai,3
bhai music taste kya hai tumhara,3
btw koi book recommend karo please,3
bhai linkedin pe kya daalein,3
kya chal raha hai tell me,3
bhai pani pi le bhai kya,3
mera naam yaad hai tumhe bata na,3
hostel ka mess kab band hota hai,3
bestie cat exam ke liye kya padhein tell me,3
btw practical ka viva hai please,3
listen kal holiday hai,3
btw tum kahan se ho bata na,3
btw bhai bhai,3
dude kya plan hai aaj yaar,3
tata bro,3
bhai hello ?,3
bestie canteen mein kya milega,3
yar hi ?,3
bruh gate ki taiyari kaise karein ?,3
bhai resume kaise banayein,3
listen gate ki taiyari kaise karein,3
bestie wifi ka password kya hai,3
cat exam ke liye kya padhein bro,3
yar attendance kitni chahiye na,3
ghar pe khana ban raha hai na,3
btw aaj date kya hai na,3
koi acchi movie batao tell me,3
dude kaise ho,3
oye yo what's up,3
placement kab hogi please,3
btw hey tell me,3
tata bata na,3
bestie hello ji,3
dude sup bro yaar,3
netflix pe kya dekhu tell me,3
yar kya tum insaan ho bro,3
pizza ya burger kya,3
oye gate ki taiyari kaise karein,3
good night bata na,3
dude hostel ka mess kab band hota hai,3
kya scene hai please,3
see you later tell me,3
listen long time no see,3
bruh coffee peeni hai na,3
suno moon pe kaun gaya tha tell me,3
dude presentation kab hai,3
bruh weekend pe kya karein,3
listen gym jaana hai please,3
github important hai kya na,3
arre oye hoye,3
suno tum robot ho kya,3
kya tum insaan ho tell me,3
yar kya tum mujhe jaante ho bro,3
bestie youtube pe kya dekhu bata na,3
oye kya tum joke suna sakte ho,3
bruh gta 6 kab aayegi kya,3
listen good evening,3
oye tum kya kar sakte ho bro,3
arre gate ki taiyari kaise karein,3
listen squid game season 2 kab aayega kya,3
ai kya hota hai bata na,3
suno rajma chawal op hai,3
oye ipl mein kon khel raha hai na,3
dude ai kya hota hai bro,3
dosa ya idli kya,3
suno harry potter padhi hai kya,3
bitcoin ka price kya hai kya,3
oye petrol ka rate kya hai ?,3
dude stranger things kaisi hai tell me,3
suno coffee peeni hai,3
minecraft khelte ho kya bro,3
arre taylor swift ka new album,3
kidhar tha bhai bata na,3
oye tumhari age kya hai,3
bhai project mein kya daalu kya,3
bhai kya tum joke suna sakte ho tell me,3
listen kaafi din ho gaye ?,3
listen pubg khelta hai kya,3
ok bye bhai na,3
dude kya kar rahe ho bata na,3
btw netflix pe kya dekhu na,3
world cup kab hai batao,3
harry potter padhi hai kya tell me,3
arre internship kahan se milegi tell me,3
dude kya chal raha hai,3
arre exam date kya hai kya,3
bruh minecraft khelte ho kya bro,3
internship kahan se milegi bro,3
youtube pe kya dekhu batao,3
bhai tum kya kar sakte ho tell me,3
world cup kab hai kya,3
oye marvel ya dc na,3
dinner ka plan kya hai na,3
dude cgpa kaise calculate karte hai kya,3
yar rajma chawal op hai,3
yar hostel ka mess kab band hota hai,3
listen chess mein kaun jeetega kya,3
alarm laga le bhai na,3
good morning bata na,3
oye bol bhai,3
aaj chutti hai kya,3
dude kya tum insaan ho ?,3
bruh kya tum joke suna sakte ho tell me,3
bhai bhai bata na,3
kaise ho na,3
listen subah jaldi uthna hai,3
bestie github important hai kya bro,3
oye pubg khelta hai kya kya,3
pani pi le bhai bro,3
bruh new song suna kya,3
bhai campus drive kab hai batao,3
bhai bollywood ya hollywood,3
ai kya hota hai,3
who is the president of india na,3
upsc mushkil hai kya batao,3
cat exam ke liye kya padhein tell me,3
avengers dekhni hai please,3
btw presentation kab hai,3
listen best college kaunsa hai yaar,3
oye india ka capital kya hai yaar,3
tum sote ho kya na,3
yar breakfast skip kar diya,3
suno meme bhej na bhai,3
gold ka price kya hai tell me,3
bhai assignment kab submit karna hai bro,3
bhai hostel ka mess kab band hota hai,3
oye tum robot ho kya,3
arre yo what's up batao,3
suno world cup kab hai yaar,3
listen koi book recommend karo,3
yar tum smart ho kya,3
listen web series suggest karo,3
suno kya plan hai aaj,3
koi game recommend karo tell me,3
yar github important hai kya,3
btw which phone should i buy kya,3
listen assignment kab submit karna hai na,3
btw bitcoin ka price kya hai,3
dude dosa ya idli bro,3
rajma chawal op hai na,3
oye new song suna kya na,3
oye hello ji tell me,3
yar pani pi le bhai,3
canteen mein kya milega bata na,3
arre library mein seat milegi kya,3
yar marvel ya dc,3
hostel ka mess kab band hota hai yaar,3
biryani ya pulao batao,3
assignment kab submit karna hai bro,3
oye cgpa kaise calculate karte hai kya,3
bruh pizza ya burger ?,3
breakfast skip kar diya bata na,3
dude assignment kab submit karna hai,3
oye moon pe kaun gaya tha yaar,3
bhai tum sote ho kya yaar,3
ipl mein kon khel raha hai tell me,3
dude valorant ya csgo,3
oye flight kitne ki hai bata na,3
bruh campus drive kab hai,3
bruh kya tum mujhe jaante ho please,3
bruh presentation kab hai ?,3
bhai hi bata na,3
bruh kuch meetha khana hai yaar,3
yar bhai project mein kya daalu batao,3
bestie chess mein kaun jeetega,3
bhai bollywood ya hollywood ?,3
dude coding kaise seekhein,3
weekend pe kya karein ?,3
bruh koi game recommend karo,3
yar best laptop for students,3
oye aur bata,3
oye tumhara naam kya hai,3
yar which phone should i buy yaar,3
dude rajma chawal op hai,3
listen koi game recommend karo batao,3
biryani khani hai bata na,3
arre kya chal raha hai,3
bhai kal holiday hai,3
arre tum kaun ho kya,3
btw bye,3
bhai bhai bhai yaar,3
python ya java please,3
suno sup bro,3
yar haan bhai bol batao,3
bestie aaj chutti hai kya,3
bhai kya haal yaar,3
dude koi acchi movie batao,3
scholarship ka form bhara kya kya,3
dude python kya hai,3
yar aaj kya karna hai bata na,3
bestie kal holiday hai,3
exam date kya hai bata na,3
mera naam yaad hai tumhe na,3
oye haan bhai bol bro,3
kya tum mujhe jaante ho kya,3
github important hai kya kya,3
bhai weekend pe kya karein tell me,3
arre netflix pe kya dekhu na,3
btw assignment kab submit karna hai,3
bestie india ka capital kya hai na,3
bhai howdy kya,3
btw who is the president of india,3
listen namaste tell me,3
arre aaj chutti hai kya bata na,3
bhai library mein seat milegi kya yaar,3
gym jaana hai na,3
hello batao,3
oye mars pe life hai kya please,3
oye minecraft khelte ho kya,3
weekend pe kya karein tell me,3
yar pubg khelta hai kya tell me,3
good morning ?,3
btw tata bata na,3
suno wifi ka password kya hai kya,3
tumhe bhookh lagti hai kya yaar,3
listen scholarship ka form bhara kya,3
alarm laga le bhai bro,3
aur bata bata na,3
bestie olympics kab hoga,3
bhai tum smart ho kya kya,3
bhai kaafi din ho gaye batao,3
arre tum hindi samajhte ho bata na,3
arre dinner ka plan kya hai tell me,3
bestie kya chal raha hai,3
good morning,3
dude best college kaunsa hai,3
notes share karo please,3
cricket score kya hai,3
dude breakfast skip kar diya,3
listen bollywood ya hollywood yaar,3
fees kab deni hai ?,3
dude bhai kya haal,3
oye tum sote ho kya please,3
dude biryani ya pulao,3
assignment kab submit karna hai batao,3
dsa se start karein ya web dev yaar,3
bruh rajma chawal op hai,3
oye kya tum mujhe jaante ho ?,3
hey buddy bata na,3
yar tumhe kaisa lag raha hai tell me,3
kya tum joke suna sakte ho,3
arre best anime kaunsa hai ?,3
bestie valorant ya csgo,3
yar arre bhai kya,3
tumhe bhookh lagti hai kya bro,3
oye elon musk kaun hai batao,3
bruh india ki population kitni hai,3
bhai moon pe kaun gaya tha batao,3
btw hello ji,3
btw ok bye bhai,3
suno olympics kab hoga bata na,3
python ya java bro,3
see you later bata na,3
btw tumhe kaisa lag raha hai,3
oye squid game season 2 kab aayega,3
suno practical ka viva hai,3
bruh internship kahan se milegi please,3
btw pubg khelta hai kya batao,3
dude ghar pe khana ban raha hai,3
arre koi accha restaurant batao please,3
bigg boss mein kya hua bro,3
bhai bhai bro,3
bestie aaj kya khayein,3
bhai flight kitne ki hai bata na,3
dude exam date kya hai,3
suno squid game season 2 kab aayega please,3
assignment kab submit karna hai yaar,3
kya main tumse kuch bhi pooch sakta hu kya,3
bestie india ka capital kya hai kya,3
bhai notes share karo bata na,3
suno tumhe bhookh lagti hai kya,3
bruh tumhe kisne banaya na,3
bruh squid game season 2 kab aayega,3
coffee peeni hai batao,3
time kya hua hai yaar,3
listen bollywood ya hollywood tell me,3
tumhe kaisa lag raha hai na,3
minecraft khelte ho kya tell me,3
bruh kaise ho,3
bhai namaste bro,3
arre cat exam ke liye kya padhein,3
python kya hai bata na,3
ice cream khayein kya bata na,3
hi bro,3
bestie tum robot ho kya,3
oye netflix pe kya dekhu,3
bhai kya main tumse kuch bhi pooch sakta hu,3
btw tumhara favourite color,3
bhai kon jeeta match,3
bestie best podcast kaunsa hai ?,3
arre squid game season 2 kab aayega,3
oye youtube pe kya dekhu ?,3
aaj kya karna hai ?,3
bruh tiktok ban ho gaya,3
presentation kab hai batao,3
arre koi accha restaurant batao,3
tumhe kya pasand hai ?,3
yar chai pi lo na,3
btw coffee peeni hai,3
suno music taste kya hai tumhara ?,3
yar stranger things kaisi hai,3
bitcoin ka price kya hai batao,3
btw koi acchi movie batao na,3
arre wifi ka password kya hai bro,3
bruh upsc mushkil hai kya tell me,3
class kitne baje hai ?,3
best podcast kaunsa hai batao,3
arre chess mein kaun jeetega kya,3
placement kab hogi bro,3
upsc mushkil hai kya please,3
bitcoin ka price kya hai na,3
suno best anime kaunsa hai,3
bhai best college kaunsa hai bata na,3
listen koi acchi movie batao,3
bestie india ki population kitni hai,3
suno cgpa kaise calculate karte hai bro,3
oye cricket score kya hai,3
bruh pubg khelta hai kya,3
kya tum insaan ho kya,3
mount everest kitna uncha hai please,3
dude best anime kaunsa hai na,3
dude tumhara favourite color tell me,3
btw python ya java,3
harry potter padhi hai kya batao,3
tum mujhse baat kyu kar rahe ho,3
kon jeeta match bata na,3
yar ghar pe khana ban raha hai bro,3
btw chai pi lo batao,3
arre internship kahan se milegi,3
oye best college kaunsa hai,3
bhai tum robot ho kya,3
bestie bigg boss mein kya hua,3
oye namaste batao,3
oye petrol ka rate kya hai,3
yar wifi ka password kya hai batao,3
tum robot ho kya bro,3
arre web series suggest karo,3
yar breakfast skip kar diya please,3
bhai notes share karo,3
yar petrol ka rate kya hai,3
what's good,3
bruh library mein seat milegi kya na,3
bruh koi accha restaurant batao,3
yar howdy,3
listen good night,3
bestie weekend pe kya karein yaar,3
dude hello,3
dude youtube pe kya dekhu,3
arre campus drive kab hai,3
yar suno na,3
btw tum mujhse baat kyu kar rahe ho,3
suno kya tum mujhe jaante ho,3
arre aur bata bro,3
arre linkedin pe kya daalein bro,3
bruh ice cream khayein kya tell me,3
attendance kitni chahiye tell me,3
marvel ya dc bata na,3
kya tum insaan ho bro,3
suno ok bye bhai na,3
btw train ka time kya hai bro,3
suno gym jaana hai,3
bye bata na,3
who is the president of india tell me,3
squid game season 2 kab aayega na,3
suno hi bata na,3
dude github important hai kya bro,3
good night yaar,3
btw mera naam yaad hai tumhe tell me,3
arre bigg boss mein kya hua yaar,3
tumhara favourite color please,3
bruh professor kaun hai yaar,3
olympics kab hoga please,3
bruh cricket score kya hai yaar,3
chalo phir milte hai bro,3
bhai tum hindi samajhte ho,3
breakfast skip kar diya,3
kya plan hai aaj bata na,3
bestie tiktok ban ho gaya tell me,3
sup bro please,3
arre alarm laga le bhai,3
lunch mein kya hai bro,3
bruh dinner ka plan kya hai batao,3
bestie campus drive kab hai,3
btw howdy,3
dude tum hindi samajhte ho batao,3
listen aaj chutti hai kya na,3
dsa se start karein ya web dev bro,3
bestie kya scene hai bro,3
breakfast skip kar diya please,3
tum sote ho kya batao,3
yar dsa se start karein ya web dev,3
suno kya tum joke suna sakte ho na,3
suno hii bhai,3
bestie kya tum mujhe jaante ho,3
suno resume kaise banayein kya,3
listen gold ka price kya hai,3
arre bhai kya,3
tumhara favourite color tell me,3
arre fees kab deni hai yaar,3
btw gta 6 kab aayegi,3
bruh tumhara naam kya hai,3
bestie kya tum joke suna sakte ho please,3
btw pizza ya burger,3
taylor swift ka new album bata na,3
dude coding kaise seekhein batao,3
petrol ka rate kya hai ?,3
oye valorant ya csgo,3
oye python ya java,3
train ka time kya hai,3
uber mein kitna lagega kya,3
tumhari age kya hai bata na,3
bhai bhai bhai kya,3
bestie kya main tumse kuch bhi pooch sakta hu,3
arre chai pi lo na,3
oye canteen mein kya milega,3
bhai pubg khelta hai kya,3
yar kal holiday hai tell me,3
arre namaste,3
arre linkedin pe kya daalein,3
dude meme bhej na bhai please,3
bestie hostel ka mess kab band hota hai yaar,3
listen class kitne baje hai bata na,3
class kitne baje hai kya,3
dude haan bhai bol,3
hii bhai bro,3
oye hello ji na,3
yar new song suna kya,3
web series suggest karo kya,3
hi yaar,3
bhai ghar pe khana ban raha hai,3
bestie minecraft khelte ho kya,3
tumhari age kya hai ?,3
hii bhai bata na,3
dude fees kab deni hai bro,3
bruh hello ji tell me,3
dude hello ji,3
bhai suno na ?,3
listen petrol ka rate kya hai,3
python kya hai ?,3
bestie arijit singh best hai batao,3
new song suna kya ?,3
bhai tum mujhse baat kyu kar rahe ho,3
canteen mein kya milega na,3
haan bhai bol batao,3
linkedin pe kya daalein tell me,3
dude marvel ya dc bro,3
lunch mein kya hai please,3
time kya hua hai please,3
gold ka price kya hai,3
bestie kya plan hai aaj,3
arre dinner ka plan kya hai kya,3
bruh web series suggest karo yaar,3
bestie cricket score kya hai batao,3
weather kaisa hai aaj kya,3
cgpa kaise calculate karte hai na,3
bruh kal holiday hai,3
bestie mount everest kitna uncha hai please,3
yar time kya hua hai,3
dinner ka plan kya hai kya,3
best anime kaunsa hai kya,3
oye moon pe kaun gaya tha,3
hello kya,3
dude tum sote ho kya,3
koi game recommend karo na,3
bruh tum kaun ho bro,3
elon musk kaun hai yaar,3
aaj kya karna hai kya,3
bruh upsc mushkil hai kya bata na,3
kaise ho bro,3
good evening kya,3
bruh stranger things kaisi hai,3
cgpa kaise calculate karte hai tell me,3
tumhara favourite youtuber kaun hai bro,3
campus drive kab hai please,3
bestie long time no see,3
bestie elon musk kaun hai,3
yar tumhe kya pasand hai bata na,3
oye hostel ka mess kab band hota hai tell me,3
dude weekend pe kya karein ?,3
aaj chutti hai kya tell me,3
suno chalo phir milte hai yaar,3
yar kya scene hai,3
btw exam date kya hai,3
bestie aaj chutti hai kya kya,3
suno tumhe kaisa lag raha hai,3
btw tiktok ban ho gaya,3
internship kahan se milegi ?,3
chess mein kaun jeetega batao,3
arre tum mujhse baat kyu kar rahe ho ?,3
listen kon jeeta match na,3
bruh tum hindi samajhte ho,3
dosa ya idli bro,3
arre tumhe kya pasand hai,3
dude hi batao,3
bhai scholarship ka form bhara kya bro,3
yar chess mein kaun jeetega bata na,3
suno web series suggest karo kya,3
bruh kya plan hai aaj na,3
india ki population kitni hai tell me,3
bruh kaafi din ho gaye yaar,3
chalo phir milte hai batao,3
meme bhej na bhai kya,3
bestie aaj date kya hai ?,3
suno instagram reels addictive hai,3
yar dosa ya idli bata na,3
mera naam yaad hai tumhe yaar,3
tum kahan se ho na,3
good night batao,3
yar github important hai kya please,3
train ka time kya hai tell me,3
suno valorant ya csgo,3
ice cream khayein kya bro,3
oye best anime kaunsa hai,3
oye tum kaun ho ?,3
bhai kya scene hai batao,3
oye aaj chutti hai kya bata na,3
btw bhai momo kha le,3
dude good morning kya,3
who is the president of india bro,3
ghar pe khana ban raha hai bata na,3
bestie koi game recommend karo batao,3
notes share karo bro,3
oye long time no see bata na,3
arre sup bro please,3
best anime kaunsa hai ?,3
kuch meetha khana hai tell me,3
chess mein kaun jeetega bro,3
oye campus drive kab hai,3
yar weekend pe kya karein,3
dude bitcoin ka price kya hai,3
listen music taste kya hai tumhara bro,3
bhai bhai kya haal kya,3
bhai kya haal tell me,3
yar exam date kya hai please,3
oye oye hoye,3
yar attendance kitni chahiye bata na,3
suno biryani ya pulao,3
oye mera naam yaad hai tumhe,3
arre elon musk kaun hai,3
arre kya kar rahe ho,3
oye tum hindi samajhte ho please,3
bhai placement kab hogi,3
yar rajma chawal op hai kya,3
yar meme bhej na bhai,3
arre kya tum sach bolte ho kya,3
bestie kya tum sach bolte ho,3
suno who is the president of india tell me,3
oye tumhe kya pasand hai,3
yar ok bye bhai,3
suno movie dekhein kya,3
bhai elon musk kaun hai na,3
breakfast skip kar diya tell me,3
internship kahan se milegi please,3
bhai avengers dekhni hai please,3
yar sup bro batao,3
bhai professor kaun hai,3
bruh avengers dekhni hai batao,3
web series suggest karo bata na,3
mars pe life hai kya ?,3
gym jaana hai bro,3
gate ki taiyari kaise karein,3
dude world cup kab hai,3
listen bollywood ya hollywood kya,3
oye kaafi din ho gaye,3
suno koi game khelein,3
listen chalo phir milte hai,3
yar rock ya hip hop ?,3
arre time kya hua hai bro,3
arre cricket score kya hai kya,3
professor kaun hai bata na,3
dude cgpa kaise calculate karte hai,3
btw web series suggest karo,3
dude tata bata na,3
bhai kya kar rahe ho kya,3
dude aaj date kya hai please,3
stranger things kaisi hai na,3
kya tum sach bolte ho bata na,3
yar resume kaise banayein kya,3
yar cgpa kaise calculate karte hai,3
arre chai pi lo bro,3
arre world cup kab hai,3
listen aur bata kya,3
hello bro,3
oye kya chal raha hai bata na,3
dude linkedin pe kya daalein,3
kya tum joke suna sakte ho bro,3
listen new song suna kya kya,3
tum robot ho kya tell me,3
oye assignment kab submit karna hai,3
dude tum sote ho kya ?,3
suno dinner ka plan kya hai,3
tumhe bhookh lagti hai kya kya,3
suno fees kab deni hai yaar,3
exam date kya hai batao,3
arre gold ka price kya hai,3
btw aaj kya khayein,3
suno resume kaise banayein ?,3
mount everest kitna uncha hai ?,3
dsa se start karein ya web dev please,3
listen bitcoin ka price kya hai,3
yar assignment kab submit karna hai,3
valorant ya csgo please,3
bestie hey buddy yaar,3
dude attendance kitni chahiye,3
listen pizza ya burger,3
dude long time no see na,3
yar koi book recommend karo na,3
tumhara favourite youtuber kaun hai na,3
listen web series suggest karo na,3
tumhari age kya hai please,3
maggi banao yar bro,3
chess mein kaun jeetega tell me,3
bestie train ka time kya hai,3
yar tum robot ho kya,3
suno good evening,3
yar resume kaise banayein,3
suno avengers dekhni hai,3
listen ghar pe khana ban raha hai bro,3
yar tumhe bhookh lagti hai kya,3
yar subah jaldi uthna hai,3
presentation kab hai kya,3
btw ai kya hota hai,3
arre python kya hai please,3
koi game recommend karo bro,3
yar wifi ka password kya hai,3
suno kuch meetha khana hai,3
suno attendance kitni chahiye tell me,3
suno tum kya kar sakte ho,3
arre suno na,3
namaste bro,3
bruh tum english mein baat karo bata na,3
bestie see you later please,3
ice cream khayein kya ?,3
tum kahan se ho ?,3
suno upsc mushkil hai kya bata na,3
dude avengers dekhni hai bata na,3
bol bhai yaar,3
mars pe life hai kya please,3
arre moon pe kaun gaya tha,3
lunch mein kya hai na,3
tum sote ho kya please,3
yar tum english mein baat karo please,3
btw kaafi din ho gaye,3
arre meme bhej na bhai please,3
bruh ai kya hota hai,3
tumhara naam kya hai yaar,3
arre koi game khelein ?,3
btw dsa se start karein ya web dev bro,3
btw kya chal raha hai ?,3
btw exam date kya hai ?,3
suno aaj kya karna hai bata na,3
train ka time kya hai please,3
arre youtube pe kya dekhu,3
dude pizza ya burger,3
bestie what's good,3
bestie tum robot ho kya kya,3
bhai kya scene hai please,3
bestie hello,3
stranger things kaisi hai batao,3
arre kya plan hai aaj,3
kya tum joke suna sakte ho please,3
suno machine learning seekhni hai tell me,3
btw upsc mushkil hai kya,3
yar koi accha restaurant batao,3
yar library mein seat milegi kya kya,3
koi game khelein please,3
bhai meme bhej na bhai,3
suno cat exam ke liye kya padhein batao,3
btw tum mujhse baat kyu kar rahe ho please,3
bestie resume kaise banayein,3
btw koi book recommend karo,3
suno resume kaise banayein,3
oye kaafi din ho gaye yaar,3
bhai harry potter padhi hai kya,3
bruh petrol ka rate kya hai,3
hii bhai na,3
what's good na,3
arre ai kya hota hai,3
dude bhai momo kha le,3
bhai hello,3
arre harry potter padhi hai kya batao,3
suno arijit singh best hai,3
bhai fees kab deni hai,3
dude kal holiday hai batao,3
bruh ipl mein kon khel raha hai na,3
suno petrol ka rate kya hai,3
bhai ipl mein kon khel raha hai tell me,3
tumhara naam kya hai tell me,3
btw mera naam yaad hai tumhe,3
suno minecraft khelte ho kya please,3
suno tiktok ban ho gaya,3
btw gold ka price kya hai ?,3
bhai ai kya hota hai,3
yar aaj chutti hai kya batao,3
bhai netflix pe kya dekhu bata na,3
arre which phone should i buy,3
pani pi le bhai please,3
arre kaise ho tell me,3
oye tumhara favourite color ?,3
gym jaana hai ?,3
dude weather kaisa hai aaj kya,3
listen kya tum sach bolte ho bata na,3
dude kal holiday hai,3
bruh avengers dekhni hai,3
kya kar rahe ho bata na,3
suno dinner ka plan kya hai please,3
dude chalo phir milte hai batao,3
suno aur bata,3
tumhara favourite color yaar,3
maggi banao yar tell me,3
bestie bollywood ya hollywood,3
tum hindi samajhte ho please,3
arre minecraft khelte ho kya bata na,3
tum kahan se ho bro,3
oye who is the president of india bata na,3
yar campus drive kab hai,3
arre tum mujhse baat kyu kar rahe ho,3
listen chess mein kaun jeetega tell me,3
yar india ki population kitni hai bata na,3
listen sup bro,3
new song suna kya bro,3
bestie haan bhai bol,3
suno hello ?,3
suno weather kaisa hai aaj,3
yar good morning,3
bhai gate ki taiyari kaise karein,3
oye professor kaun hai bro,3
yar subah jaldi uthna hai please,3
good night,3
dude bhai kya haal ?,3
bruh netflix pe kya dekhu,3
yar hii bhai bro,3
arre howdy please,3
yar python ya java,3
cricket score kya hai kya,3
new song suna kya na,3
bruh machine learning seekhni hai,3
oye netflix pe kya dekhu bata na,3
bestie gta 6 kab aayegi kya,3
lunch mein kya hai bata na,3
aaj kya khayein ?,3
flight kitne ki hai yaar,3
listen kon jeeta match,3
yar good night ?,3
btw hello bro,3
yar sup bro,3
bye yaar,3
arre cricket score kya hai,3
arre coding kaise seekhein,3
bruh rajma chawal op hai yaar,3
best podcast kaunsa hai yaar,3
yar kidhar tha bhai please,3
bruh see you later,3
gold ka price kya hai bata na,3
gate ki taiyari kaise karein ?,3
kaafi din ho gaye na,3
listen kya tum mujhe jaante ho,3
bestie what's good bro,3
bollywood ya hollywood bata na,3
bestie dosa ya idli ?,3
btw bigg boss mein kya hua bro,3
bruh aaj date kya hai,3
bestie machine learning seekhni hai,3
linkedin pe kya daalein yaar,3
bhai dinner ka plan kya hai yaar,3
btw tumhe kisne banaya bro,3
suno dsa se start karein ya web dev yaar,3
oye dsa se start karein ya web dev,3
arre tumhara naam kya hai yaar,3
suno tum smart ho kya tell me,3
listen bhai kya haal,3
bruh ipl mein kon khel raha hai,3
listen gold ka price kya hai kya,3
tumhe kisne banaya ?,3
btw kya kar rahe ho,3
bruh kya chal raha hai,3
weather kaisa hai aaj batao,3
suno dsa se start karein ya web dev ?,3
bestie mars pe life hai kya please,3
btw bhai kya haal,3
suno which phone should i buy please,3
listen aaj chutti hai kya,3
listen instagram reels addictive hai please,3
arre mount everest kitna uncha hai bro,3
kaise ho ?,3
ai kya hota hai please,3
yar ok bye bhai ?,3
listen namaste,3
suno kuch meetha khana hai bata na,3
suno gta 6 kab aayegi na,3
yar rock ya hip hop tell me,3
oye koi game recommend karo,3
bhai python kya hai,3
bruh notes share karo,3
bhai kaise ho bro,3
oye attendance kitni chahiye batao,3
suno na ?,3
dude canteen mein kya milega,3
haan bhai bol bro,3
aur bata ?,3
train ka time kya hai bata na,3
btw placement kab hogi bata na,3
yar web series suggest karo,3
listen moon pe kaun gaya tha,3
arre netflix pe kya dekhu,3
assignment kab submit karna hai ?,3
suno gold ka price kya hai na,3
arre taylor swift ka new album ?,3
suno weekend pe kya karein bro,3
bollywood ya hollywood bro,3
listen see you later yaar,3
suno tum hindi samajhte ho bata na,3
listen tata na,3
bhai tumhe kaisa lag raha hai kya,3
bestie youtube pe kya dekhu,3
listen mera naam yaad hai tumhe please,3
suno library mein seat milegi kya,3
instagram reels addictive hai tell me,3
tumhara favourite youtuber kaun hai kya,3
suno stranger things kaisi hai,3
bestie tumhe kya pasand hai please,3
bhai petrol ka rate kya hai tell me,3
pizza ya burger na,3
bruh stranger things kaisi hai na,3
arijit singh best hai yaar,3
suno hello ji,3
bhai project mein kya daalu bata na,3
suno attendance kitni chahiye na,3
arre good evening tell me,3
yo what's up bro,3
koi book recommend karo na,3
arre tum kya kar sakte ho,3
kon jeeta match kya,3
listen kya tum sach bolte ho please,3
tum kya kar sakte ho ?,3
minecraft khelte ho kya batao,3
btw dsa se start karein ya web dev,3
suno good night yaar,3
bestie assignment kab submit karna hai batao,3
mera naam yaad hai tumhe batao,3
kya tum mujhe jaante ho na,3
koi game khelein batao,3
btw bigg boss mein kya hua,3
yar yo what's up kya,3
tum sote ho kya yaar,3
tumhe kaisa lag raha hai please,3
yar chalo phir milte hai bata na,3
chai pi lo please,3
kya tum sach bolte ho please,3
breakfast skip kar diya na,3
bestie kya tum mujhe jaante ho kya,3
tumhe kya pasand hai kya,3
dude web series suggest karo,3
meme bhej na bhai please,3
oye best podcast kaunsa hai bro,3
tumhe kya pasand hai tell me,3
arre chai pi lo,3
yar lunch mein kya hai bata na,3
best anime kaunsa hai please,3
oye scholarship ka form bhara kya,3
listen aaj kya karna hai ?,3
bhai moon pe kaun gaya tha yaar,3
btw aaj kya khayein kya,3
python kya hai tell me,3
listen biryani ya pulao,3
assignment kab submit karna hai na,3
dinner ka plan kya hai please,3
suno pizza ya burger kya,3
github important hai kya ?,3
tumhe bhookh lagti hai kya tell me,3
oye alarm laga le bhai,3
yar koi accha restaurant batao na,3
bestie class kitne baje hai,3
oye tum kahan se ho tell me,3
bestie long time no see batao,3
btw hostel ka mess kab band hota hai please,3
arre harry potter padhi hai kya please,3
btw tum english mein baat karo tell me,3
oye alarm laga le bhai kya,3
good night na,3
bruh scholarship ka form bhara kya yaar,3
btw best anime kaunsa hai bata na,3
bruh tumhara favourite youtuber kaun hai tell me,3
bhai kya plan hai aaj tell me,3
github important hai kya tell me,3
btw class kitne baje hai batao,3
btw youtube pe kya dekhu kya,3
listen tumhe bhookh lagti hai kya yaar,3
oye movie dekhein kya,3
bruh best laptop for students,3
weekend pe kya karein na,3
dude pubg khelta hai kya,3
bruh youtube pe kya dekhu batao,3
wifi ka password kya hai kya,3
kya tum joke suna sakte ho na,3
bestie see you later,3
oye bhai momo kha le tell me,3
bhai project mein kya daalu please,3
dude best podcast kaunsa hai,3
tiktok ban ho gaya kya,3
suno kal holiday hai ?,3
listen tum sote ho kya please,3
bruh bitcoin ka price kya hai yaar,3
howdy ?,3
dude netflix pe kya dekhu please,3
tum smart ho kya yaar,3
suno tum sote ho kya yaar,3
oye machine learning seekhni hai,3
yar resume kaise banayein ?,3
listen alarm laga le bhai na,3
presentation kab hai na,3
bruh mount everest kitna uncha hai bata na,3
bhai world cup kab hai kya,3
yar tumhe kisne banaya bata na,3
btw subah jaldi uthna hai bro,3
stranger things kaisi hai yaar,3
bruh gate ki taiyari kaise karein na,3
yar train ka time kya hai tell me,3
suno aaj date kya hai na,3
movie dekhein kya bro,3
arre exam date kya hai,3
bhai hey yaar,3
suno mount everest kitna uncha hai tell me,3
tumhara naam kya hai ?,3
bestie upsc mushkil hai kya,3
long time no see kya,3
btw train ka time kya hai,3
btw alarm laga le bhai please,3
attendance kitni chahiye yaar,3
arre maggi banao yar,3
biryani khani hai tell me,3
good evening batao,3
kya scene hai kya,3
btw avengers dekhni hai bro,3
suno mars pe life hai kya,3
gate ki taiyari kaise karein please,3
btw bollywood ya hollywood please,3
kya kar rahe ho please,3
listen pani pi le bhai,3
tum hindi samajhte ho bro,3
bhai maggi banao yar kya,3
yar kya kar rahe ho,3
dude bhai project mein kya daalu bata na,3
koi acchi movie batao na,3
dosa ya idli please,3
kya tum sach bolte ho tell me,3
bruh chess mein kaun jeetega,3
kya kar rahe ho tell me,3
bruh suno na,3
dude kya tum mujhe jaante ho,3
btw tum kya kar sakte ho tell me,3
dude oye hoye ?,3
oye namaste bro,3
btw new song suna kya kya,3
btw resume kaise banayein,3
bitcoin ka price kya hai bro,3
suno pubg khelta hai kya,3
movie dekhein kya bata na,3
yar gate ki taiyari kaise karein yaar,3
uber mein kitna lagega tell me,3
bruh cat exam ke liye kya padhein,3
aaj chutti hai kya na,3
mars pe life hai kya yaar,3
meme bhej na bhai batao,3
stranger things kaisi hai tell me,3
arre train ka time kya hai tell me,3
squid game season 2 kab aayega batao,3
yar cgpa kaise calculate karte hai yaar,3
listen elon musk kaun hai na,3
bruh tum robot ho kya,3
netflix pe kya dekhu please,3
dinner ka plan kya hai ?,3
listen aur bata bata na,3
oye hoye tell me,3
oye web series suggest karo,3
dude cricket score kya hai batao,3
dude marvel ya dc,3
bestie movie dekhein kya,3
suno mount everest kitna uncha hai yaar,3
see you later kya,3
kya plan hai aaj yaar,3
tumhe kisne banaya bro,3
bestie machine learning seekhni hai batao,3
listen tum robot ho kya,3
arre what's good,3
oye hoye ?,3
india ka capital kya hai bata na,3
bhai tumhe kya pasand hai yaar,3
oye kya plan hai aaj yaar,3
bruh upsc mushkil hai kya please,3
btw pubg khelta hai kya please,3
bruh kya tum mujhe jaante ho,3
bestie arijit singh best hai bro,3
listen uber mein kitna lagega,3
listen ipl mein kon khel raha hai yaar,3
listen fees kab deni hai,3
dude arijit singh best hai batao,3
oye train ka time kya hai bata na,3
namaste ?,3
btw see you later please,3
dude uber mein kitna lagega bro,3
practical ka viva hai kya,3
dude kon jeeta match,3
suno bollywood ya hollywood,3
yar tum english mein baat karo,3
dude machine learning seekhni hai tell me,3
yar suno na bro,3
yar biryani khani hai yaar,3
yar library mein seat milegi kya,3
btw hey buddy bro,3
class kitne baje hai yaar,3
oye good evening yaar,3
btw subah jaldi uthna hai batao,3
bruh hey buddy,3
listen netflix pe kya dekhu na,3
btw ok bye bhai please,3
yar youtube pe kya dekhu bro,3
alarm laga le bhai ?,3
bhai upsc mushkil hai kya,3
suno squid game season 2 kab aayega,3
bhai india ki population kitni hai kya,3
scholarship ka form bhara kya ?,3
oye tum english mein baat karo,3
tata kya,3
listen howdy please,3
yar tum kya kar sakte ho bata na,3
yar howdy batao,3
yar mera naam yaad hai tumhe batao,3
yar mera naam yaad hai tumhe,3
arre hey na,3
yar coffee peeni hai yaar,3
koi book recommend karo tell me,3
arre linkedin pe kya daalein please,3
internship kahan se milegi tell me,3
oye tum smart ho kya ?,3
netflix pe kya dekhu bata na,3
howdy please,3
dude koi game recommend karo ?,3
yar machine learning seekhni hai,3
ice cream khayein kya kya,3
tum english mein baat karo kya,3
aaj chutti hai kya batao,3
hostel ka mess kab band hota hai bro,3
yar hello na,3
btw bhai project mein kya daalu bata na,3
btw kya main tumse kuch bhi pooch sakta hu batao,3
haan bhai bol tell me,3
oye hi bata na,3
tum smart ho kya ?,3
tumhara favourite color ?,3
bruh coding kaise seekhein,3
oye fees kab deni hai,3
bruh library mein seat milegi kya,3
oye who is the president of india,3
dosa ya idli tell me,3
bruh koi game recommend karo na,3
bhai good night ?,3
suno bhai project mein kya daalu,3
suno kya tum mujhe jaante ho bata na,3
lunch mein kya hai ?,3
dude pani pi le bhai,3
kya kar rahe ho bro,3
listen taylor swift ka new album,3
btw instagram reels addictive hai,3
koi book recommend karo kya,3
oye dosa ya idli,3
bestie aur bata na,3
arre india ki population kitni hai,3
bhai hello ji,3
btw tumhari age kya hai ?,3
bruh kya tum joke suna sakte ho,3
kya main tumse kuch bhi pooch sakta hu tell me,3
bhai rajma chawal op hai yaar,3
oye tum robot ho kya kya,3
aur bata tell me,3
elon musk kaun hai kya,3
yar minecraft khelte ho kya yaar,3
bhai practical ka viva hai,3
tumhari age kya hai batao,3
listen cricket score kya hai,3
bruh chess mein kaun jeetega na,3
suno tumhe bhookh lagti hai kya bro,3
listen mera naam yaad hai tumhe,3
listen bye,3
kya main tumse kuch bhi pooch sakta hu na,3
arre machine learning seekhni hai,3
bhai train ka time kya hai,3
listen suno na,3
petrol ka rate kya hai yaar,3
bhai instagram reels addictive hai,3
weekend pe kya karein bro,3
listen github important hai kya yaar,3
bruh python ya java,3
movie dekhein kya ?,3
arre gate ki taiyari kaise karein yaar,3
dude arijit singh best hai,3
bhai machine learning seekhni hai,3
arre india ki population kitni hai na,3
suno na kya,3
linkedin pe kya daalein bata na,3
suno kya main tumse kuch bhi pooch sakta hu,3
listen time kya hua hai,3
namaste kya,3
oye minecraft khelte ho kya bata na,3
best podcast kaunsa hai tell me,3
tum mujhse baat kyu kar rahe ho ?,3
bhai bye,3
tumhara favourite color bata na,3
listen maggi banao yar kya,3
yar dinner ka plan kya hai tell me,3
pani pi le bhai tell me,3
howdy tell me,3
yar avengers dekhni hai batao,3
train ka time kya hai ?,3
arre tumhe kisne banaya,3
yar tum mujhse baat kyu kar rahe ho ?,3
bhai taylor swift ka new album,3
oye hi yaar,3
bruh bhai kya haal kya,3
dude hii bhai bro,3
arre bhai ?,3
bestie kya tum joke suna sakte ho tell me,3
koi game recommend karo please,3
yar kya tum mujhe jaante ho batao,3
koi acchi movie batao bata na,3
suno good evening batao,3
suno world cup kab hai,3
bestie tum mujhse baat kyu kar rahe ho,3
movie dekhein kya yaar,3
bruh tumhara favourite youtuber kaun hai,3
bruh instagram reels addictive hai bro,3
bhai momo kha le,3
bollywood ya hollywood ?,3
bigg boss mein kya hua please,3
bhai campus drive kab hai,3
rock ya hip hop bata na,3
subah jaldi uthna hai ?,3
hello ji bro,3
btw good morning tell me,3
arre bhai kya haal please,3
oye python ya java please,3
gym jaana hai yaar,3
bestie india ka capital kya hai batao,3
suno arre bhai please,3
bruh tiktok ban ho gaya batao,3
bhai mars pe life hai kya ?,3
oye gta 6 kab aayegi yaar,3
india ki population kitni hai bata na,3
listen tum english mein baat karo yaar,3
oye music taste kya hai tumhara kya,3
arre cgpa kaise calculate karte hai please,3
listen mount everest kitna uncha hai,3
bruh coffee peeni hai,3
bhai arijit singh best hai,3
bestie weekend pe kya karein batao,3
bruh youtube pe kya dekhu na,3
arre weather kaisa hai aaj,3
arre kya tum mujhe jaante ho,3
github important hai kya bata na,3
oye aaj date kya hai kya,3
india ki population kitni hai please,3
bhai which phone should i buy,3
suno tum hindi samajhte ho na,3
dude breakfast skip kar diya yaar,3
listen hey,3
bhai world cup kab hai,3
mars pe life hai kya batao,3
listen aaj date kya hai,3
oye elon musk kaun hai na,3
bruh professor kaun hai,3
suno campus drive kab hai yaar,3
aaj kya karna hai bata na,3
suno best anime kaunsa hai yaar,3
bruh exam date kya hai,3
marvel ya dc bro,3
suno chalo phir milte hai kya,3
bhai pani pi le bhai,3
bruh subah jaldi uthna hai tell me,3
bruh scholarship ka form bhara kya batao,3
bhai attendance kitni chahiye,3
netflix pe kya dekhu bro,3
arre movie dekhein kya ?,3
tumhari age kya hai na,3
arre tumhe bhookh lagti hai kya,3
bhai github important hai kya batao,3
bruh coffee peeni hai bata na,3
oye cgpa kaise calculate karte hai,3
suno instagram reels addictive hai tell me,3
suno hey,3
yar hey,3
oye youtube pe kya dekhu tell me,3
weekend pe kya karein yaar,3
bruh bitcoin ka price kya hai,3
yar gta 6 kab aayegi,3
oye breakfast skip kar diya,3
dude subah jaldi uthna hai,3
bruh linkedin pe kya daalein,3
kuch meetha khana hai na,3
yar bhai momo kha le,3
avengers dekhni hai batao,3
arre scholarship ka form bhara kya please,3
btw subah jaldi uthna hai,3
bye batao,3
suno meme bhej na bhai please,3
bestie tumhari age kya hai,3
listen bhai bhai yaar,3
btw petrol ka rate kya hai,3
listen linkedin pe kya daalein please,3
bestie bollywood ya hollywood yaar,3
suno tumhari age kya hai,3
professor kaun hai na,3
suno tum robot ho kya bro,3
bestie taylor swift ka new album,3
bhai valorant ya csgo ?,3
oye aaj date kya hai,3
valorant ya csgo kya,3
listen lunch mein kya hai ?,3
youtube pe kya dekhu yaar,3
btw sup bro,3
suno biryani khani hai,3
btw marvel ya dc,3
suno hi,3
biryani ya pulao na,3
btw train ka time kya hai batao,3
listen aaj kya khayein yaar,3
bhai tumhe bhookh lagti hai kya,3
bestie bye na,3
suno bigg boss mein kya hua,3
listen see you later batao,3
bhai wifi ka password kya hai bata na,3
breakfast skip kar diya yaar,3
listen biryani ya pulao tell me,3
dude good night,3
bhai good evening yaar,3
btw canteen mein kya milega,3
btw aaj kya karna hai bro,3
scholarship ka form bhara kya batao,3
dude wifi ka password kya hai tell me,3
btw bhai project mein kya daalu,3
suno tumhe kaisa lag raha hai ?,3
listen pani pi le bhai yaar,3
dude moon pe kaun gaya tha,3
howdy na,3
kya main tumse kuch bhi pooch sakta hu batao,3
suno kya scene hai na,3
internship kahan se milegi bata na,3
dude kya tum joke suna sakte ho,3
bhai good evening ?,3
btw tum hindi samajhte ho,3
stranger things kaisi hai bata na,3
dinner ka plan kya hai bro,3
bestie tata please,3
oye music taste kya hai tumhara,3
suno new song suna kya,3
arre bhai na,3
listen tum kaun ho,3
yar attendance kitni chahiye,3
suno web series suggest karo,3
india ka capital kya hai batao,3
bhai rajma chawal op hai,3
btw gym jaana hai,3
coffee peeni hai please,3
oye kya tum sach bolte ho please,3
oye instagram reels addictive hai,3
bhai minecraft khelte ho kya yaar,3
tata ?,3
arre pani pi le bhai,3
bestie ghar pe khana ban raha hai,3
dude mera naam yaad hai tumhe batao,3
bruh india ki population kitni hai please,3
tum robot ho kya yaar,3
dude squid game season 2 kab aayega kya,3
dude best anime kaunsa hai,3
listen cgpa kaise calculate karte hai yaar,3
listen breakfast skip kar diya,3
dude tumhari age kya hai,3
listen resume kaise banayein,3
suno subah jaldi uthna hai batao,3
yar practical ka viva hai na,3
arre attendance kitni chahiye,3
dude github important hai kya please,3
bruh tata tell me,3
kya tum mujhe jaante ho bata na,3
who is the president of india yaar,3
kya tum mujhe jaante ho please,3
yar bitcoin ka price kya hai tell me,3
suno long time no see bata na,3
dude chai pi lo yaar,3
aur bata na,3
bhai dsa se start karein ya web dev please,3
music taste kya hai tumhara tell me,3
bestie bitcoin ka price kya hai,3
bhai stranger things kaisi hai,3
bestie koi game recommend karo,3
bruh resume kaise banayein,3
dude avengers dekhni hai,3
btw kya chal raha hai please,3
wifi ka password kya hai tell me,3
yar cgpa kaise calculate karte hai ?,3
bol bhai bro,3
bruh india ka capital kya hai na,3
practical ka viva hai ?,3
bestie best podcast kaunsa hai kya,3
btw biryani khani hai please,3
btw koi game khelein,3
suno tum english mein baat karo,3
class kitne baje hai tell me,3
tum sote ho kya bro,3
squid game season 2 kab aayega please,3
bruh marvel ya dc batao,3
listen hii bhai na,3
attendance kitni chahiye batao,3
tum kahan se ho kya,3
yo what's up kya,3
oye subah jaldi uthna hai batao,3
yar tata,3
professor kaun hai yaar,3
suno avengers dekhni hai bro,3
arre koi acchi movie batao ?,3
bruh ipl mein kon khel raha hai kya,3
btw netflix pe kya dekhu,3
listen cat exam ke liye kya padhein,3
bestie ai kya hota hai,3
moon pe kaun gaya tha yaar,3
dude weekend pe kya karein batao,3
arre class kitne baje hai,3
bruh tumhari age kya hai,3
bhai tum sote ho kya,3
sup bro kya,3
bhai kal holiday hai na,3
kya tum insaan ho ?,3
dude koi book recommend karo bata na,3
koi book recommend karo batao,3
btw taylor swift ka new album,3
yar koi book recommend karo,3
arre web series suggest karo bata na,3
bhai aur bata tell me,3
oye good night,3
bhai netflix pe kya dekhu kya,3
ai kya hota hai kya,3
listen pani pi le bhai ?,3
bestie pani pi le bhai,3
tum mujhse baat kyu kar rahe ho bata na,3
bestie netflix pe kya dekhu,3
elon musk kaun hai please,3
oye presentation kab hai,3
btw tumhe bhookh lagti hai kya ?,3
btw bhai kya haal bro,3
web series suggest karo batao,3
elon musk kaun hai ?,3
bestie linkedin pe kya daalein,3
bhai alarm laga le bhai,3
fees kab deni hai tell me,3
bestie kidhar tha bhai,3
btw koi acchi movie batao,3
tum sote ho kya bata na,3
chalo phir milte hai yaar,3
listen tumhara favourite color,3
bruh tumhari age kya hai bro,3
arre practical ka viva hai,3
arre sup bro,3
arre mars pe life hai kya na,3
ok bye bhai yaar,3
yar train ka time kya hai,3
oye kya main tumse kuch bhi pooch sakta hu bro,3
practical ka viva hai bata na,3
kya tum sach bolte ho yaar,3
btw haan bhai bol,3
suno good morning ?,3
rajma chawal op hai ?,3
yar dsa se start karein ya web dev kya,3
bestie dsa se start karein ya web dev,3
btw practical ka viva hai,3
listen tumhe bhookh lagti hai kya bro,3
bruh lunch mein kya hai bro,3
oye pubg khelta hai kya,3
listen bye bro,3
bruh best laptop for students yaar,3
bhai minecraft khelte ho kya,3
arre hello,3
taylor swift ka new album kya,3
btw kidhar tha bhai yaar,3
kya kar rahe ho ?,3
tumhe kaisa lag raha hai bro,3
suno minecraft khelte ho kya,3
kon jeeta match tell me,3
music taste kya hai tumhara batao,3
yar valorant ya csgo,3
bestie bol bhai,3
bhai momo kha le tell me,3
coding kaise seekhein please,3
time kya hua hai na,3
arijit singh best hai batao,3
internship kahan se milegi batao,3
bestie tum english mein baat karo bro,3
bestie koi book recommend karo,3
harry potter padhi hai kya kya,3
oye kya plan hai aaj na,3
bhai github important hai kya kya,3
bhai presentation kab hai na,3
yar tumhara favourite youtuber kaun hai bro,3
suno aaj kya khayein bro,3
tum kya kar sakte ho please,3
bruh olympics kab hoga yaar,3
yar chess mein kaun jeetega,3
yar olympics kab hoga,3
yar best college kaunsa hai na,3
btw what's good,3
arre best laptop for students tell me,3
bhai gym jaana hai bro,3
aaj kya karna hai yaar,3
btw koi game recommend karo ?,3
dude dosa ya idli,3
biryani khani hai kya,3
hey bro,3
placement kab hogi bata na,3
coding kaise seekhein tell me,3
dude arre bhai ?,3
listen train ka time kya hai,3
kya chal raha hai na,3
suno kaise ho please,3
bhai uber mein kitna lagega,3
bestie hi,3
bruh minecraft khelte ho kya,3
library mein seat milegi kya tell me,3
arre hello ji,3
tumhe kisne banaya please,3
bhai weekend pe kya karein na,3
yar biryani khani hai please,3
tum mujhse baat kyu kar rahe ho batao,3
bhai koi book recommend karo,3
btw kya scene hai please,3
bruh who is the president of india na,3
arre web series suggest karo tell me,3
oye rock ya hip hop ?,3
hii bhai ?,3
oye ghar pe khana ban raha hai bro,3
oye bigg boss mein kya hua,3
bruh pani pi le bhai,3
bestie music taste kya hai tumhara ?,3
ai kya hota hai yaar,3
yar class kitne baje hai na,3
suno music taste kya hai tumhara na,3
bestie aaj kya karna hai please,3
listen best laptop for students,3
bhai kya scene hai na,3
listen maggi banao yar,3
arre mera naam yaad hai tumhe na,3
lunch mein kya hai kya,3
dude squid game season 2 kab aayega ?,3
bhai canteen mein kya milega tell me,3
btw movie dekhein kya,3
avengers dekhni hai ?,3
kya scene hai bata na,3
bhai kya chal raha hai,3
bhai pani pi le bhai na,3
maggi banao yar bata na,3
btw avengers dekhni hai yaar,3
dude howdy,3
arre oye hoye bro,3
btw bye bata na,3
dude practical ka viva hai bro,3
koi acchi movie batao please,3
btw tum hindi samajhte ho bata na,3
listen hi,3
oye github important hai kya,3
bruh biryani khani hai yaar,3
bhai momo kha le bro,3
bhai tumhara favourite youtuber kaun hai batao,3
listen internship kahan se milegi,3
tumhara favourite color kya,3
arre maggi banao yar bata na,3
arre bhai bata na,3
bruh best laptop for students bata na,3
arre bitcoin ka price kya hai ?,3
tum kya kar sakte ho bata na,3
minecraft khelte ho kya ?,3
biryani khani hai batao,3
bruh tum english mein baat karo please,3
suno gta 6 kab aayegi yaar,3
india ka capital kya hai yaar,3
btw maggi banao yar kya,3
arijit singh best hai na,3
koi game khelein bata na,3
bruh bhai bhai please,3
bhai scholarship ka form bhara kya,3
upsc mushkil hai kya ?,3
mount everest kitna uncha hai bata na,3
bruh tum smart ho kya,3
bruh tumhe kaisa lag raha hai batao,3
suno aaj kya karna hai,3
yar machine learning seekhni hai batao,3
yar taylor swift ka new album yaar,3
gym jaana hai tell me,3
kya scene hai tell me,3
olympics kab hoga tell me,3
listen sup bro please,3
btw web series suggest karo please,3
bigg boss mein kya hua tell me,3
yar tumhara favourite color,3
chai pi lo kya,3
dude good evening,3
bestie web series suggest karo,3
btw good evening ?,3
listen alarm laga le bhai,3
haan bhai bol yaar,3
dude biryani khani hai ?,3
btw rajma chawal op hai ?,3
oye ghar pe khana ban raha hai please,3
btw kya tum sach bolte ho,3
listen bhai momo kha le,3
oye machine learning seekhni hai batao,3
suno koi accha restaurant batao bro,3
oye class kitne baje hai batao,3
yar class kitne baje hai,3
suno kidhar tha bhai,3
kya tum joke suna sakte ho tell me,3
dude gold ka price kya hai,3
bhai sup bro,3
ipl mein kon khel raha hai na,3
kya tum insaan ho yaar,3
bruh instagram reels addictive hai kya,3
listen squid game season 2 kab aayega,3
oye pizza ya burger yaar,3
bestie lunch mein kya hai tell me,3
dude internship kahan se milegi batao,3
bhai web series suggest karo tell me,3
oye placement kab hogi please,3
suno na tell me,3
dude mount everest kitna uncha hai tell me,3
chai pi lo tell me,3
cricket score kya hai bata na,3
bestie hii bhai,3
campus drive kab hai tell me,3
bhai flight kitne ki hai,3
listen tumhara favourite youtuber kaun hai please,3
hii bhai,3
suno best laptop for students batao,3
bestie hey,3
bestie good morning kya,3
arre bigg boss mein kya hua,3
suno bhai bhai yaar,3
btw gate ki taiyari kaise karein please,3
exam date kya hai tell me,3
kal holiday hai ?,3
bhai haan bhai bol bro,3
yar kya tum sach bolte ho,3
btw uber mein kitna lagega please,3
exam date kya hai please,3
bestie ok bye bhai na,3
harry potter padhi hai kya bro,3
machine learning seekhni hai please,3
oye chalo phir milte hai,3
arre python ya java,3
arre bol bhai,3
bestie linkedin pe kya daalein ?,3
btw tumhara favourite youtuber kaun hai tell me,3
btw koi book recommend karo bro,3
arre breakfast skip kar diya,3
suno india ki population kitni hai,3
world cup kab hai tell me,3
suno oye hoye,3
tiktok ban ho gaya yaar,3
oye ipl mein kon khel raha hai,3
suno tum kaun ho tell me,3
arre bhai tell me,3
suno linkedin pe kya daalein yaar,3
suno bitcoin ka price kya hai yaar,3
tumhe kya pasand hai bro,3
bhai petrol ka rate kya hai bro,3
bruh dosa ya idli ?,3
oye long time no see,3
tata please,3
suno new song suna kya na,3
oye good evening,3
btw wifi ka password kya hai,3
bhai time kya hua hai,3
dude which phone should i buy,3
arre music taste kya hai tumhara batao,3
yar world cup kab hai please,3
suno coffee peeni hai yaar,3
kaafi din ho gaye batao,3
btw india ka capital kya hai ?,3
bruh youtube pe kya dekhu,3
tumhara favourite youtuber kaun hai bata na,3
best podcast kaunsa hai na,3
tum kaun ho bata na,3
dude hey buddy,3
yar movie dekhein kya yaar,3
btw mars pe life hai kya,3
yar pizza ya burger kya,3
marvel ya dc kya,3
arre cgpa kaise calculate karte hai bata na,3
arre ok bye bhai batao,3
oye ai kya hota hai,3
oye new song suna kya please,3
tum kya kar sakte ho batao,3
pani pi le bhai na,3
dude tiktok ban ho gaya,3
oye upsc mushkil hai kya,3
dude chess mein kaun jeetega,3
yar chalo phir milte hai na,3
new song suna kya please,3
kya plan hai aaj na,3
btw best anime kaunsa hai kya,3
dsa se start karein ya web dev batao,3
btw hey,3
python ya java batao,3
btw ipl mein kon khel raha hai na,3
bruh chai pi lo na,3
suno tum kaun ho please,3
bhai chess mein kaun jeetega bata na,3
btw harry potter padhi hai kya ?,3
suno koi acchi movie batao batao,3
dude bhai bhai tell me,3
who is the president of india please,3
dude lunch mein kya hai bata na,3
suno aaj date kya hai,3
dude good morning ?,3
bruh upsc mushkil hai kya bro,3
bhai placement kab hogi batao,3
dude tum kya kar sakte ho tell me,3
oye koi acchi movie batao,3
listen bollywood ya hollywood na,3
btw long time no see bata na,3
bestie bollywood ya hollywood batao,3
bruh wifi ka password kya hai,3
bitcoin ka price kya hai ?,3
oye coffee peeni hai bro,3
pizza ya burger bata na,3
linkedin pe kya daalein batao,3
bestie who is the president of india,3
listen tumhe kisne banaya,3
suno instagram reels addictive hai kya,3
ai kya hota hai ?,3
kya kar rahe ho na,3
bruh gold ka price kya hai kya,3
arre weekend pe kya karein,3
arre kal holiday hai,3
bruh suno na batao,3
biryani khani hai yaar,3
listen petrol ka rate kya hai ?,3
bestie tum robot ho kya tell me,3
bestie tum kahan se ho please,3
professor kaun hai kya,3
oye elon musk kaun hai,3
suno upsc mushkil hai kya,3
bruh tumhara naam kya hai batao,3
suno kaise ho,3
alarm laga le bhai batao,3
best anime kaunsa hai batao,3
weather kaisa hai aaj tell me,3
mera naam yaad hai tumhe ?,3
yar train ka time kya hai ?,3
hello ji bata na,3
arre good evening,3
suno hey batao,3
bhai kuch meetha khana hai na,3
rock ya hip hop kya,3
btw kya kar rahe ho bata na,3
time kya hua hai batao,3
listen instagram reels addictive hai kya,3
suno subah jaldi uthna hai bro,3
bye kya,3
bestie good night bro,3
bhai weather kaisa hai aaj ?,3
oye tum kaun ho kya,3
campus drive kab hai batao,3
bruh kya scene hai batao,3
dude kon jeeta match please,3
listen assignment kab submit karna hai,3
listen oye hoye please,3
bestie kya tum joke suna sakte ho,3
hey ?,3
btw mount everest kitna uncha hai bro,3
btw kya tum mujhe jaante ho kya,3
oye stranger things kaisi hai,3
flight kitne ki hai batao,3
listen biryani khani hai na,3
oye weather kaisa hai aaj batao,3
bruh uber mein kitna lagega kya,3
suno elon musk kaun hai na,3
listen tum sote ho kya na,3
sup bro bro,3
tum robot ho kya bata na,3
dude hey na,3
btw weather kaisa hai aaj batao,3
bruh python kya hai tell me,3
tum kya kar sakte ho yaar,3
dude tum kahan se ho kya,3
listen cricket score kya hai please,3
arre valorant ya csgo na,3
bhai ipl mein kon khel raha hai,3
suno namaste,3
yar tumhara naam kya hai bata na,3
oye hey buddy,3
bestie tum kaun ho please,3
suno arijit singh best hai kya,3
dude ice cream khayein kya bata na,3
bruh best college kaunsa hai,3
bitcoin ka price kya hai bata na,3
oye tum kaun ho,3
bestie flight kitne ki hai tell me,3
btw hello bata na,3
bhai project mein kya daalu yaar,3
listen koi book recommend karo tell me,3
dude tumhe kaisa lag raha hai bata na,3
listen gym jaana hai,3
kya tum joke suna sakte ho ?,3
tumhari age kya hai bro,3
arre placement kab hogi please,3
bhai kya kar rahe ho batao,3
yar tumhe bhookh lagti hai kya please,3
bestie maggi banao yar ?,3
arre who is the president of india,3
biryani ya pulao yaar,3
pizza ya burger yaar,3
kya tum insaan ho na,3
bestie bol bhai kya,3
dude marvel ya dc na,3
tum kahan se ho batao,3
kal holiday hai batao,3
listen presentation kab hai bata na,3
btw aaj chutti hai kya,3
bollywood ya hollywood batao,3
suno bye bata na,3
arre attendance kitni chahiye bata na,3
suno exam date kya hai please,3
listen kya plan hai aaj,3
bestie youtube pe kya dekhu tell me,3
yar kal holiday hai ?,3
canteen mein kya milega batao,3
oye kal holiday hai,3
bhai chai pi lo,3
yar tumhara favourite youtuber kaun hai,3
bruh library mein seat milegi kya bro,3
bestie squid game season 2 kab aayega bro,3
bhai practical ka viva hai tell me,3
yar yo what's up na,3
bruh tumhara favourite youtuber kaun hai yaar,3
suno koi game recommend karo,3
listen haan bhai bol,3
listen kya tum insaan ho,3
hey buddy yaar,3
bruh ghar pe khana ban raha hai,3
oye india ka capital kya hai tell me,3
yar web series suggest karo kya,3
yar kon jeeta match,3
dude ai kya hota hai kya,3
btw youtube pe kya dekhu,3
bhai mars pe life hai kya,3
aaj chutti hai kya kya,3
bruh kya tum joke suna sakte ho na,3
bestie bollywood ya hollywood kya,3
listen chai pi lo na,3
btw scholarship ka form bhara kya kya,3
btw attendance kitni chahiye,3
bestie best laptop for students please,3
exam date kya hai yaar,3
bestie tiktok ban ho gaya please,3
bhai bhai ?,3
btw hey buddy kya,3
yar lunch mein kya hai na,3
bhai bitcoin ka price kya hai,3
btw tumhe kisne banaya,3
bestie chess mein kaun jeetega tell me,3
listen tumhari age kya hai na,3
listen tum robot ho kya tell me,3
suno olympics kab hoga kya,3
bruh aaj date kya hai bro,3
bestie hey buddy,3
bhai bhai momo kha le,3
yar india ki population kitni hai,3
taylor swift ka new album yaar,3
fees kab deni hai bro,3
btw cat exam ke liye kya padhein ?,3
suno music taste kya hai tumhara,3
listen kya tum insaan ho kya,3
kya main tumse kuch bhi pooch sakta hu please,3
arre movie dekhein kya,3
bruh good night yaar,3
india ka capital kya hai please,3
dude hii bhai,3
suno pani pi le bhai kya,3
bestie uber mein kitna lagega,3
bruh rajma chawal op hai kya,3
koi acchi movie batao kya,3
btw campus drive kab hai bata na,3
bruh lunch mein kya hai kya,3
bruh arre bhai,3
chalo phir milte hai bata na,3
presentation kab hai yaar,3
tum kahan se ho bata na,3
professor kaun hai tell me,3
yar tum hindi samajhte ho bro,3
bhai kaafi din ho gaye,3
kidhar tha bhai na,3
bhai exam date kya hai tell me,3
bestie presentation kab hai na,3
listen what's good bro,3
bhai machine learning seekhni hai please,3
maggi banao yar kya,3
dude oye hoye please,3
biryani ya pulao bro,3
oye world cup kab hai kya,3
bhai web series suggest karo na,3
btw squid game season 2 kab aayega,3
bruh howdy,3
coding kaise seekhein ?,3
arre fees kab deni hai kya,3
yar kya chal raha hai,3
btw kaise ho,3
bestie netflix pe kya dekhu yaar,3
practical ka viva hai na,3
listen taylor swift ka new album please,3
breakfast skip kar diya ?,3
dude koi accha restaurant batao yaar,3
yar minecraft khelte ho kya bro,3
resume kaise banayein please,3
btw kya plan hai aaj,3
ice cream khayein kya tell me,3
bruh kya chal raha hai bata na,3
koi game khelein tell me,3
btw ice cream khayein kya batao,3
listen gate ki taiyari kaise karein ?,3
listen biryani ya pulao yaar,3
bestie tumhe bhookh lagti hai kya kya,3
suno kaise ho kya,3
dude uber mein kitna lagega,3
listen avengers dekhni hai please,3
bhai koi book recommend karo tell me,3
yar scholarship ka form bhara kya please,3
bhai arre bhai,3
bruh kya scene hai tell me,3
tumhara favourite youtuber kaun hai ?,3
good night please,3
bestie best laptop for students,3
yar bigg boss mein kya hua,3
machine learning seekhni hai bro,3
bruh weather kaisa hai aaj tell me,3
arre olympics kab hoga bro,3
tumhara favourite color bro,3
listen moon pe kaun gaya tha bro,3
suno placement kab hogi bata na,3
oye tum hindi samajhte ho bata na,3
suno long time no see ?,3
oye coffee peeni hai,3
bruh haan bhai bol ?,3
gate ki taiyari kaise karein na,3
marvel ya dc na,3
subah jaldi uthna hai bro,3
bhai koi acchi movie batao kya,3
dude kidhar tha bhai ?,3
bhai marvel ya dc,3
yar practical ka viva hai,3
dude koi accha restaurant batao bata na,3
suno kya tum sach bolte ho batao,3
oye kya tum joke suna sakte ho tell me,3
coding kaise seekhein yaar,3
btw scholarship ka form bhara kya batao,3
bruh who is the president of india ?,3
btw kon jeeta match,3
bhai arijit singh best hai bata na,3
bol bhai na,3
oye kuch meetha khana hai yaar,3
bhai bhai kya,3
listen bollywood ya hollywood,3
mount everest kitna uncha hai batao,3
btw ghar pe khana ban raha hai bro,3
bestie campus drive kab hai tell me,3
dude squid game season 2 kab aayega bata na,3
oye ok bye bhai kya,3
bhai dinner ka plan kya hai,3
btw koi accha restaurant batao,3
listen tum kahan se ho,3
kya tum mujhe jaante ho bro,3
yar tumhe kaisa lag raha hai yaar,3
suno kya scene hai,3
oye minecraft khelte ho kya tell me,3
bhai biryani ya pulao batao,3
btw kya tum insaan ho na,3
yar weather kaisa hai aaj batao,3
bestie presentation kab hai,3
bruh attendance kitni chahiye,3
listen rock ya hip hop yaar,3
yar oye hoye,3
tum kya kar sakte ho tell me,3
ok bye bhai bata na,3
good evening na,3
arre haan bhai bol bro,3
bestie long time no see yaar,3
upsc mushkil hai kya na,3
yar canteen mein kya milega,3
tum kya kar sakte ho na,3
marvel ya dc ?,3
dude machine learning seekhni hai,3
bhai tumhara favourite youtuber kaun hai please,3
arre avengers dekhni hai please,3
bhai cat exam ke liye kya padhein,3
arre kya tum joke suna sakte ho,3
bestie library mein seat milegi kya,3
listen world cup kab hai,3
listen class kitne baje hai na,3
arre rajma chawal op hai yaar,3
tum smart ho kya bata na,3
good morning tell me,3
listen tum english mein baat karo,3
yar practical ka viva hai ?,3
koi accha restaurant batao kya,3
sup bro na,3
suno hey buddy batao,3
dude coffee peeni hai,3
listen cricket score kya hai yaar,3
oye ghar pe khana ban raha hai,3
btw hii bhai na,3
listen linkedin pe kya daalein na,3
placement kab hogi batao,3
bigg boss mein kya hua na,3
notes share karo bata na,3
bestie tumhe kisne banaya,3
listen dsa se start karein ya web dev tell me,3
upsc mushkil hai kya tell me,3
bruh wifi ka password kya hai ?,3
bhai kya tum sach bolte ho bata na,3
arre kya tum sach bolte ho,3
arre haan bhai bol,3
aaj date kya hai yaar,3
yo what's up tell me,3
yar best podcast kaunsa hai batao,3
bruh kaise ho bata na,3
btw hello,3
listen marvel ya dc,3
suno hii bhai yaar,3
bestie koi acchi movie batao yaar,3
yar kya main tumse kuch bhi pooch sakta hu,3
btw upsc mushkil hai kya kya,3
yar long time no see batao,3
arre tumhe kisne banaya kya,3
exam date kya hai bro,3
btw cat exam ke liye kya padhein,3
tumhara favourite youtuber kaun hai please,3
bestie hello ji kya,3
aaj date kya hai kya,3
arre flight kitne ki hai,3
bestie which phone should i buy,3
dude professor kaun hai bro,3
oye kya tum insaan ho,3
btw new song suna kya,3
meme bhej na bhai ?,3
listen yo what's up,3
bhai kya plan hai aaj,3
bestie professor kaun hai,3
mount everest kitna uncha hai na,3
bestie instagram reels addictive hai ?,3
netflix pe kya dekhu kya,3
best anime kaunsa hai yaar,3
bhai rock ya hip hop,3
yar tumhara favourite color ?,3
chalo phir milte hai ?,3
suno bhai bhai,3
oye bye batao,3
koi accha restaurant batao batao,3
bestie arre bhai,3
arre stranger things kaisi hai,3
suno haan bhai bol na,3
tum english mein baat karo yaar,3
linkedin pe kya daalein na,3
arre tumhe kisne banaya batao,3
yar hii bhai batao,3
arre bhai please,3
chai pi lo batao,3
listen koi acchi movie batao kya,3
btw tum kaun ho,3
bruh marvel ya dc tell me,3
dude dosa ya idli yaar,3
bruh tum english mein baat karo,3
bruh internship kahan se milegi bro,3
arre rock ya hip hop bro,3
bestie ghar pe khana ban raha hai ?,3
python kya hai yaar,3
bruh train ka time kya hai,3
arre resume kaise banayein,3
listen pani pi le bhai batao,3
dude coffee peeni hai bro,3
kya main tumse kuch bhi pooch sakta hu ?,3
yar tum sote ho kya na,3
bruh cricket score kya hai ?,3
arre tiktok ban ho gaya kya,3
yar python kya hai bro,3
btw ai kya hota hai ?,3
kya main tumse kuch bhi pooch sakta hu yaar,3
flight kitne ki hai tell me,3
alarm laga le bhai kya,3
btw chess mein kaun jeetega,3
arre best anime kaunsa hai,3
oye attendance kitni chahiye bro,3
dude ice cream khayein kya tell me,3
bol bhai kya,3
yar instagram reels addictive hai,3
listen tumhari age kya hai yaar,3
oye tumhe kya pasand hai na,3
kidhar tha bhai please,3
arre tum kaun ho,3
bestie kal holiday hai please,3
breakfast skip kar diya kya,3
bruh python ya java ?,3
bhai music taste kya hai tumhara yaar,3
pizza ya burger bro,3
music taste kya hai tumhara bro,3
best laptop for students bro,3
oye kuch meetha khana hai please,3
bruh sup bro batao,3
arre github important hai kya tell me,3
arre tumhara favourite youtuber kaun hai please,3
dude koi accha restaurant batao please,3
howdy batao,3
bestie mars pe life hai kya bro,3
suno arijit singh best hai ?,3
yar rock ya hip hop yaar,3
btw github important hai kya tell me,3
btw kya main tumse kuch bhi pooch sakta hu na,3
oye kya chal raha hai,3
arre koi book recommend karo,3
suno see you later bro,3
bestie ipl mein kon khel raha hai kya,3
bhai hello ji kya,3
olympics kab hoga kya,3
coding kaise seekhein bata na,3
oye tum robot ho kya bata na,3
notes share karo yaar,3
dude train ka time kya hai,3
yar biryani khani hai kya,3
oye train ka time kya hai,3
bestie taylor swift ka new album please,3
btw machine learning seekhni hai,3
suno alarm laga le bhai bro,3
bhai aur bata,3
btw movie dekhein kya batao,3
listen ipl mein kon khel raha hai na,3
tumhe kisne banaya batao,3
bhai project mein kya daalu na,3
btw kya chal raha hai kya,3
aaj chutti hai kya yaar,3
bestie python ya java,3
bruh instagram reels addictive hai na,3
bestie internship kahan se milegi,3
best laptop for students tell me,3
professor kaun hai please,3
bhai tum kahan se ho,3
oye class kitne baje hai,3
btw tumhari age kya hai,3
suno kon jeeta match,3
aaj date kya hai batao,3
yar bol bhai,3
train ka time kya hai na,3
hey buddy bro,3
arre kya tum insaan ho,3
oye assignment kab submit karna hai tell me,3
bruh aaj kya khayein,3
taylor swift ka new album tell me,3
oye marvel ya dc ?,3
dude tum mujhse baat kyu kar rahe ho bro,3
bhai weather kaisa hai aaj please,3
bhai moon pe kaun gaya tha bro,3
class kitne baje hai batao,3
yar weather kaisa hai aaj,3
bhai ok bye bhai na,3
bhai bhai kya haal,3
arre tumhara favourite youtuber kaun hai ?,3
listen koi book recommend karo bata na,3
kya tum insaan ho please,3
bhai tum english mein baat karo bata na,3
bestie uber mein kitna lagega yaar,3
koi game khelein ?,3
dude tata,3
time kya hua hai bro,3
btw namaste,3
suno presentation kab hai kya,3
oye aur bata bata na,3
aaj kya khayein bro,3
bhai time kya hua hai batao,3
arre coffee peeni hai,3
oye best podcast kaunsa hai kya,3
coding kaise seekhein bro,3
valorant ya csgo ?,3
yar biryani khani hai,3
bestie netflix pe kya dekhu na,3
dude kuch meetha khana hai batao,3
yar bigg boss mein kya hua bata na,3
dude rock ya hip hop,3
rajma chawal op hai bata na,3
arre india ki population kitni hai kya,3
suno flight kitne ki hai kya,3
dude namaste,3
yar movie dekhein kya,3
oye tiktok ban ho gaya batao,3
maggi banao yar please,3
namaste na,3
oye ipl mein kon khel raha hai bata na,3
oye internship kahan se milegi,3
tiktok ban ho gaya bro,3
suno best laptop for students,3
good night tell me,3
yar hello ji,3
bestie tum smart ho kya bata na,3
yar hi,3
oye hello,3
hi na,3
bestie ok bye bhai,3
bhai tum robot ho kya bro,3
oye bol bhai batao,3
arre hey buddy batao,3
yar harry potter padhi hai kya,3
suno aaj kya khayein tell me,3
oye tum mujhse baat kyu kar rahe ho,3
bruh good evening,3
resume kaise banayein na,3
btw tumhara favourite youtuber kaun hai batao,3
arre fees kab deni hai,3
tumhara favourite youtuber kaun hai batao,3
tum kaun ho please,3
suno breakfast skip kar diya ?,3
listen library mein seat milegi kya,3
oye howdy tell me,3
uber mein kitna lagega bro,3
suno flight kitne ki hai bata na,3
bestie tum kaun ho bata na,3
listen kya scene hai bro,3
suno which phone should i buy,3
btw linkedin pe kya daalein yaar,3
tum smart ho kya na,3
oye practical ka viva hai bata na,3
arre placement kab hogi kya,3
bruh oye hoye,3
suno aaj date kya hai bata na,3
dude scholarship ka form bhara kya,3
btw breakfast skip kar diya bro,3
bhai ice cream khayein kya bata na,3
bhai coffee peeni hai bro,3
yar rajma chawal op hai please,3
oye tum kahan se ho,3
bestie india ka capital kya hai bro,3
suno tum hindi samajhte ho bro,3
suno stranger things kaisi hai na,3
tumhari age kya hai tell me,3
dude wifi ka password kya hai,3
listen arijit singh best hai ?,3
koi book recommend karo ?,3
bruh tumhara naam kya hai na,3
bestie tumhara naam kya hai,3
suno bye,3
bruh moon pe kaun gaya tha ?,3
bhai bigg boss mein kya hua bro,3
oye professor kaun hai please,3
listen aaj date kya hai batao,3
arre python ya java kya,3
oye howdy,3
cat exam ke liye kya padhein na,3
dude tum smart ho kya,3
tiktok ban ho gaya ?,3
arre gta 6 kab aayegi,3
dude india ka capital kya hai bro,3
dude resume kaise banayein tell me,3
dude minecraft khelte ho kya ?,3
arre tum sote ho kya,3
yar best anime kaunsa hai batao,3
listen dsa se start karein ya web dev,3
bestie new song suna kya,3
dude subah jaldi uthna hai please,3
bye bro,3
bhai wifi ka password kya hai,3
listen kya plan hai aaj kya,3
ice cream khayein kya batao,3
suno kya kar rahe ho,3
hostel ka mess kab band hota hai please,3
suno tum hindi samajhte ho yaar,3
bestie kon jeeta match,3
aaj kya khayein bata na,3
btw hey yaar,3
listen presentation kab hai bro,3
good night kya,3
yar alarm laga le bhai,3
yar rajma chawal op hai batao,3
dude tum kaun ho,3
dude tum sote ho kya bata na,3
bhai elon musk kaun hai,3
listen cricket score kya hai bata na,3
yar good morning bro,3
bhai petrol ka rate kya hai,3
bruh tum kaun ho,3
suno alarm laga le bhai batao,3
dude practical ka viva hai,3
rajma chawal op hai bro,3
suno coding kaise seekhein,3
presentation kab hai ?,3
btw pani pi le bhai,3
oye resume kaise banayein na,3
yar good night tell me,3
oye good morning,3
bruh bhai project mein kya daalu yaar,3
btw kya main tumse kuch bhi pooch sakta hu,3
yar cat exam ke liye kya padhein tell me,3
arre tumhara naam kya hai,3
suno tumhara favourite color kya,3
new song suna kya batao,3
arre pubg khelta hai kya tell me,3
oye ice cream khayein kya,3
yar canteen mein kya milega bata na,3
tumhe kya pasand hai bata na,3
listen tum kya kar sakte ho please,3
tum hindi samajhte ho yaar,3
namaste tell me,3
arre bye,3
gta 6 kab aayegi batao,3
listen stranger things kaisi hai bata na,3
arre best podcast kaunsa hai,3
best college kaunsa hai tell me,3
dude tum robot ho kya yaar,3
listen canteen mein kya milega,3
biryani khani hai bro,3
namaste please,3
coffee peeni hai tell me,3
bestie tumhe kaisa lag raha hai,3
btw time kya hua hai tell me,3
tum robot ho kya na,3
bestie petrol ka rate kya hai batao,3
bye na,3
ice cream khayein kya please,3
suno subah jaldi uthna hai,3
bhai github important hai kya ?,3
yar minecraft khelte ho kya kya,3
arre who is the president of india tell me,3
bhai momo kha le kya,3
arre hey bro,3
bruh wifi ka password kya hai please,3
bhai bhai bhai,3
suno india ka capital kya hai,3
bestie aur bata,3
listen bhai project mein kya daalu,3
oye avengers dekhni hai ?,3
dude tiktok ban ho gaya yaar,3
gta 6 kab aayegi kya,3
bruh kya kar rahe ho ?,3
kya main tumse kuch bhi pooch sakta hu bata na,3
btw harry potter padhi hai kya batao,3
arre kya chal raha hai bro,3
pubg khelta hai kya na,3
arre kal holiday hai na,3
bruh dinner ka plan kya hai please,3
taylor swift ka new album ?,3
pubg khelta hai kya please,3
oye tum hindi samajhte ho,3
yar taylor swift ka new album kya,3
koi book recommend karo bro,3
yar assignment kab submit karna hai batao,3
bruh alarm laga le bhai bro,3
listen rock ya hip hop tell me,3
arre arre bhai kya,3
chess mein kaun jeetega bata na,3
suno tumhari age kya hai kya,3
oye see you later,3
alarm laga le bhai bata na,3
tum smart ho kya please,3
bhai haan bhai bol,3
pizza ya burger batao,3
suno minecraft khelte ho kya batao,3
btw hii bhai yaar,3
suno na please,3
btw koi game recommend karo na,3
btw kon jeeta match please,3
dude gate ki taiyari kaise karein batao,3
campus drive kab hai kya,3
suno notes share karo,3
listen tum smart ho kya bro,3
suno gate ki taiyari kaise karein,3
koi game khelein kya,3
notes share karo batao,3
bruh resume kaise banayein ?,3
bestie aaj date kya hai,3
oye oye hoye bata na,3
yar library mein seat milegi kya batao,3
dude resume kaise banayein,3
kon jeeta match yaar,3
dude kya plan hai aaj,3
pubg khelta hai kya yaar,3
yar tum mujhse baat kyu kar rahe ho,3
yar bye tell me,3
tum kaun ho ?,3
rajma chawal op hai kya,3
arre minecraft khelte ho kya,3
listen movie dekhein kya,3
btw bollywood ya hollywood bro,3
bruh bhai momo kha le yaar,3
elon musk kaun hai na,3
machine learning seekhni hai batao,3
suno bhai momo kha le,3
btw tum kya kar sakte ho,3
oye breakfast skip kar diya ?,3
bestie yo what's up na,3
dude kuch meetha khana hai tell me,3
arre pubg khelta hai kya,3
instagram reels addictive hai kya,3
arre tum robot ho kya bro,3
kaise ho yaar,3
bruh aaj kya khayein ?,3
ipl mein kon khel raha hai kya,3
wifi ka password kya hai please,3
arre upsc mushkil hai kya,3
aur bata yaar,3
bhai meme bhej na bhai ?,3
mount everest kitna uncha hai kya,3
btw kaise ho kya,3
dude instagram reels addictive hai,3
yar bol bhai batao,3
dude harry potter padhi hai kya yaar,3
bruh alarm laga le bhai yaar,3
koi book recommend karo yaar,3
suno hi yaar,3
bruh bye batao,3
bhai avengers dekhni hai,3
arre moon pe kaun gaya tha bata na,3
bruh cricket score kya hai kya,3
bhai kya haal bro,3
bestie yo what's up tell me,3
hey buddy kya,3
bestie mars pe life hai kya,3
bhai harry potter padhi hai kya yaar,3
listen tata,3
dude bhai bhai bro,3
bhai momo kha le please,3
suno exam date kya hai,3
yar kya tum joke suna sakte ho batao,3
oye hostel ka mess kab band hota hai bata na,3
kya plan hai aaj ?,3
btw tum kaun ho na,3
yar which phone should i buy kya,3
dude suno na please,3
arre dsa se start karein ya web dev,3
time kya hua hai bata na,3
harry potter padhi hai kya yaar,3
cgpa kaise calculate karte hai kya,3
hi ?,3
yar assignment kab submit karna hai yaar,3
oye attendance kitni chahiye tell me,3
listen tumhe bhookh lagti hai kya,3
bhai practical ka viva hai bata na,3
yar elon musk kaun hai kya,3
arre stranger things kaisi hai yaar,3
yar kya chal raha hai batao,3
suno assignment kab submit karna hai,3
bruh movie dekhein kya,3
suno biryani ya pulao bata na,3
yar koi acchi movie batao bata na,3
suno tumhe kisne banaya please,3
suno stranger things kaisi hai bro,3
btw best podcast kaunsa hai bata na,3
best podcast kaunsa hai kya,3
suno bollywood ya hollywood bata na,3
arre tum hindi samajhte ho batao,3
pubg khelta hai kya batao,3
bhai squid game season 2 kab aayega,3
gta 6 kab aayegi tell me,3
best college kaunsa hai batao,3
bestie exam date kya hai yaar,3
arre good night,3
bruh sup bro yaar,3
arre pizza ya burger kya,3
arre bhai momo kha le,3
arre tum robot ho kya batao,3
bestie upsc mushkil hai kya ?,3
suno tumhara naam kya hai kya,3
presentation kab hai please,3
bhai pizza ya burger ?,3
dude hey buddy batao,3
btw world cup kab hai bro,3
flight kitne ki hai bro,3
suno kya tum sach bolte ho na,3
bruh dsa se start karein ya web dev batao,3
scholarship ka form bhara kya na,3
bhai kya main tumse kuch bhi pooch sakta hu batao,3
bestie coffee peeni hai na,3
python kya hai bro,3
bestie dinner ka plan kya hai,3
suno tumhe kya pasand hai,3
suno suno na bata na,3
yar youtube pe kya dekhu,3
oye canteen mein kya milega batao,3
yar elon musk kaun hai,3
yar kaise ho na,3
suno hey buddy yaar,3
bestie namaste,3
dude presentation kab hai please,3
arre tum english mein baat karo batao,3
dude kya tum sach bolte ho kya,3
btw squid game season 2 kab aayega kya,3
bruh tum kya kar sakte ho,3
bestie dosa ya idli kya,3
mera naam yaad hai tumhe please,3
kya kar rahe ho yaar,3
suno what's good please,3
listen movie dekhein kya yaar,3
arre koi game khelein kya,3
suno india ki population kitni hai please,3
listen campus drive kab hai kya,3
aaj chutti hai kya ?,3
arre music taste kya hai tumhara,3
suno kal holiday hai please,3
listen kal holiday hai tell me,3
arre ghar pe khana ban raha hai kya,3
dude india ki population kitni hai tell me,3
yar sup bro ?,3
btw subah jaldi uthna hai na,3
oye linkedin pe kya daalein,3
bhai lunch mein kya hai,3
yar kya tum insaan ho bata na,3
oye tata tell me,3
instagram reels addictive hai na,3
what's good bro,3
netflix pe kya dekhu ?,3
listen coffee peeni hai batao,3
oye kya kar rahe ho bro,3
kya chal raha hai please,3
oye flight kitne ki hai,3
arre kya chal raha hai bata na,3
bruh haan bhai bol,3
tum kahan se ho please,3
bhai best anime kaunsa hai,3
tum kya kar sakte ho bro,3
koi accha restaurant batao ?,3
youtube pe kya dekhu bata na,3
arre weather kaisa hai aaj batao,3
bestie github important hai kya,3
hostel ka mess kab band hota hai kya,3
dude howdy na,3
bruh uber mein kitna lagega,3
suno assignment kab submit karna hai kya,3
arre aaj chutti hai kya,3
oye upsc mushkil hai kya bro,3
minecraft khelte ho kya yaar,3
btw best college kaunsa hai,3
bestie campus drive kab hai na,3
practical ka viva hai please,3
yar best college kaunsa hai bro,3
india ki population kitni hai ?,3
bigg boss mein kya hua kya,3
yar tum kahan se ho na,3
oye bigg boss mein kya hua please,3
bestie moon pe kaun gaya tha ?,3
arre bhai momo kha le yaar,3
bhai koi acchi movie batao tell me,3
dude subah jaldi uthna hai bata na,3
bestie web series suggest karo na,3
cricket score kya hai bro,3
oye hey,3
sup bro tell me,3
chess mein kaun jeetega ?,3
bruh hostel ka mess kab band hota hai kya,3
arre hey please,3
instagram reels addictive hai bro,3
suno coding kaise seekhein ?,3
oye aur bata ?,3
ghar pe khana ban raha hai bro,3
dude koi game khelein na,3
bruh chai pi lo,3
arre upsc mushkil hai kya batao,3
train ka time kya hai kya,3
bruh petrol ka rate kya hai bata na,3
bestie gta 6 kab aayegi,3
dude coffee peeni hai yaar,3
tumhari age kya hai kya,3
best anime kaunsa hai bro,3
yar fees kab deni hai,3
dude tumhe kaisa lag raha hai,3
arre good morning kya,3
linkedin pe kya daalein kya,3
arre campus drive kab hai bro,3
suno what's good,3
listen elon musk kaun hai,3
yar arijit singh best hai ?,3
arre kya tum sach bolte ho yaar,3
bruh flight kitne ki hai,3
kya chal raha hai yaar,3
petrol ka rate kya hai na,3
arre bhai project mein kya daalu bata na,3
avengers dekhni hai yaar,3
bestie moon pe kaun gaya tha kya,3
dude web series suggest karo yaar,3
listen koi game khelein na,3
arre tumhe kaisa lag raha hai,3
bruh world cup kab hai please,3
dude ai kya hota hai ?,3
dude pizza ya burger yaar,3
arre tum kya kar sakte ho ?,3
bestie gym jaana hai,3
bruh moon pe kaun gaya tha kya,3
biryani ya pulao tell me,3
suno dinner ka plan kya hai kya,3
aaj date kya hai bata na,3
listen koi accha restaurant batao batao,3
github important hai kya bro,3
suno koi accha restaurant batao kya,3
bestie bigg boss mein kya hua bata na,3
suno olympics kab hoga,3
tumhe bhookh lagti hai kya na,3
bhai avengers dekhni hai kya,3
arre alarm laga le bhai kya,3
kya tum sach bolte ho bro,3
yar bhai project mein kya daalu yaar,3
arre tata ?,3
oye gym jaana hai,3
listen tum hindi samajhte ho kya,3
bruh koi accha restaurant batao kya,3
arre breakfast skip kar diya kya,3
suno elon musk kaun hai,3
yar bol bhai ?,3
suno india ka capital kya hai yaar,3
python ya java na,3
suno dsa se start karein ya web dev,3
yar tumhe kisne banaya kya,3
suno see you later,3
listen hey buddy batao,3
yar chess mein kaun jeetega yaar,3
arre gate ki taiyari kaise karein tell me,3
arre scholarship ka form bhara kya bro,3
btw bye batao,3
suno ok bye bhai yaar,3
moon pe kaun gaya tha na,3
bhai pizza ya burger yaar,3
dude fees kab deni hai,3
dude kya plan hai aaj na,3
listen attendance kitni chahiye,3
weather kaisa hai aaj ?,3
bruh library mein seat milegi kya please,3
oye kya tum insaan ho kya,3
harry potter padhi hai kya ?,3
btw mount everest kitna uncha hai kya,3
oye placement kab hogi bata na,3
listen ok bye bhai tell me,3
arre kya plan hai aaj please,3
btw uber mein kitna lagega,3
gym jaana hai batao,3
long time no see tell me,3
yar bhai kya haal,3
tumhe kisne banaya bata na,3
bhai tumhara favourite youtuber kaun hai bata na,3
fees kab deni hai batao,3
dude haan bhai bol kya,3
suno weekend pe kya karein tell me,3
dude tumhe bhookh lagti hai kya kya,3
arre cgpa kaise calculate karte hai,3
btw cricket score kya hai,3
music taste kya hai tumhara ?,3
suno coding kaise seekhein batao,3
kya tum insaan ho batao,3
moon pe kaun gaya tha ?,3
bhai bhai project mein kya daalu yaar,3
btw notes share karo kya,3
what's good kya,3
btw hi,3
bhai kya haal please,3
oye movie dekhein kya na,3
listen assignment kab submit karna hai kya,3
oye bye yaar,3
bestie hii bhai batao,3
kya tum joke suna sakte ho yaar,3
oye coding kaise seekhein batao,3
arre minecraft khelte ho kya ?,3
suno hey buddy please,3
arijit singh best hai bata na,3
dude hey yaar,3
bhai ipl mein kon khel raha hai na,3
bruh tata na,3
btw placement kab hogi yaar,3
petrol ka rate kya hai kya,3
listen tum sote ho kya,3
bestie weekend pe kya karein,3
oye bhai momo kha le,3
bestie kuch meetha khana hai,3
python ya java bata na,3
oye bitcoin ka price kya hai,3
suno moon pe kaun gaya tha kya,3
suno youtube pe kya dekhu,3
dude aaj kya khayein please,3
time kya hua hai ?,3
listen avengers dekhni hai na,3
dude petrol ka rate kya hai ?,3
listen instagram reels addictive hai,3
bruh fees kab deni hai kya,3
bhai kya main tumse kuch bhi pooch sakta hu na,3
oye chess mein kaun jeetega na,3
btw python kya hai,3
bestie who is the president of india na,3
oye kya main tumse kuch bhi pooch sakta hu,3
yar hostel ka mess kab band hota hai tell me,3
oye chess mein kaun jeetega,3
bhai yo what's up,3
suno tumhara favourite youtuber kaun hai bata na,3
aur bata batao,3
listen weekend pe kya karein,3
bruh meme bhej na bhai tell me,3
squid game season 2 kab aayega yaar,3
bhai library mein seat milegi kya please,3
dude python ya java ?,3
bol bhai bata na,3
bhai stranger things kaisi hai bro,3
suno oye hoye kya,3
arre good night na,3
dude hey buddy please,3
dude pani pi le bhai batao,3
notes share karo kya,3
kaafi din ho gaye tell me,3
bruh ai kya hota hai tell me,3
bhai chai pi lo na,3
dude gate ki taiyari kaise karein ?,3
bhai bhai yaar,3
bhai professor kaun hai na,3
arijit singh best hai please,3
oye marvel ya dc please,3
suno kya kar rahe ho batao,3
tum smart ho kya bro,3
suno kal holiday hai,3
cat exam ke liye kya padhein ?,3
bestie kal holiday hai tell me,3
new song suna kya bata na,3
dude internship kahan se milegi ?,3
bhai suno na,3
chess mein kaun jeetega please,3
bruh lunch mein kya hai,3
listen tum hindi samajhte ho ?,3
arre resume kaise banayein please,3
yar marvel ya dc ?,3
bhai hii bhai,3
bestie ai kya hota hai ?,3
listen dsa se start karein ya web dev na,3
listen upsc mushkil hai kya,3
bruh aaj date kya hai yaar,3
bhai kuch meetha khana hai,3
bruh biryani ya pulao tell me,3
best college kaunsa hai yaar,3
arijit singh best hai bro,3
suno upsc mushkil hai kya na,3
yar bhai project mein kya daalu na,3
yar tumhe kya pasand hai na,3
listen bhai bhai,3
suno long time no see,3
btw movie dekhein kya yaar,3
dude gta 6 kab aayegi ?,3
yar elon musk kaun hai batao,3
which phone should i buy na,3
arre kaise ho na,3
tum hindi samajhte ho na,3
listen good night batao,3
oye see you later yaar,3
listen scholarship ka form bhara kya kya,3
bhai best college kaunsa hai yaar,3
dude what's good,3
oye hoye yaar,3
suno tum sote ho kya batao,3
arre gta 6 kab aayegi kya,3
bruh kal holiday hai tell me,3
listen dsa se start karein ya web dev bata na,3
rock ya hip hop yaar,3
suno good night,3
bruh time kya hua hai,3
arre presentation kab hai bata na,3
arre alarm laga le bhai bro,3
good morning bro,3
listen machine learning seekhni hai bata na,3
arre olympics kab hoga,3
yar professor kaun hai na,3
yar good evening,3
arre lunch mein kya hai please,3
good night ?,3
arre notes share karo na,3
listen dosa ya idli,3
yar maggi banao yar bro,3
suno biryani khani hai ?,3
bhai kaafi din ho gaye kya,3
arre tum mujhse baat kyu kar rahe ho yaar,3
bruh tumhe kisne banaya,3
dude arre bhai yaar,3
suno hi ?,3
bestie haan bhai bol bata na,3
scholarship ka form bhara kya tell me,3
listen good night please,3
bhai alarm laga le bhai please,3
mars pe life hai kya bata na,3
ok bye bhai bro,3
yar aaj date kya hai yaar,3
yar scholarship ka form bhara kya bata na,3
bhai india ka capital kya hai,3
oye resume kaise banayein tell me,3
yar ipl mein kon khel raha hai na,3
suno cat exam ke liye kya padhein,3
btw koi game khelein bata na,3
yar tum kaun ho yaar,3
btw kya tum insaan ho,3
bruh maggi banao yar ?,3
oye yo what's up kya,3
btw aur bata,3
bestie practical ka viva hai please,3
bruh pizza ya burger,3
oye chalo phir milte hai yaar,3
yar biryani ya pulao,3
bestie bhai kya haal yaar,3
listen uber mein kitna lagega ?,3
suno minecraft khelte ho kya bata na,3
arre pani pi le bhai yaar,3
bhai library mein seat milegi kya,3
btw instagram reels addictive hai na,3
bestie resume kaise banayein kya,3
python ya java yaar,3
bruh mount everest kitna uncha hai bro,3
subah jaldi uthna hai please,3
bhai koi game recommend karo,3
coffee peeni hai bata na,3
arre professor kaun hai batao,3
arre netflix pe kya dekhu tell me,3
arre weather kaisa hai aaj bata na,3
koi acchi movie batao ?,3
btw who is the president of india bro,3
assignment kab submit karna hai bata na,3
dude tumhara naam kya hai yaar,3
yar music taste kya hai tumhara,3
suno who is the president of india bro,3
listen tumhe kya pasand hai,3
bhai pubg khelta hai kya ?,3
btw kya tum sach bolte ho tell me,3
attendance kitni chahiye bro,3
btw movie dekhein kya na,3
listen chai pi lo,3
india ki population kitni hai kya,3
oye bye,3
arre koi game khelein na,3
btw minecraft khelte ho kya,3
suno bol bhai,3
dude time kya hua hai tell me,3
bhai koi acchi movie batao,3
suno gold ka price kya hai,3
bhai maggi banao yar bata na,3
bollywood ya hollywood please,3
arre good morning tell me,3
good night bro,3
bruh bhai project mein kya daalu,3
bruh aur bata kya,3
placement kab hogi kya,3
ipl mein kon khel raha hai yaar,3
btw fees kab deni hai,3
see you later batao,3
uber mein kitna lagega please,3
dude india ka capital kya hai,3
bestie kon jeeta match na,3
bhai gym jaana hai yaar,3
suno gold ka price kya hai ?,3
koi accha restaurant batao please,3
arre tumhara naam kya hai batao,3
listen oye hoye,3
bruh bollywood ya hollywood,3
kya tum mujhe jaante ho tell me,3
biryani khani hai please,3
arre instagram reels addictive hai yaar,3
suno presentation kab hai yaar,3
arre koi game khelein,3
yar kya tum mujhe jaante ho ?,3
dude tumhe bhookh lagti hai kya,3
listen tum kaun ho bro,3
bhai github important hai kya,3
bruh which phone should i buy,3
pani pi le bhai yaar,3
listen what's good ?,3
yar india ka capital kya hai,3
bruh bhai project mein kya daalu na,3
yar breakfast skip kar diya batao,3
arre valorant ya csgo,3
kya chal raha hai kya,3
listen python kya hai,3
bestie kya chal raha hai batao,3
suno attendance kitni chahiye,3
yar chalo phir milte hai batao,3
kaafi din ho gaye bro,3
bestie kuch meetha khana hai yaar,3
yar aaj chutti hai kya,3
kya scene hai batao,3
arre arijit singh best hai,3
bruh tumhe bhookh lagti hai kya ?,3
tumhe kya pasand hai please,3
best anime kaunsa hai tell me,3
suno tumhe bhookh lagti hai kya ?,3
suno exam date kya hai batao,3
bruh koi game khelein,3
arre avengers dekhni hai ?,3
oye tum kya kar sakte ho,3
arre mars pe life hai kya,3
arre bhai kya haal batao,3
presentation kab hai bro,3
listen youtube pe kya dekhu please,3
maggi banao yar batao,3
tumhe kaisa lag raha hai kya,3
what's good ?,3
bruh kya plan hai aaj kya,3
bestie linkedin pe kya daalein kya,3
dosa ya idli ?,3
moon pe kaun gaya tha batao,3
btw india ka capital kya hai na,3
arre yo what's up,3
ice cream khayein kya yaar,3
bruh chalo phir milte hai,3
listen chess mein kaun jeetega,3
howdy yaar,3
oye bhai bhai,3
bruh placement kab hogi,3
fees kab deni hai yaar,3
bruh chess mein kaun jeetega kya,3
dude koi game recommend karo,3
dude chess mein kaun jeetega bata na,3
arre uber mein kitna lagega,3
oye python ya java tell me,3
yar hii bhai please,3
btw canteen mein kya milega ?,3
btw tum sote ho kya na,3
python ya java ?,3
best laptop for students kya,3
bhai coding kaise seekhein kya,3
bhai cgpa kaise calculate karte hai,3
weather kaisa hai aaj yaar,3
bhai tumhara naam kya hai,3
resume kaise banayein ?,3
dude gold ka price kya hai kya,3
btw pani pi le bhai tell me,3
suno hey please,3
bruh tumhara favourite color na,3
yar ai kya hota hai bro,3
bhai ok bye bhai tell me,3
python kya hai na,3
arre gym jaana hai,3
world cup kab hai bro,3
bestie india ka capital kya hai,3
oye tum english mein baat karo yaar,3
suno class kitne baje hai,3
bestie aur bata bro,3
suno avengers dekhni hai tell me,3
arre taylor swift ka new album please,3
oye wifi ka password kya hai batao,3
taylor swift ka new album bro,3
oye kya kar rahe ho please,3
machine learning seekhni hai kya,3
btw which phone should i buy,3
listen best college kaunsa hai,3
listen hostel ka mess kab band hota hai bro,3
listen mars pe life hai kya ?,3
btw koi game recommend karo bro,3
kal holiday hai bro,3
oye bhai momo kha le kya,3
web series suggest karo tell me,3
arre best laptop for students ?,3
mount everest kitna uncha hai yaar,3
bestie web series suggest karo please,3
yar rock ya hip hop bro,3
listen lunch mein kya hai batao,3
oye harry potter padhi hai kya,3
yar bye bro,3
suno yo what's up,3
yar tum kahan se ho tell me,3
yar best podcast kaunsa hai yaar,3
btw placement kab hogi kya,3
bhai cat exam ke liye kya padhein bata na,3
bhai resume kaise banayein tell me,3
best podcast kaunsa hai bata na,3
bestie cgpa kaise calculate karte hai,3
listen scholarship ka form bhara kya bata na,3
btw india ki population kitni hai,3
suno professor kaun hai ?,3
listen train ka time kya hai ?,3
bhai instagram reels addictive hai na,3
yar bhai kya haal tell me,3
arre bhai bhai ?,3
machine learning seekhni hai bata na,3
btw netflix pe kya dekhu tell me,3
dude tum kya kar sakte ho ?,3
arre bhai batao,3
bruh bol bhai yaar,3
dude hey please,3
pizza ya burger tell me,3
btw internship kahan se milegi,3
listen good morning,3
yar mount everest kitna uncha hai,3
bestie weather kaisa hai aaj ?,3
btw tum sote ho kya yaar,3
listen uber mein kitna lagega please,3
bhai alarm laga le bhai na,3
bestie cgpa kaise calculate karte hai tell me,3
bestie koi game khelein please,3
listen youtube pe kya dekhu ?,3
btw marvel ya dc bata na,3
yar tum hindi samajhte ho yaar,3
train ka time kya hai yaar,3
suno linkedin pe kya daalein,3
bhai new song suna kya please,3
yar kuch meetha khana hai,3
listen elon musk kaun hai kya,3
dude mount everest kitna uncha hai yaar,3
yar aaj kya khayein yaar,3
arre koi game recommend karo,3
arre placement kab hogi,3
btw tum mujhse baat kyu kar rahe ho bro,3
yar ghar pe khana ban raha hai,3
dude kya kar rahe ho,3
dude hello ji ?,3
dude chalo phir milte hai bata na,3
bestie squid game season 2 kab aayega,3
btw mount everest kitna uncha hai yaar,3
dude notes share karo,3
bruh resume kaise banayein bata na,3
bhai oye hoye tell me,3
arre lunch mein kya hai,3
suno tumhara favourite color,3
dude aur bata,3
dude tumhara favourite youtuber kaun hai,3
suno kaafi din ho gaye kya,3
bruh best college kaunsa hai kya,3
arre kya tum insaan ho bata na,3
marvel ya dc tell me,3
bestie howdy,3
bestie campus drive kab hai batao,3
listen kon jeeta match tell me,3
bhai movie dekhein kya,3
yar aaj date kya hai,3
minecraft khelte ho kya please,3
bruh linkedin pe kya daalein bata na,3
bruh who is the president of india batao,3
kal holiday hai please,3
oye minecraft khelte ho kya kya,3
bhai tumhe kya pasand hai,3
dude hello ji bro,3
btw tum kahan se ho tell me,3
bruh bhai momo kha le,3
dude pizza ya burger please,3
btw avengers dekhni hai bata na,3
suno good night na,3
oye elon musk kaun hai ?,3
tumhe kisne banaya kya,3
btw hi yaar,3
bestie hello ji batao,3
bestie kya chal raha hai ?,3
listen dinner ka plan kya hai,3
suno netflix pe kya dekhu yaar,3
btw hey buddy ?,3
yar koi game recommend karo,3
aur bata please,3
yar tum hindi samajhte ho batao,3
hi kya,3
bruh instagram reels addictive hai,3
arre time kya hua hai yaar,3
suno movie dekhein kya kya,3
btw kya tum mujhe jaante ho,3
yar yo what's up,3
elon musk kaun hai bro,3
yar pizza ya burger batao,3
arre wifi ka password kya hai,3
listen kaafi din ho gaye,3
koi accha restaurant batao tell me,3
btw kya kar rahe ho ?,3
bhai machine learning seekhni hai ?,3
btw rock ya hip hop,3
btw coding kaise seekhein please,3
ghar pe khana ban raha hai tell me,3
suno netflix pe kya dekhu,3
arre aur bata,3
oye namaste ?,3
listen arijit singh best hai bro,3
bruh fees kab deni hai,3
time kya hua hai kya,3
dude time kya hua hai bro,3
yar best anime kaunsa hai tell me,3
alarm laga le bhai tell me,3
rock ya hip hop please,3
suno kuch meetha khana hai kya,3
arre long time no see please,3
aaj date kya hai please,3
oye howdy kya,3
pani pi le bhai ?,3
bhai bhai project mein kya daalu,3
bestie tumhara favourite youtuber kaun hai yaar,3
oye upsc mushkil hai kya tell me,3
bruh koi accha restaurant batao bro,3
machine learning seekhni hai tell me,3
yar oye hoye bata na,3
arre bhai bhai,3
yar biryani ya pulao kya,3
kya tum joke suna sakte ho kya,3
ipl mein kon khel raha hai bro,3
btw good evening,3
bhai aur bata yaar,3
bhai kya tum sach bolte ho bro,3
yar avengers dekhni hai kya,3
bruh machine learning seekhni hai batao,3
upsc mushkil hai kya bro,3
hey buddy na,3
bruh weather kaisa hai aaj,3
yar instagram reels addictive hai na,3
bruh ok bye bhai,3
dude attendance kitni chahiye ?,3
hey tell me,3
arre presentation kab hai kya,3
tumhara favourite youtuber kaun hai tell me,3
bestie time kya hua hai please,3
cgpa kaise calculate karte hai please,3
bestie good evening ?,3
listen moon pe kaun gaya tha tell me,3
valorant ya csgo na,3
long time no see yaar,3
listen minecraft khelte ho kya yaar,3
kidhar tha bhai tell me,3
bestie lunch mein kya hai,3
yar namaste bro,3
bhai tiktok ban ho gaya bata na,3
listen tum smart ho kya,3
bruh marvel ya dc,3
listen hey buddy,3
yar ai kya hota hai,3
dude taylor swift ka new album,3
bestie marvel ya dc ?,3
tum robot ho kya batao,3
bruh yo what's up tell me,3
suno library mein seat milegi kya ?,3
canteen mein kya milega yaar,3
listen tum smart ho kya yaar,3
oye petrol ka rate kya hai kya,3
scholarship ka form bhara kya bro,3
oye arre bhai,3
btw tum robot ho kya batao,3
bhai koi accha restaurant batao,3
bhai hey buddy,3
dosa ya idli bata na,3
bhai kya kar rahe ho na,3
